UID,Response ID,Time Started,Date Submitted,Status,Your birth¬†YEAR¬†(Ex. 1988),Your AVANCE site:¬†,Houston Sites,"P-C Interactions, ECLS-B_READ",...10,"P-C Interactions, ECLS-B...11",...12,"P-C Interactions, ECLS-B...13",...14,"P-C Interactions, ECLS-B...15",...16,"P-C Interactions, HOME...17",...18,"P-C Interactions, HOME...19",...20,ECLSB_ALL,Parental Stress_PSOC #1,...23,Parental Stress_PSOC #2,R...25,Parental Stress_PSOC #3,R...27,Parental Stress_PSOC #5,R...29,Parental Stress_PSOC #8,R...31,Parental Stress_PSOC #10,...33,Parental Stress_PSOC #13,...35,Parental Stress_PSOC #15,...37,Parental Stress_PSOC #16,...39,Parental Stress_PSOC #17,...41,psoc_all,"P-C Interactions, FIQ SBI1",...44,"P-C Interactions, FIQ SBI2",...46,"P-C Interactions, FIQ SBI3",...48,"P-C Interactions, FIQ SBI4",...50,fiqsb_all,"P-C Interactions, FIQ HBI1",...53,"P-C Interactions, FIQ HBI2",...55,"P-C Interactions, FIQ HBI3",...57,"P-C Interactions, FIQ HBI4",...59,"P-C Interactions, FIQ HBI5",...61,"P-C Interactions, FIQ HBI6",...63,"P-C Interactions, FIQ HBI8",...65,"P-C Interactions, FIQ HBI9",...67,"P-C Interactions, FIQ HBI10",...69,"P-C Interactions, FIQ HBI11",...71,"P-C Interactions, FIQ HBI12",...73,"P-C Interactions, FIQ HBI13",...75,FIQHB _ALL,"P-C Interactions, FIQ HSC3",...78,"P-C Interactions, FIQ HSC4",...80,"P-C Interactions, FIQ HSC5",...82,"P-C Interactions, FIQ HSC6",...84,"P-C Interactions, FIQ HSC7",...86,FIQHSC_ALL,Efficacy FES1,...89,Efficacy FES3,...91,Efficacy FES4,...93,Efficacy FES6,...95,fesfam_all,Efficacy FES7,...98,Efficacy FES9,...100,Efficacy FES10,...102,Efficacy FES11,...104,Efficacy FES14,...106,fesadv_all,Belonging SCS1,R...109,Belonging SCS2,R...111,Belonging SCS3,R...113,Belonging SCS4,R...115,Belonging SCS5,R...117,Belonging SCS6,R...119,Belonging SCS7,...121,Belonging SCS10,...123,Belonging SCS11,...125,scs_all,Kinder Readiness SPEAK1,FIVE...128,Kinder Readiness SPEAK2,FIVE...130,Kinder Readiness SPEAK3,FIVE...132,Kinder Readiness SPEAK4,...134,Kinder Readiness SPEAK5,...136,Kinder Readiness SPEAK6 - REVERSE,R...138,Kinder Readiness SPEAK7 - REVERSE,R...140,Kinder Readiness SPEAK9,...142,Kinder Readiness SPEAK10,...144,Kinder Readiness SPEAK11,...146,Kinder Readiness SPEAK12,...148,Kinder Readiness SPEAK13,...150,Kinder Readiness SPEAK13 - REVERSE,...152,Kinder Readiness SPEAK14,...154,Kinder Readiness SPEAK15,...156,SPEAK_ALL,"TANF:Of the resources listed below, which are you familiar with? (Check all that apply.)¬†","Food Stamps:Of the resources listed below, which are you familiar with? (Check all that apply.)¬†","Health Care:Of the resources listed below, which are you familiar with? (Check all that apply.)¬†","Health Clinics:Of the resources listed below, which are you familiar with? (Check all that apply.)¬†","Family Planning:Of the resources listed below, which are you familiar with? (Check all that apply.)¬†","Alcoholics Anonymous:Of the resources listed below, which are you familiar with? (Check all that apply.)¬†","Parents Anonymous:Of the resources listed below, which are you familiar with? (Check all that apply.)¬†","Police/Fire Department:Of the resources listed below, which are you familiar with? (Check all that apply.)¬†","U.S. Citizenship and Immigration Services:Of the resources listed below, which are you familiar with? (Check all that apply.)¬†","IRS- Earned Income Credit:Of the resources listed below, which are you familiar with? (Check all that apply.)¬†","Head Start/Early Head Start:Of the resources listed below, which are you familiar with? (Check all that apply.)¬†","CCMS- Child Care Management System:Of the resources listed below, which are you familiar with? (Check all that apply.)¬†","Early Childhood Intervention (ECI):Of the resources listed below, which are you familiar with? (Check all that apply.)¬†","Local Community Colleges:Of the resources listed below, which are you familiar with? (Check all that apply.)¬†","Public Library:Of the resources listed below, which are you familiar with? (Check all that apply.)¬†","Adult Literacy Programs:Of the resources listed below, which are you familiar with? (Check all that apply.)¬†","Career Readiness:Of the resources listed below, which are you familiar with? (Check all that apply.)¬†","Banks- Financial Literacy:Of the resources listed below, which are you familiar with? (Check all that apply.)¬†","Domestic Violence Shelter:Of the resources listed below, which are you familiar with? (Check all that apply.)¬†","Child Abuse Prevention:Of the resources listed below, which are you familiar with? (Check all that apply.)¬†","Youth Development Programs:Of the resources listed below, which are you familiar with? (Check all that apply.)¬†","Counseling / Therapy:Of the resources listed below, which are you familiar with? (Check all that apply.)¬†","Other - Write In:Of the resources listed below, which are you familiar with? (Check all that apply.)¬†...180","Other - Write In:Of the resources listed below, which are you familiar with? (Check all that apply.)¬†...181","TANF:Of the resources you are familiar with, which have you used? (Check all that apply.)¬†","Food Stamps:Of the resources you are familiar with, which have you used? (Check all that apply.)¬†","Health Care:Of the resources you are familiar with, which have you used? (Check all that apply.)¬†","Health Clinics:Of the resources you are familiar with, which have you used? (Check all that apply.)¬†","Family Planning:Of the resources you are familiar with, which have you used? (Check all that apply.)¬†","Alcoholics Anonymous:Of the resources you are familiar with, which have you used? (Check all that apply.)¬†","Parents Anonymous:Of the resources you are familiar with, which have you used? (Check all that apply.)¬†","Police/Fire Department:Of the resources you are familiar with, which have you used? (Check all that apply.)¬†","U.S. Citizenship and Immigration Services:Of the resources you are familiar with, which have you used? (Check all that apply.)¬†","IRS- Earned Income Credit:Of the resources you are familiar with, which have you used? (Check all that apply.)¬†","Head Start/Early Head Start:Of the resources you are familiar with, which have you used? (Check all that apply.)¬†","CCMS- Child Care Management System:Of the resources you are familiar with, which have you used? (Check all that apply.)¬†","Early Childhood Intervention (ECI):Of the resources you are familiar with, which have you used? (Check all that apply.)¬†","Local Community Colleges:Of the resources you are familiar with, which have you used? (Check all that apply.)¬†","Public Library:Of the resources you are familiar with, which have you used? (Check all that apply.)¬†","Adult Literacy Programs:Of the resources you are familiar with, which have you used? (Check all that apply.)¬†","Career Readiness:Of the resources you are familiar with, which have you used? (Check all that apply.)¬†","Banks- Financial Literacy:Of the resources you are familiar with, which have you used? (Check all that apply.)¬†","Domestic Violence Shelter:Of the resources you are familiar with, which have you used? (Check all that apply.)¬†","Child Abuse Prevention:Of the resources you are familiar with, which have you used? (Check all that apply.)¬†","Youth Development Programs:Of the resources you are familiar with, which have you used? (Check all that apply.)¬†","Counseling / Therapy:Of the resources you are familiar with, which have you used? (Check all that apply.)¬†","Other - Write In:Of the resources you are familiar with, which have you used? (Check all that apply.)¬†...204","Other - Write In:Of the resources you are familiar with, which have you used? (Check all that apply.)¬†...205",Which of the following best describes your employment status at this time?,Do you have any interest in seeking employment or further education in the future?,"ESL Classes:Since you started with¬†AVANCE, which of the following career or educational needs have been met?¬† (Check all that apply).","GED Classes:Since you started with¬†AVANCE, which of the following career or educational needs have been met?¬† (Check all that apply).","Resume Support:Since you started with¬†AVANCE, which of the following career or educational needs have been met?¬† (Check all that apply).","Interviewing Skills:Since you started with¬†AVANCE, which of the following career or educational needs have been met?¬† (Check all that apply).","Finance/Accounting:Since you started with¬†AVANCE, which of the following career or educational needs have been met?¬† (Check all that apply).","More information about my options:Since you started with¬†AVANCE, which of the following career or educational needs have been met?¬† (Check all that apply).","Computer/Tech Literacy:Since you started with¬†AVANCE, which of the following career or educational needs have been met?¬† (Check all that apply).","Other - Write In (Required):Since you started with¬†AVANCE, which of the following career or educational needs have been met?¬† (Check all that apply)....215","Other - Write In (Required):Since you started with¬†AVANCE, which of the following career or educational needs have been met?¬† (Check all that apply)....216",ESL Classes:In the future do you have any plans to pursue any of the following?¬† (Check all that apply).,Adult Basic Education:In the future do you have any plans to pursue any of the following?¬† (Check all that apply).,Interviewing Skills:In the future do you have any plans to pursue any of the following?¬† (Check all that apply).,Financial Literacy:In the future do you have any plans to pursue any of the following?¬† (Check all that apply).,Computer/Tech Literacy:In the future do you have any plans to pursue any of the following?¬† (Check all that apply).,GED:In the future do you have any plans to pursue any of the following?¬† (Check all that apply).,College/University:In the future do you have any plans to pursue any of the following?¬† (Check all that apply).,More information about my options:In the future do you have any plans to pursue any of the following?¬† (Check all that apply).,Other - Write In (Required):In the future do you have any plans to pursue any of the following?¬† (Check all that apply)....225,Other - Write In (Required):In the future do you have any plans to pursue any of the following?¬† (Check all that apply)....226,"Since you started with AVANCE,¬†have you enrolled in or completed any additional educational programs?",GED:Which of the following educational programs have you begun or completed? (Check all that apply).,Certificate:Which of the following educational programs have you begun or completed? (Check all that apply).,Associates:Which of the following educational programs have you begun or completed? (Check all that apply).,Bachelors:Which of the following educational programs have you begun or completed? (Check all that apply).,Masters:Which of the following educational programs have you begun or completed? (Check all that apply).,Other - Write In:Which of the following educational programs have you begun or completed? (Check all that apply)....233,Other - Write In:Which of the following educational programs have you begun or completed? (Check all that apply)....234,"What is your average gross MONTHLY (not yearly) family income at this time?¬† ¬†(This is an estimate of how much money you make in a month for all¬†family members in your household ex: $1,000 from¬†all adults). ¬†","Now that vaccines for COVID-19 are available to all adults, are you willing to receive the vaccine?","On a scale of 1-10 (0 = not likely, 10 = very likely), how likely would you be to recommend this program to a friend or family member?"
A1599,26,2021-05-26T19:07:02Z,2021-05-26T19:33:04Z,Complete,1991,Houston,Kruse,1 to 2 times  a week,2,3 to 6 times a week,3,Every day,4,1 to 2 times a week,2,Parents should <strong>usually</strong> spend time teaching their children,1,NA,NA,12,Strongly Agree,6,Disagree,5,Disagree,5,Somewhat Agree,3,Agree,2,Agree,5,Strongly Agree,6,Somewhat Agree,4,Strongly Disagree,1,Agree,5,42,Often,3,Always,4,Always,4,Always,4,15,Always,4,Always,4,Always,4,Always,4,Always,4,Always,4,Often,3,Always,4,Always,4,Always,4,Often,3,Always,4,46,Always,4,Always,4,Always,4,Often,3,Always,4,19,Often,4,Often,4,Always,5,Always,5,18,Sometimes,3,Always,5,Always,5,Always,5,Often,4,22,Strongly Disagree,6,Strongly Disagree,6,Strongly Disagree,6,Strongly Disagree,6,Strongly Disagree,6,Strongly Disagree,6,Strongly Agree,6,Agree,5,Slightly Agree,4,51,"As a baby, 6 to 12 months",4,"As a toddler, 1 to 3 years",3,"In preschool, 3 to 5 years",2,Strongly Agree,0,Strongly Disagree,4,Strongly Agree,4,Agree,3,Strongly Agree,0,Strongly Disagree,4,Strongly Disagree,4,Agree,1,Disagree,3,Disagree,3,Strongly Disagree,4,Agree,1,40,NA,Food Stamps,Health Care,NA,NA,NA,NA,NA,NA,NA,NA,NA,NA,NA,NA,NA,NA,NA,NA,NA,NA,NA,NA,NA,NA,Food Stamps,Health Care,NA,NA,NA,NA,NA,NA,NA,NA,NA,NA,NA,NA,NA,NA,NA,NA,NA,NA,NA,NA,NA,Unemployed (Not seeking employment),Yes,ESL Classes,NA,NA,NA,NA,NA,Computer/Tech Literacy,NA,NA,ESL Classes,NA,NA,NA,NA,GED,NA,NA,NA,NA,No,NA,NA,NA,NA,NA,NA,NA,2000,Yes,10
A3485,2,2021-05-26T11:15:07Z,2021-05-26T11:20:02Z,Partial,1993,Houston,Kruse,1 to 2 times  a week,NA,1 to 2 times a week,NA,1 to 2 times a week,NA,3 to 6 times a week,NA,Parents should <strong>always</strong> spend time teaching their children,NA,NA,NA,NA,Disagree,NA,Disagree,NA,Disagree,NA,Strongly Agree,NA,Agree,NA,Strongly Agree,NA,Strongly Agree,NA,Strongly Agree,NA,Disagree,NA,Strongly Agree,NA,NA,Sometimes,NA,Sometimes,NA,Always,NA,Sometimes,NA,NA,Always,NA,Always,NA,Always,NA,Always,NA,Always,NA,Always,NA,Sometimes,NA,Always,NA,Always,NA,Always,NA,Always,NA,Always,NA,NA,Always,NA,Sometimes,NA,Always,NA,Always,NA,Always,NA,NA,NA,NA,NA,NA,NA,NA,NA,NA,NA,NA,NA,NA,NA,NA,NA,NA,NA,NA,NA,NA,NA,NA,NA,NA,NA,NA,NA,NA,NA,NA,NA,NA,NA,NA,NA,NA,NA,NA,NA,NA,NA,NA,NA,NA,NA,NA,NA,NA,NA,NA,NA,NA,NA,NA,NA,NA,NA,NA,NA,NA,NA,NA,NA,NA,NA,NA,NA,NA,NA,NA,NA,NA,NA,NA,NA,NA,NA,NA,NA,NA,NA,NA,NA,NA,NA,NA,NA,NA,NA,NA,NA,NA,NA,NA,NA,NA,NA,NA,NA,NA,NA,NA,NA,NA,NA,NA,NA,NA,NA,NA,NA,NA,NA,NA,NA,NA,NA,NA,NA,NA,NA,NA,NA,NA,NA,NA,NA,NA,NA,NA,NA,NA,NA,NA,NA,NA,NA,NA,NA,NA,NA,NA,NA,NA,NA,NA,NA,NA,NA,NA
NA,3,2021-05-26T11:15:21Z,2021-05-26T11:15:30Z,Partial,NA,NA,NA,NA,NA,NA,NA,NA,NA,NA,NA,NA,NA,NA,NA,NA,NA,NA,NA,NA,NA,NA,NA,NA,NA,NA,NA,NA,NA,NA,NA,NA,NA,NA,NA,NA,NA,NA,NA,NA,NA,NA,NA,NA,NA,NA,NA,NA,NA,NA,NA,NA,NA,NA,NA,NA,NA,NA,NA,NA,NA,NA,NA,NA,NA,NA,NA,NA,NA,NA,NA,NA,NA,NA,NA,NA,NA,NA,NA,NA,NA,NA,NA,NA,NA,NA,NA,NA,NA,NA,NA,NA,NA,NA,NA,NA,NA,NA,NA,NA,NA,NA,NA,NA,NA,NA,NA,NA,NA,NA,NA,NA,NA,NA,NA,NA,NA,NA,NA,NA,NA,NA,NA,NA,NA,NA,NA,NA,NA,NA,NA,NA,NA,NA,NA,NA,NA,NA,NA,NA,NA,NA,NA,NA,NA,NA,NA,NA,NA,NA,NA,NA,NA,NA,NA,NA,NA,NA,NA,NA,NA,NA,NA,NA,NA,NA,NA,NA,NA,NA,NA,NA,NA,NA,NA,NA,NA,NA,NA,NA,NA,NA,NA,NA,NA,NA,NA,NA,NA,NA,NA,NA,NA,NA,NA,NA,NA,NA,NA,NA,NA,NA,NA,NA,NA,NA,NA,NA,NA,NA,NA,NA,NA,NA,NA,NA,NA,NA,NA,NA,NA,NA,NA,NA,NA,NA,NA,NA,NA,NA,NA,NA
A3493,4,2021-05-26T11:22:26Z,2021-05-26T11:25:00Z,Partial,1995,Houston,Kruse,1 to 2 times  a week,NA,3 to 6 times a week,NA,Every day,NA,3 to 6 times a week,NA,Parents should <strong>always</strong> spend time teaching their children,NA,NA,NA,NA,NA,NA,NA,NA,NA,NA,NA,NA,NA,NA,NA,NA,NA,NA,NA,NA,NA,NA,NA,NA,NA,NA,NA,NA,NA,NA,NA,NA,NA,NA,NA,NA,NA,NA,NA,NA,NA,NA,NA,NA,NA,NA,NA,NA,NA,NA,NA,NA,NA,NA,NA,NA,NA,NA,NA,NA,NA,NA,NA,NA,NA,NA,NA,NA,NA,NA,NA,NA,NA,NA,NA,NA,NA,NA,NA,NA,NA,NA,NA,NA,NA,NA,NA,NA,NA,NA,NA,NA,NA,NA,NA,NA,NA,NA,NA,NA,NA,NA,NA,NA,NA,NA,NA,NA,NA,NA,NA,NA,NA,NA,NA,NA,NA,NA,NA,NA,NA,NA,NA,NA,NA,NA,NA,NA,NA,NA,NA,NA,NA,NA,NA,NA,NA,NA,NA,NA,NA,NA,NA,NA,NA,NA,NA,NA,NA,NA,NA,NA,NA,NA,NA,NA,NA,NA,NA,NA,NA,NA,NA,NA,NA,NA,NA,NA,NA,NA,NA,NA,NA,NA,NA,NA,NA,NA,NA,NA,NA,NA,NA,NA,NA,NA,NA,NA,NA,NA,NA,NA,NA,NA,NA,NA,NA,NA,NA,NA,NA,NA,NA,NA,NA,NA,NA,NA,NA,NA,NA,NA,NA,NA,NA,NA,NA,NA,NA,NA
NA,5,2021-05-26T11:24:19Z,2021-05-26T11:25:10Z,Partial,NA,NA,NA,NA,NA,NA,NA,NA,NA,NA,NA,NA,NA,NA,NA,NA,NA,NA,NA,NA,NA,NA,NA,NA,NA,NA,NA,NA,NA,NA,NA,NA,NA,NA,NA,NA,NA,NA,NA,NA,NA,NA,NA,NA,NA,NA,NA,NA,NA,NA,NA,NA,NA,NA,NA,NA,NA,NA,NA,NA,NA,NA,NA,NA,NA,NA,NA,NA,NA,NA,NA,NA,NA,NA,NA,NA,NA,NA,NA,NA,NA,NA,NA,NA,NA,NA,NA,NA,NA,NA,NA,NA,NA,NA,NA,NA,NA,NA,NA,NA,NA,NA,NA,NA,NA,NA,NA,NA,NA,NA,NA,NA,NA,NA,NA,NA,NA,NA,NA,NA,NA,NA,NA,NA,NA,NA,NA,NA,NA,NA,NA,NA,NA,NA,NA,NA,NA,NA,NA,NA,NA,NA,NA,NA,NA,NA,NA,NA,NA,NA,NA,NA,NA,NA,NA,NA,NA,NA,NA,NA,NA,NA,NA,NA,NA,NA,NA,NA,NA,NA,NA,NA,NA,NA,NA,NA,NA,NA,NA,NA,NA,NA,NA,NA,NA,NA,NA,NA,NA,NA,NA,NA,NA,NA,NA,NA,NA,NA,NA,NA,NA,NA,NA,NA,NA,NA,NA,NA,NA,NA,NA,NA,NA,NA,NA,NA,NA,NA,NA,NA,NA,NA,NA,NA,NA,NA,NA,NA,NA,NA,NA,NA
A7591,1,2021-05-25T12:12:52Z,2021-05-25T12:31:49Z,Complete,1990,Houston,Kruse,3 to 6 times a week,3,3 to 6 times a week,3,3 to 6 times a week,3,Every day,4,Parents should <strong>always</strong> spend time teaching their children,1,NA,NA,14,Agree,5,Somewhat Disagree,4,Disagree,5,Somewhat Agree,3,Agree,2,Agree,5,Strongly Agree,6,Agree,5,Somewhat Disagree,3,Strongly Agree,6,44,N/A,0,Always,4,Always,4,Often,3,11,Always,4,Always,4,Always,4,Often,3,Always,4,Often,3,Often,3,Sometimes,2,Often,3,Always,4,Always,4,Always,4,42,N/A,0,Always,4,Always,4,Always,4,Always,4,16,Always,5,Always,5,Often,4,Always,5,19,Often,4,Often,4,Often,4,Often,4,Often,4,20,Slightly Agree,3,Slightly Agree,3,Disagree,5,Disagree,5,Strongly Disagree,6,Slightly Disagree,4,Agree,5,Agree,5,Slightly Agree,4,40,"As a baby, 6 to 12 months",4,"As an infant, 0 to 6 months",5,"As a baby, 6 to 12 months",4,Strongly Agree,0,Strongly Disagree,4,Strongly Disagree,0,Agree,3,Agree,1,Strongly Disagree,4,Strongly Disagree,4,Strongly Disagree,4,Strongly Disagree,4,Strongly Disagree,4,Strongly Disagree,4,Strongly Disagree,4,49,NA,NA,NA,NA,NA,NA,NA,NA,NA,NA,NA,NA,NA,NA,NA,NA,NA,NA,NA,NA,NA,NA,Other - Write In,Wic,NA,NA,NA,NA,NA,NA,NA,NA,NA,NA,NA,NA,NA,NA,NA,NA,NA,NA,NA,NA,NA,NA,Other - Write In,Wic chip,Enrolled in job training or educational program (not AVANCE classes),Yes,ESL Classes,NA,NA,NA,NA,NA,NA,NA,NA,ESL Classes,NA,NA,NA,NA,GED,College/University,NA,NA,NA,Yes,NA,NA,NA,NA,NA,Other - Write In,NA,2300,Yes,10
A3537,7,2021-05-26T11:31:48Z,2021-05-26T11:34:27Z,Partial,1938,Houston,Kruse,1 to 2 times  a week,NA,1 to 2 times a week,NA,Every day,NA,Every day,NA,Parents should <strong>always</strong> spend time teaching their children,NA,NA,NA,NA,NA,NA,NA,NA,NA,NA,NA,NA,NA,NA,NA,NA,NA,NA,NA,NA,NA,NA,NA,NA,NA,NA,NA,NA,NA,NA,NA,NA,NA,NA,NA,NA,NA,NA,NA,NA,NA,NA,NA,NA,NA,NA,NA,NA,NA,NA,NA,NA,NA,NA,NA,NA,NA,NA,NA,NA,NA,NA,NA,NA,NA,NA,NA,NA,NA,NA,NA,NA,NA,NA,NA,NA,NA,NA,NA,NA,NA,NA,NA,NA,NA,NA,NA,NA,NA,NA,NA,NA,NA,NA,NA,NA,NA,NA,NA,NA,NA,NA,NA,NA,NA,NA,NA,NA,NA,NA,NA,NA,NA,NA,NA,NA,NA,NA,NA,NA,NA,NA,NA,NA,NA,NA,NA,NA,NA,NA,NA,NA,NA,NA,NA,NA,NA,NA,NA,NA,NA,NA,NA,NA,NA,NA,NA,NA,NA,NA,NA,NA,NA,NA,NA,NA,NA,NA,NA,NA,NA,NA,NA,NA,NA,NA,NA,NA,NA,NA,NA,NA,NA,NA,NA,NA,NA,NA,NA,NA,NA,NA,NA,NA,NA,NA,NA,NA,NA,NA,NA,NA,NA,NA,NA,NA,NA,NA,NA,NA,NA,NA,NA,NA,NA,NA,NA,NA,NA,NA,NA,NA,NA,NA,NA,NA,NA,NA,NA,NA
A5612,44,2021-06-02T18:43:15Z,2021-06-02T18:58:43Z,Complete,1984,Houston,Kruse,Every day,4,Every day,4,Every day,4,3 to 6 times a week,3,Parents should <strong>always</strong> spend time teaching their children,1,NA,NA,16,Strongly Agree,6,Somewhat Disagree,4,Somewhat Disagree,4,Somewhat Agree,3,Agree,2,Agree,5,Agree,5,Somewhat Agree,4,Disagree,2,Strongly Agree,6,41,N/A,0,Sometimes,2,N/A,0,Sometimes,2,4,Often,3,Often,3,Sometimes,2,Sometimes,2,Sometimes,2,Rarely,1,Often,3,Often,3,Often,3,Rarely,1,Often,3,N/A,0,26,N/A,0,Rarely,1,Rarely,1,Rarely,1,Rarely,1,4,Often,4,Often,4,Often,4,Often,4,16,Sometimes,3,Sometimes,3,Sometimes,3,Often,4,Sometimes,3,16,Slightly Agree,3,Slightly Disagree,4,Slightly Agree,3,Slightly Disagree,4,Slightly Agree,3,Disagree,5,Agree,5,Agree,5,Agree,5,37,"As a baby, 6 to 12 months",4,"As a baby, 6 to 12 months",4,"As a baby, 6 to 12 months",4,Disagree,3,Disagree,3,Agree,3,Agree,3,Agree,1,Disagree,3,Disagree,3,Neutral,2,Disagree,3,Disagree,3,Disagree,3,Disagree,3,45,NA,NA,Health Care,NA,Family Planning,NA,NA,NA,NA,NA,NA,NA,NA,NA,Public Library,NA,NA,Banks- Financial Literacy,NA,NA,NA,NA,NA,NA,NA,NA,Health Care,NA,NA,NA,NA,NA,NA,NA,NA,NA,NA,NA,Public Library,NA,NA,Banks- Financial Literacy,NA,NA,NA,NA,NA,NA,Unemployed (Not seeking employment),Yes,NA,NA,NA,NA,NA,NA,NA,Other - Write In (Required),child development,NA,NA,NA,NA,NA,NA,NA,NA,Other - Write In (Required),not sure,No,NA,NA,NA,NA,NA,NA,NA,2000,Yes,9
A3485,31,2021-05-27T08:43:08Z,2021-05-27T08:54:35Z,Complete,1993,Houston,Kruse,1 to 2 times  a week,2,1 to 2 times a week,2,1 to 2 times a week,2,3 to 6 times a week,3,Parents should <strong>always</strong> spend time teaching their children,1,NA,NA,10,Agree,5,Disagree,5,Disagree,5,Agree,2,Somewhat Agree,3,Agree,5,Strongly Agree,6,Strongly Agree,6,Disagree,2,Strongly Agree,6,45,Rarely,1,Sometimes,2,Sometimes,2,Sometimes,2,7,Sometimes,2,Sometimes,2,Always,4,Always,4,Always,4,Always,4,Sometimes,2,Always,4,Always,4,Always,4,Always,4,Always,4,42,Always,4,Always,4,Always,4,Sometimes,2,Always,4,18,Always,5,Always,5,Always,5,Always,5,20,Always,5,Always,5,Always,5,Sometimes,3,Always,5,23,Disagree,5,Disagree,5,Disagree,5,Disagree,5,Disagree,5,Disagree,5,Agree,5,Disagree,2,Agree,5,42,"As an infant, 0 to 6 months",5,"As an infant, 0 to 6 months",5,"As a baby, 6 to 12 months",4,Neutral,2,Disagree,3,Disagree,1,Agree,3,Agree,1,Disagree,3,Neutral,2,Agree,1,Agree,1,Agree,1,Disagree,3,Agree,1,36,NA,Food Stamps,NA,NA,NA,NA,NA,NA,NA,NA,NA,NA,NA,NA,Public Library,NA,NA,NA,NA,NA,NA,Counseling / Therapy,NA,NA,NA,NA,NA,Health Clinics,NA,NA,NA,NA,NA,NA,Head Start/Early Head Start,NA,NA,NA,NA,NA,NA,NA,NA,NA,NA,NA,NA,NA,Unemployed (Not seeking employment),No,ESL Classes,NA,NA,NA,Finance/Accounting,NA,Computer/Tech Literacy,NA,NA,ESL Classes,NA,NA,NA,NA,NA,NA,NA,NA,NA,No,NA,NA,NA,NA,NA,NA,NA,500,Yes,10
A5878,10,2021-05-26T11:48:27Z,2021-05-26T11:51:35Z,Partial,1986,Houston,Freeman,1 to 2 times  a week,NA,3 to 6 times a week,NA,1 to 2 times a week,NA,Every day,NA,Parents should <strong>always</strong> spend time teaching their children,NA,NA,NA,NA,NA,NA,NA,NA,NA,NA,NA,NA,NA,NA,NA,NA,NA,NA,NA,NA,NA,NA,NA,NA,NA,NA,NA,NA,NA,NA,NA,NA,NA,NA,NA,NA,NA,NA,NA,NA,NA,NA,NA,NA,NA,NA,NA,NA,NA,NA,NA,NA,NA,NA,NA,NA,NA,NA,NA,NA,NA,NA,NA,NA,NA,NA,NA,NA,NA,NA,NA,NA,NA,NA,NA,NA,NA,NA,NA,NA,NA,NA,NA,NA,NA,NA,NA,NA,NA,NA,NA,NA,NA,NA,NA,NA,NA,NA,NA,NA,NA,NA,NA,NA,NA,NA,NA,NA,NA,NA,NA,NA,NA,NA,NA,NA,NA,NA,NA,NA,NA,NA,NA,NA,NA,NA,NA,NA,NA,NA,NA,NA,NA,NA,NA,NA,NA,NA,NA,NA,NA,NA,NA,NA,NA,NA,NA,NA,NA,NA,NA,NA,NA,NA,NA,NA,NA,NA,NA,NA,NA,NA,NA,NA,NA,NA,NA,NA,NA,NA,NA,NA,NA,NA,NA,NA,NA,NA,NA,NA,NA,NA,NA,NA,NA,NA,NA,NA,NA,NA,NA,NA,NA,NA,NA,NA,NA,NA,NA,NA,NA,NA,NA,NA,NA,NA,NA,NA,NA,NA,NA,NA,NA,NA,NA,NA,NA,NA,NA,NA
A5833,11,2021-05-26T11:50:39Z,2021-05-26T11:51:04Z,Partial,1989,Houston,Freeman,NA,NA,NA,NA,NA,NA,NA,NA,NA,NA,NA,NA,NA,NA,NA,NA,NA,NA,NA,NA,NA,NA,NA,NA,NA,NA,NA,NA,NA,NA,NA,NA,NA,NA,NA,NA,NA,NA,NA,NA,NA,NA,NA,NA,NA,NA,NA,NA,NA,NA,NA,NA,NA,NA,NA,NA,NA,NA,NA,NA,NA,NA,NA,NA,NA,NA,NA,NA,NA,NA,NA,NA,NA,NA,NA,NA,NA,NA,NA,NA,NA,NA,NA,NA,NA,NA,NA,NA,NA,NA,NA,NA,NA,NA,NA,NA,NA,NA,NA,NA,NA,NA,NA,NA,NA,NA,NA,NA,NA,NA,NA,NA,NA,NA,NA,NA,NA,NA,NA,NA,NA,NA,NA,NA,NA,NA,NA,NA,NA,NA,NA,NA,NA,NA,NA,NA,NA,NA,NA,NA,NA,NA,NA,NA,NA,NA,NA,NA,NA,NA,NA,NA,NA,NA,NA,NA,NA,NA,NA,NA,NA,NA,NA,NA,NA,NA,NA,NA,NA,NA,NA,NA,NA,NA,NA,NA,NA,NA,NA,NA,NA,NA,NA,NA,NA,NA,NA,NA,NA,NA,NA,NA,NA,NA,NA,NA,NA,NA,NA,NA,NA,NA,NA,NA,NA,NA,NA,NA,NA,NA,NA,NA,NA,NA,NA,NA,NA,NA,NA,NA,NA,NA,NA,NA,NA,NA,NA,NA,NA
A6794,24,2021-05-26T16:35:52Z,2021-05-26T16:47:03Z,Complete,1980,Houston,Freeman,3 to 6 times a week,3,3 to 6 times a week,3,3 to 6 times a week,3,3 to 6 times a week,3,Parents should <strong>always</strong> spend time teaching their children,1,NA,NA,13,Strongly Agree,6,Somewhat Agree,3,Disagree,5,Disagree,5,Agree,2,Somewhat Agree,4,Agree,5,Somewhat Agree,4,Strongly Disagree,1,Agree,5,40,Often,3,Often,3,Often,3,Always,4,13,Always,4,Always,4,Always,4,Always,4,Often,3,Always,4,Often,3,Always,4,Always,4,Often,3,Often,3,Often,3,43,Always,4,Always,4,Always,4,Often,3,Always,4,19,Sometimes,3,Often,4,Always,5,Always,5,17,Sometimes,3,Always,5,Sometimes,3,Always,5,Sometimes,3,19,Disagree,5,Disagree,5,Disagree,5,Disagree,5,Disagree,5,Disagree,5,Agree,5,Agree,5,Agree,5,45,"As an infant, 0 to 6 months",5,"As an infant, 0 to 6 months",5,"As an infant, 0 to 6 months",5,Disagree,3,Disagree,3,Disagree,1,Agree,3,Disagree,3,Disagree,3,Disagree,3,Disagree,3,Disagree,3,Disagree,3,Disagree,3,Disagree,3,49,NA,NA,NA,NA,NA,NA,NA,NA,NA,NA,NA,NA,NA,NA,Public Library,NA,NA,NA,NA,NA,NA,NA,NA,NA,NA,NA,NA,NA,NA,NA,NA,NA,NA,NA,NA,NA,NA,NA,Public Library,NA,NA,NA,NA,NA,NA,NA,NA,NA,Unemployed (Not seeking employment),Yes,NA,NA,NA,NA,NA,NA,NA,NA,NA,ESL Classes,NA,NA,NA,NA,GED,NA,NA,NA,NA,No,NA,NA,NA,NA,NA,NA,NA,1600,Yes,10
A3493,13,2021-05-26T13:27:09Z,2021-05-26T13:40:43Z,Complete,1995,Houston,Kruse,3 to 6 times a week,3,3 to 6 times a week,3,Every day,4,3 to 6 times a week,3,Parents should <strong>always</strong> spend time teaching their children,1,Always,5,19,Strongly Agree,6,Strongly Disagree,6,Strongly Agree,1,Strongly Disagree,6,Disagree,5,Strongly Agree,6,Strongly Agree,6,Strongly Agree,6,Disagree,2,Strongly Agree,6,50,N/A,0,Always,4,N/A,0,Often,3,7,Often,3,Often,3,Often,3,Often,3,Always,4,Rarely,1,Rarely,1,Always,4,Always,4,Always,4,Often,3,Sometimes,2,35,Always,4,Always,4,Always,4,Always,4,Often,3,19,Always,5,Often,4,Always,5,Always,5,19,Often,4,Always,5,Often,4,Always,5,Always,5,23,Strongly Disagree,6,Strongly Disagree,6,Strongly Disagree,6,Strongly Disagree,6,Strongly Disagree,6,Strongly Disagree,6,Strongly Agree,6,Agree,5,Strongly Agree,6,53,"As an infant, 0 to 6 months",5,"As an infant, 0 to 6 months",5,"As an infant, 0 to 6 months",5,Strongly Disagree,4,Strongly Disagree,4,Strongly Agree,4,Agree,3,Strongly Agree,0,Strongly Disagree,4,Strongly Disagree,4,Strongly Disagree,4,Strongly Disagree,4,Strongly Agree,0,Strongly Disagree,4,Strongly Agree,0,50,NA,NA,Health Care,NA,NA,NA,NA,NA,NA,NA,NA,NA,NA,NA,NA,NA,NA,NA,NA,NA,NA,NA,NA,NA,NA,NA,Health Care,NA,NA,NA,NA,NA,NA,NA,NA,NA,NA,NA,NA,NA,NA,NA,NA,NA,NA,NA,NA,NA,Unemployed (Not seeking employment),Yes,ESL Classes,NA,NA,NA,NA,NA,NA,NA,NA,NA,NA,NA,NA,NA,NA,College/University,NA,NA,NA,No,NA,NA,NA,NA,NA,NA,NA,3000,No,10
A6812,14,2021-05-26T13:27:38Z,2021-05-26T13:40:14Z,Partial,1989,Houston,Kruse,3 to 6 times a week,NA,1 to 2 times a week,NA,1 to 2 times a week,NA,Every day,NA,Parents should <strong>always</strong> spend time teaching their children,NA,NA,NA,NA,Agree,NA,Strongly Disagree,NA,Disagree,NA,Strongly Disagree,NA,Agree,NA,Somewhat Disagree,NA,Somewhat Disagree,NA,Disagree,NA,Strongly Disagree,NA,Agree,NA,NA,N/A,NA,N/A,NA,N/A,NA,N/A,NA,NA,Rarely,NA,Sometimes,NA,Sometimes,NA,Sometimes,NA,Sometimes,NA,Rarely,NA,Rarely,NA,Rarely,NA,Often,NA,Rarely,NA,Always,NA,N/A,NA,NA,N/A,NA,Rarely,NA,Rarely,NA,Rarely,NA,Rarely,NA,NA,Always,NA,Often,NA,Often,NA,Always,NA,NA,Always,NA,Always,NA,Sometimes,NA,Often,NA,Never,NA,NA,Strongly Disagree,NA,Strongly Disagree,NA,Disagree,NA,Disagree,NA,Strongly Disagree,NA,Disagree,NA,Agree,NA,Slightly Agree,NA,Disagree,NA,NA,"As an infant, 0 to 6 months",NA,"As an infant, 0 to 6 months",NA,"As an infant, 0 to 6 months",NA,NA,NA,NA,NA,NA,NA,NA,NA,NA,NA,NA,NA,NA,NA,NA,NA,NA,NA,NA,NA,NA,NA,NA,NA,NA,NA,NA,NA,NA,NA,NA,NA,NA,NA,NA,NA,NA,NA,NA,NA,NA,NA,NA,NA,NA,NA,NA,NA,NA,NA,NA,NA,NA,NA,NA,NA,NA,NA,NA,NA,NA,NA,NA,NA,NA,NA,NA,NA,NA,NA,NA,NA,NA,NA,NA,NA,NA,NA,NA,NA,NA,NA,NA,NA,NA,NA,NA,NA,NA,NA,NA,NA,NA,NA,NA,NA,NA,NA,NA,NA,NA,NA,NA,NA,NA
A3839,49,2021-06-03T08:39:54Z,2021-06-03T09:16:00Z,Complete,1991,Houston,Kruse,Every day,4,1 to 2 times a week,2,Every day,4,1 to 2 times a week,2,Parents should <strong>always</strong> spend time teaching their children,1,NA,NA,13,Strongly Agree,6,Disagree,5,Disagree,5,Somewhat Agree,3,Somewhat Agree,3,Strongly Agree,6,Strongly Agree,6,Strongly Agree,6,Disagree,2,Strongly Agree,6,48,N/A,0,N/A,0,N/A,0,Sometimes,2,2,Often,3,Always,4,Always,4,Always,4,Often,3,Rarely,1,Sometimes,2,Often,3,Always,4,Always,4,Always,4,N/A,0,36,N/A,0,Often,3,Often,3,Rarely,1,Often,3,10,Always,5,Always,5,Always,5,Always,5,20,Never,1,Always,5,Always,5,Always,5,Always,5,21,Strongly Disagree,6,Strongly Disagree,6,Strongly Disagree,6,Strongly Disagree,6,Strongly Disagree,6,Strongly Disagree,6,Strongly Agree,6,Strongly Agree,6,Agree,5,53,"As an infant, 0 to 6 months",5,"As an infant, 0 to 6 months",5,"As an infant, 0 to 6 months",5,Strongly Disagree,4,Strongly Disagree,4,Disagree,1,Strongly Agree,4,Neutral,2,Disagree,3,Agree,1,Agree,1,Strongly Disagree,4,Neutral,2,Strongly Disagree,4,Neutral,2,47,NA,Food Stamps,Health Care,NA,NA,NA,NA,NA,NA,NA,NA,NA,NA,NA,Public Library,Adult Literacy Programs,NA,NA,NA,NA,Youth Development Programs,NA,NA,NA,NA,Food Stamps,Health Care,NA,NA,NA,NA,NA,NA,NA,NA,NA,NA,NA,Public Library,Adult Literacy Programs,NA,NA,NA,NA,Youth Development Programs,NA,NA,NA,Part-time or seasonal job,Yes,NA,NA,NA,NA,NA,NA,NA,Other - Write In (Required),Desarrollo juvenil,ESL Classes,NA,NA,Financial Literacy,NA,NA,NA,NA,NA,NA,Yes,NA,Certificate,Associates,NA,NA,NA,NA,1500,Yes,10
A4358,9,2021-05-26T11:34:55Z,2021-05-26T11:50:16Z,Complete,1989,Houston,Freeman,Every day,4,Every day,4,Every day,4,Every day,4,Parents should <strong>always</strong> spend time teaching their children,1,NA,NA,17,Agree,5,Agree,2,Disagree,5,Agree,2,Agree,2,Agree,5,Agree,5,Agree,5,Disagree,2,Agree,5,38,Often,3,Always,4,Sometimes,2,Always,4,13,Always,4,Always,4,Always,4,Always,4,Always,4,Always,4,Always,4,Always,4,Always,4,Always,4,Always,4,Always,4,48,Always,4,Always,4,Always,4,Always,4,Always,4,20,Always,5,Always,5,Always,5,Always,5,20,Always,5,Always,5,Always,5,Always,5,Always,5,25,Disagree,5,Agree,2,Disagree,5,Agree,2,Agree,2,Disagree,5,Agree,5,Agree,5,Agree,5,36,"As a toddler, 1 to 3 years",3,"As an infant, 0 to 6 months",5,"As a baby, 6 to 12 months",4,Agree,1,Disagree,3,Agree,3,Agree,3,Disagree,3,Agree,1,Disagree,3,Disagree,3,Agree,1,Agree,1,Disagree,3,Agree,1,38,NA,Food Stamps,Health Care,NA,NA,NA,NA,NA,NA,NA,NA,NA,NA,NA,NA,NA,NA,NA,NA,NA,NA,NA,NA,NA,NA,Food Stamps,Health Care,NA,NA,NA,NA,NA,NA,NA,NA,NA,NA,NA,NA,NA,NA,NA,NA,NA,NA,NA,NA,NA,Enrolled in job training or educational program (not AVANCE classes),Yes,NA,GED Classes,NA,NA,NA,NA,NA,NA,NA,NA,Adult Basic Education,NA,NA,NA,NA,NA,NA,NA,NA,No,NA,NA,NA,NA,NA,NA,NA,1200,Yes,10
A3671,43,2021-06-02T18:42:29Z,2021-06-02T19:04:29Z,Complete,1983,Houston,Freeman,1 to 2 times  a week,2,1 to 2 times a week,2,3 to 6 times a week,3,Every day,4,Parents should <strong>always</strong> spend time teaching their children,1,Always,5,17,Disagree,2,Disagree,5,Disagree,5,Disagree,5,Agree,2,Agree,5,Somewhat Agree,4,Agree,5,Somewhat Disagree,3,Agree,5,41,N/A,0,Rarely,1,N/A,0,Sometimes,2,3,Sometimes,2,Sometimes,2,Often,3,Often,3,Sometimes,2,Always,4,Often,3,Sometimes,2,Always,4,Often,3,Always,4,Sometimes,2,34,Often,3,Sometimes,2,Sometimes,2,Often,3,Sometimes,2,12,Always,5,Always,5,Often,4,Always,5,19,Often,4,Often,4,Often,4,Often,4,Sometimes,3,19,Disagree,5,Disagree,5,Disagree,5,Disagree,5,Disagree,5,Disagree,5,Strongly Agree,6,Agree,5,Slightly Agree,4,45,"As a baby, 6 to 12 months",4,"As an infant, 0 to 6 months",5,"As a baby, 6 to 12 months",4,Neutral,2,Disagree,3,Disagree,1,Agree,3,Neutral,2,Disagree,3,Agree,1,Agree,1,Neutral,2,Disagree,3,Disagree,3,Neutral,2,39,NA,NA,Health Care,NA,NA,NA,NA,NA,NA,NA,NA,NA,NA,NA,Public Library,NA,NA,NA,NA,NA,NA,Counseling / Therapy,NA,NA,NA,NA,Health Care,Health Clinics,NA,NA,NA,NA,NA,NA,NA,NA,NA,NA,Public Library,NA,NA,NA,NA,NA,NA,Counseling / Therapy,NA,NA,Unemployed (Not seeking employment),Yes,ESL Classes,NA,NA,NA,NA,NA,Computer/Tech Literacy,NA,NA,ESL Classes,Adult Basic Education,NA,NA,Computer/Tech Literacy,NA,NA,NA,NA,NA,No,NA,NA,NA,NA,NA,NA,NA,2.3,I don't know/Unsure,10
A1156,51,2021-06-07T12:34:27Z,2021-06-07T16:54:27Z,Complete,1993,Houston,Kruse,1 to 2 times  a week,2,1 to 2 times a week,2,3 to 6 times a week,3,3 to 6 times a week,3,Parents should <strong>always</strong> spend time teaching their children,1,NA,NA,11,Agree,5,Disagree,5,Somewhat Disagree,4,Disagree,5,Somewhat Agree,3,Agree,5,Strongly Agree,6,Agree,5,Somewhat Agree,4,Strongly Agree,6,48,Rarely,1,Often,3,Often,3,Sometimes,2,9,Often,3,Often,3,Often,3,Often,3,Often,3,Often,3,Rarely,1,Always,4,Often,3,Often,3,Sometimes,2,Sometimes,2,33,Often,3,Often,3,Often,3,Often,3,Often,3,15,Often,4,Often,4,Often,4,Often,4,16,Often,4,Often,4,Always,5,Often,4,Often,4,21,Slightly Agree,3,Disagree,5,Disagree,5,Disagree,5,Slightly Agree,3,Disagree,5,Slightly Agree,4,Slightly Agree,4,Agree,5,39,"As an infant, 0 to 6 months",5,"As an infant, 0 to 6 months",5,"As an infant, 0 to 6 months",5,Disagree,3,Disagree,3,Neutral,2,Disagree,1,Disagree,3,Disagree,3,Disagree,3,Disagree,3,Strongly Disagree,4,Disagree,3,Strongly Disagree,4,Agree,1,48,NA,NA,Health Care,NA,NA,NA,NA,NA,NA,NA,Head Start/Early Head Start,NA,NA,NA,NA,NA,NA,NA,NA,NA,Youth Development Programs,Counseling / Therapy,Other - Write In,Terapias de ocupacional y speech,NA,Food Stamps,NA,NA,NA,NA,NA,NA,NA,NA,Head Start/Early Head Start,NA,Early Childhood Intervention (ECI),NA,NA,NA,NA,NA,NA,NA,Youth Development Programs,Counseling / Therapy,NA,NA,Unemployed (Not seeking employment),Yes,NA,NA,NA,NA,NA,NA,NA,Other - Write In (Required),.,NA,NA,NA,NA,NA,NA,College/University,NA,NA,NA,No,NA,NA,NA,NA,NA,NA,NA,3500,Yes,10
A6799,17,2021-05-26T13:51:37Z,2021-05-26T17:33:06Z,Complete,1981,Houston,Freeman,3 to 6 times a week,3,3 to 6 times a week,3,Every day,4,3 to 6 times a week,3,Parents should <strong>always</strong> spend time teaching their children,1,NA,NA,14,Agree,5,Somewhat Agree,3,Disagree,5,Somewhat Disagree,4,Somewhat Agree,3,Agree,5,Strongly Agree,6,Agree,5,Disagree,2,Agree,5,43,N/A,0,Always,4,Often,3,Rarely,1,8,Always,4,Often,3,Always,4,Always,4,Always,4,Often,3,Often,3,Always,4,Sometimes,2,Always,4,Often,3,Always,4,42,N/A,0,Often,3,Always,4,Often,3,Always,4,14,Always,5,Often,4,Often,4,Sometimes,3,16,Often,4,Often,4,Often,4,Always,5,Sometimes,3,20,Disagree,5,Strongly Disagree,6,Strongly Disagree,6,Strongly Disagree,6,Strongly Disagree,6,Disagree,5,Agree,5,Agree,5,Slightly Agree,4,48,"As an infant, 0 to 6 months",5,"As an infant, 0 to 6 months",5,"As an infant, 0 to 6 months",5,Disagree,3,Disagree,3,Disagree,1,Agree,3,Agree,1,Disagree,3,Neutral,2,Neutral,2,Disagree,3,Disagree,3,Strongly Disagree,4,Disagree,3,46,NA,NA,NA,Health Clinics,NA,NA,NA,NA,NA,NA,Head Start/Early Head Start,NA,Early Childhood Intervention (ECI),NA,Public Library,NA,NA,NA,NA,NA,NA,NA,NA,NA,NA,NA,NA,Health Clinics,NA,NA,NA,NA,NA,NA,Head Start/Early Head Start,NA,Early Childhood Intervention (ECI),NA,Public Library,NA,NA,NA,NA,NA,NA,NA,NA,NA,Unemployed (Not seeking employment),Yes,ESL Classes,NA,NA,NA,NA,NA,NA,NA,NA,ESL Classes,NA,Interviewing Skills,Financial Literacy,Computer/Tech Literacy,NA,NA,NA,NA,NA,Yes,NA,NA,NA,NA,NA,Other - Write In,Clases de ingl√©s,2500,I don't know/Unsure,10
A3985,21,2021-05-26T14:45:14Z,2021-05-26T14:46:50Z,Partial,1983,Houston,Kruse,1 to 2 times  a week,NA,1 to 2 times a week,NA,3 to 6 times a week,NA,Every day,NA,Parents should <strong>always</strong> spend time teaching their children,NA,NA,NA,NA,NA,NA,NA,NA,NA,NA,NA,NA,NA,NA,NA,NA,NA,NA,NA,NA,NA,NA,NA,NA,NA,NA,NA,NA,NA,NA,NA,NA,NA,NA,NA,NA,NA,NA,NA,NA,NA,NA,NA,NA,NA,NA,NA,NA,NA,NA,NA,NA,NA,NA,NA,NA,NA,NA,NA,NA,NA,NA,NA,NA,NA,NA,NA,NA,NA,NA,NA,NA,NA,NA,NA,NA,NA,NA,NA,NA,NA,NA,NA,NA,NA,NA,NA,NA,NA,NA,NA,NA,NA,NA,NA,NA,NA,NA,NA,NA,NA,NA,NA,NA,NA,NA,NA,NA,NA,NA,NA,NA,NA,NA,NA,NA,NA,NA,NA,NA,NA,NA,NA,NA,NA,NA,NA,NA,NA,NA,NA,NA,NA,NA,NA,NA,NA,NA,NA,NA,NA,NA,NA,NA,NA,NA,NA,NA,NA,NA,NA,NA,NA,NA,NA,NA,NA,NA,NA,NA,NA,NA,NA,NA,NA,NA,NA,NA,NA,NA,NA,NA,NA,NA,NA,NA,NA,NA,NA,NA,NA,NA,NA,NA,NA,NA,NA,NA,NA,NA,NA,NA,NA,NA,NA,NA,NA,NA,NA,NA,NA,NA,NA,NA,NA,NA,NA,NA,NA,NA,NA,NA,NA,NA,NA,NA,NA,NA,NA,NA
A3985,22,2021-05-26T14:53:05Z,2021-05-26T15:00:59Z,Partial,1983,Houston,Kruse,1 to 2 times  a week,NA,1 to 2 times a week,NA,1 to 2 times a week,NA,Every day,NA,Parents should <strong>always</strong> spend time teaching their children,NA,Always,NA,NA,Agree,NA,Somewhat Disagree,NA,Disagree,NA,Somewhat Agree,NA,Somewhat Agree,NA,Agree,NA,Agree,NA,Agree,NA,Somewhat Agree,NA,Agree,NA,NA,N/A,NA,Often,NA,Always,NA,Sometimes,NA,NA,Often,NA,Sometimes,NA,Often,NA,Always,NA,Always,NA,Often,NA,Sometimes,NA,Always,NA,Often,NA,Always,NA,Always,NA,Often,NA,NA,Often,NA,Often,NA,Often,NA,Always,NA,Often,NA,NA,Sometimes,NA,Sometimes,NA,Always,NA,Sometimes,NA,NA,Always,NA,Always,NA,Always,NA,Always,NA,Often,NA,NA,NA,NA,NA,NA,NA,NA,NA,NA,NA,NA,NA,NA,NA,NA,NA,NA,NA,NA,NA,NA,NA,NA,NA,NA,NA,NA,NA,NA,NA,NA,NA,NA,NA,NA,NA,NA,NA,NA,NA,NA,NA,NA,NA,NA,NA,NA,NA,NA,NA,NA,NA,NA,NA,NA,NA,NA,NA,NA,NA,NA,NA,NA,NA,NA,NA,NA,NA,NA,NA,NA,NA,NA,NA,NA,NA,NA,NA,NA,NA,NA,NA,NA,NA,NA,NA,NA,NA,NA,NA,NA,NA,NA,NA,NA,NA,NA,NA,NA,NA,NA,NA,NA,NA,NA,NA,NA,NA,NA,NA,NA,NA,NA,NA,NA,NA,NA,NA,NA,NA,NA,NA,NA,NA,NA,NA,NA,NA,NA,NA,NA
A2614,54,2021-06-09T16:29:34Z,2021-06-09T16:59:47Z,Complete,1985,Houston,Freeman,1 to 2 times  a week,2,1 to 2 times a week,2,3 to 6 times a week,3,Every day,4,Parents should <strong>always</strong> spend time teaching their children,1,NA,NA,12,Somewhat Disagree,3,Somewhat Agree,3,Disagree,5,Strongly Disagree,6,Agree,2,Agree,5,Strongly Agree,6,Somewhat Agree,4,Strongly Disagree,1,Agree,5,40,Rarely,1,Often,3,Rarely,1,Rarely,1,6,Often,3,Often,3,Always,4,Often,3,Sometimes,2,Always,4,Sometimes,2,Often,3,Always,4,Always,4,Often,3,Always,4,39,Always,4,Always,4,Always,4,Often,3,Always,4,19,Often,4,Often,4,Always,5,Often,4,17,Often,4,Always,5,Often,4,Always,5,Sometimes,3,21,Strongly Disagree,6,Strongly Disagree,6,Strongly Disagree,6,Strongly Disagree,6,Strongly Disagree,6,Strongly Disagree,6,Strongly Agree,6,Agree,5,Agree,5,52,"As a toddler, 1 to 3 years",3,"As a toddler, 1 to 3 years",3,"In preschool, 3 to 5 years",2,Neutral,2,Strongly Disagree,4,Agree,3,Agree,3,Agree,1,Neutral,2,Disagree,3,Disagree,3,Strongly Disagree,4,Disagree,3,Strongly Disagree,4,Agree,1,41,TANF,Food Stamps,Health Care,Health Clinics,Family Planning,NA,NA,NA,NA,NA,Head Start/Early Head Start,NA,Early Childhood Intervention (ECI),NA,Public Library,NA,NA,NA,NA,NA,NA,NA,Other - Write In,SSI,TANF,Food Stamps,Health Care,Health Clinics,Family Planning,NA,NA,NA,NA,NA,Head Start/Early Head Start,NA,NA,NA,Public Library,NA,NA,NA,NA,NA,NA,NA,NA,NA,Unemployed (Not seeking employment),Yes,NA,NA,NA,NA,NA,NA,NA,NA,NA,ESL Classes,NA,NA,NA,NA,NA,NA,NA,NA,NA,No,NA,NA,NA,NA,NA,NA,NA,3000,I don't know/Unsure,10
A2152,36,2021-06-02T10:58:21Z,2021-06-02T11:39:21Z,Complete,1983,Houston,Freeman,1 to 2 times  a week,2,1 to 2 times a week,2,1 to 2 times a week,2,1 to 2 times a week,2,Parents should <strong>usually</strong> spend time teaching their children,1,NA,NA,9,Strongly Agree,6,Strongly Disagree,6,Strongly Disagree,6,Strongly Disagree,6,Strongly Disagree,6,Strongly Agree,6,Strongly Agree,6,Strongly Agree,6,Strongly Disagree,1,Strongly Agree,6,55,Always,4,Always,4,Always,4,N/A,0,12,Often,3,Always,4,Always,4,Always,4,Sometimes,2,Always,4,Rarely,1,Rarely,1,Always,4,Always,4,Always,4,Always,4,39,Always,4,Always,4,Always,4,Always,4,Always,4,20,Always,5,Always,5,Always,5,Always,5,20,Always,5,Always,5,Always,5,Always,5,Always,5,25,Strongly Disagree,6,Strongly Disagree,6,Strongly Disagree,6,Strongly Agree,1,Strongly Disagree,6,Strongly Disagree,6,Strongly Agree,6,Strongly Agree,6,Strongly Agree,6,49,"As an infant, 0 to 6 months",5,"As an infant, 0 to 6 months",5,"As a baby, 6 to 12 months",4,Strongly Disagree,4,Strongly Disagree,4,Strongly Disagree,0,Strongly Agree,4,Strongly Agree,0,Strongly Disagree,4,Strongly Disagree,4,Strongly Disagree,4,Strongly Agree,0,Strongly Disagree,4,Strongly Disagree,4,Strongly Agree,0,46,NA,Food Stamps,Health Care,Health Clinics,NA,NA,NA,Police/Fire Department,U.S. Citizenship and Immigration Services,NA,NA,NA,NA,NA,Public Library,NA,NA,NA,NA,NA,NA,NA,NA,NA,NA,NA,Health Care,Health Clinics,NA,NA,NA,NA,NA,NA,NA,NA,NA,NA,NA,NA,NA,NA,NA,NA,NA,NA,NA,NA,Part-time or seasonal job,Yes,ESL Classes,GED Classes,NA,NA,NA,NA,NA,NA,NA,ESL Classes,NA,Interviewing Skills,NA,Computer/Tech Literacy,GED,NA,NA,NA,NA,No,NA,NA,NA,NA,NA,NA,NA,1000,Yes,10
A3245,25,2021-05-26T18:22:26Z,2021-05-26T19:06:14Z,Partial,1989,Houston,Freeman,Not at all,NA,1 to 2 times a week,NA,1 to 2 times a week,NA,3 to 6 times a week,NA,Parents should <strong>usually</strong> spend time teaching their children,NA,NA,NA,NA,Agree,NA,Strongly Disagree,NA,Strongly Disagree,NA,Agree,NA,Agree,NA,Agree,NA,Strongly Agree,NA,Agree,NA,Agree,NA,Strongly Agree,NA,NA,Often,NA,Often,NA,Often,NA,Often,NA,NA,Often,NA,Often,NA,Often,NA,Often,NA,Often,NA,Often,NA,Often,NA,Often,NA,Sometimes,NA,Always,NA,Often,NA,Often,NA,NA,Sometimes,NA,Often,NA,Often,NA,Often,NA,Often,NA,NA,NA,NA,NA,NA,NA,NA,NA,NA,NA,NA,NA,NA,NA,NA,NA,NA,NA,NA,NA,NA,NA,NA,NA,NA,NA,NA,NA,NA,NA,NA,NA,NA,NA,NA,NA,NA,NA,NA,NA,NA,NA,NA,NA,NA,NA,NA,NA,NA,NA,NA,NA,NA,NA,NA,NA,NA,NA,NA,NA,NA,NA,NA,NA,NA,NA,NA,NA,NA,NA,NA,NA,NA,NA,NA,NA,NA,NA,NA,NA,NA,NA,NA,NA,NA,NA,NA,NA,NA,NA,NA,NA,NA,NA,NA,NA,NA,NA,NA,NA,NA,NA,NA,NA,NA,NA,NA,NA,NA,NA,NA,NA,NA,NA,NA,NA,NA,NA,NA,NA,NA,NA,NA,NA,NA,NA,NA,NA,NA,NA,NA,NA,NA,NA,NA,NA,NA,NA,NA,NA,NA,NA,NA,NA,NA,NA,NA,NA,NA,NA,NA
A1999,40,2021-06-02T11:01:31Z,2021-06-03T18:33:28Z,Complete,1977,Houston,Kruse,3 to 6 times a week,3,3 to 6 times a week,3,3 to 6 times a week,3,3 to 6 times a week,3,Parents should <strong>always</strong> spend time teaching their children,1,NA,NA,13,Strongly Agree,6,Disagree,5,Strongly Disagree,6,Strongly Disagree,6,Strongly Agree,1,Strongly Agree,6,Agree,5,Somewhat Agree,4,Strongly Disagree,1,Somewhat Agree,4,44,N/A,0,Often,3,N/A,0,Often,3,6,Always,4,Often,3,Sometimes,2,Always,4,Always,4,Rarely,1,Often,3,Often,3,Often,3,Sometimes,2,Sometimes,2,Always,4,35,Often,3,Always,4,Always,4,Sometimes,2,Often,3,16,Always,5,Always,5,Always,5,Always,5,20,Always,5,Always,5,Always,5,Often,4,Always,5,24,Disagree,5,Strongly Disagree,6,Disagree,5,Disagree,5,Strongly Disagree,6,Disagree,5,Agree,5,Slightly Agree,4,Agree,5,46,"As an infant, 0 to 6 months",5,"As an infant, 0 to 6 months",5,"As an infant, 0 to 6 months",5,Strongly Disagree,4,Strongly Disagree,4,Strongly Disagree,0,Strongly Disagree,0,Strongly Disagree,4,Neutral,2,Disagree,3,Disagree,3,Strongly Disagree,4,Strongly Disagree,4,Strongly Disagree,4,Strongly Agree,0,47,NA,NA,Health Care,NA,NA,NA,NA,NA,NA,NA,NA,NA,NA,NA,Public Library,NA,NA,NA,NA,NA,NA,NA,NA,NA,NA,NA,NA,NA,NA,NA,NA,NA,NA,NA,NA,NA,NA,NA,Public Library,NA,NA,NA,NA,NA,NA,NA,NA,NA,Unemployed (Currently seeking employment),No,ESL Classes,NA,NA,NA,NA,NA,Computer/Tech Literacy,NA,NA,ESL Classes,NA,NA,NA,NA,NA,NA,NA,NA,NA,No,NA,NA,NA,NA,NA,NA,NA,2600,Yes,10
A5197,57,2021-06-10T22:21:03Z,2021-06-11T17:02:25Z,Complete,1983,Houston,Freeman,1 to 2 times  a week,2,1 to 2 times a week,2,Every day,4,1 to 2 times a week,2,Parents should <strong>usually</strong> spend time teaching their children,1,NA,NA,11,Somewhat Agree,4,Agree,2,Somewhat Agree,3,Disagree,5,Strongly Agree,1,Somewhat Disagree,3,Agree,5,Agree,5,Somewhat Agree,4,Somewhat Agree,4,36,N/A,0,N/A,0,N/A,0,Rarely,1,1,Rarely,1,Rarely,1,Sometimes,2,Rarely,1,Rarely,1,Sometimes,2,Sometimes,2,Rarely,1,Sometimes,2,Rarely,1,Often,3,Sometimes,2,19,Rarely,1,Rarely,1,Rarely,1,Sometimes,2,Sometimes,2,7,Often,4,Sometimes,3,Sometimes,3,Often,4,14,Sometimes,3,Often,4,Sometimes,3,Sometimes,3,Sometimes,3,16,Disagree,5,Disagree,5,Disagree,5,Disagree,5,Disagree,5,Disagree,5,Agree,5,Agree,5,Slightly Agree,4,44,"As a toddler, 1 to 3 years",3,"As a toddler, 1 to 3 years",3,"As a toddler, 1 to 3 years",3,Disagree,3,Disagree,3,Neutral,2,Neutral,2,Neutral,2,Neutral,2,Neutral,2,Neutral,2,Neutral,2,Neutral,2,Neutral,2,Neutral,2,35,TANF,Food Stamps,Health Care,Health Clinics,NA,NA,NA,NA,NA,NA,Head Start/Early Head Start,NA,Early Childhood Intervention (ECI),NA,Public Library,NA,NA,NA,NA,NA,NA,NA,NA,NA,TANF,Food Stamps,Health Care,Health Clinics,Family Planning,NA,NA,NA,NA,NA,Head Start/Early Head Start,NA,NA,NA,Public Library,NA,NA,NA,NA,NA,NA,NA,NA,NA,Full-time job,No,ESL Classes,NA,NA,NA,NA,NA,NA,NA,NA,ESL Classes,NA,NA,NA,NA,NA,NA,NA,NA,NA,No,NA,NA,NA,NA,NA,NA,NA,3000,I don't know/Unsure,8
A2614,28,2021-05-26T19:21:06Z,2021-05-26T23:03:53Z,Partial,1985,Houston,Freeman,3 to 6 times a week,NA,3 to 6 times a week,NA,Every day,NA,3 to 6 times a week,NA,Parents should <strong>always</strong> spend time teaching their children,NA,NA,NA,NA,Somewhat Agree,NA,Somewhat Agree,NA,Somewhat Disagree,NA,Strongly Disagree,NA,Somewhat Agree,NA,Agree,NA,Agree,NA,Disagree,NA,Disagree,NA,Somewhat Agree,NA,NA,Rarely,NA,Sometimes,NA,Rarely,NA,Sometimes,NA,NA,Sometimes,NA,Often,NA,Always,NA,Always,NA,Often,NA,Always,NA,Sometimes,NA,Often,NA,Often,NA,Always,NA,Always,NA,Often,NA,NA,Always,NA,Always,NA,Always,NA,Often,NA,Always,NA,NA,NA,NA,NA,NA,NA,NA,NA,NA,NA,NA,NA,NA,NA,NA,NA,NA,NA,NA,NA,NA,NA,NA,NA,NA,NA,NA,NA,NA,NA,NA,NA,NA,NA,NA,NA,NA,NA,NA,NA,NA,NA,NA,NA,NA,NA,NA,NA,NA,NA,NA,NA,NA,NA,NA,NA,NA,NA,NA,NA,NA,NA,NA,NA,NA,NA,NA,NA,NA,NA,NA,NA,NA,NA,NA,NA,NA,NA,NA,NA,NA,NA,NA,NA,NA,NA,NA,NA,NA,NA,NA,NA,NA,NA,NA,NA,NA,NA,NA,NA,NA,NA,NA,NA,NA,NA,NA,NA,NA,NA,NA,NA,NA,NA,NA,NA,NA,NA,NA,NA,NA,NA,NA,NA,NA,NA,NA,NA,NA,NA,NA,NA,NA,NA,NA,NA,NA,NA,NA,NA,NA,NA,NA,NA,NA,NA,NA,NA,NA,NA,NA
A3985,23,2021-05-26T15:03:14Z,2021-05-26T15:20:27Z,Complete,1983,Houston,Kruse,1 to 2 times  a week,2,1 to 2 times a week,2,3 to 6 times a week,3,Every day,4,Parents should <strong>always</strong> spend time teaching their children,1,NA,NA,12,Agree,5,Somewhat Agree,3,Disagree,5,Somewhat Disagree,4,Agree,2,Agree,5,Agree,5,Disagree,2,Agree,5,Agree,5,41,N/A,0,Often,3,Always,4,Sometimes,2,9,Often,3,Often,3,Always,4,Often,3,Often,3,Always,4,Sometimes,2,Always,4,Often,3,Always,4,Often,3,Always,4,40,Often,3,Often,3,Often,3,Often,3,Often,3,15,Often,4,Often,4,Often,4,Sometimes,3,15,Often,4,Often,4,Often,4,Often,4,Often,4,20,Strongly Disagree,6,Strongly Disagree,6,Strongly Disagree,6,Strongly Disagree,6,Strongly Disagree,6,Strongly Disagree,6,Agree,5,Agree,5,Agree,5,51,"As an infant, 0 to 6 months",5,"As an infant, 0 to 6 months",5,"As a toddler, 1 to 3 years",3,Disagree,3,Disagree,3,Agree,3,Agree,3,Agree,1,Disagree,3,Disagree,3,Disagree,3,Disagree,3,Disagree,3,Disagree,3,Neutral,2,46,NA,Food Stamps,Health Care,Health Clinics,NA,NA,NA,NA,U.S. Citizenship and Immigration Services,NA,Head Start/Early Head Start,NA,Early Childhood Intervention (ECI),NA,Public Library,NA,NA,NA,NA,NA,NA,Counseling / Therapy,NA,NA,NA,Food Stamps,Health Care,Health Clinics,NA,NA,NA,NA,NA,NA,Head Start/Early Head Start,NA,Early Childhood Intervention (ECI),NA,Public Library,NA,NA,NA,NA,NA,NA,NA,NA,NA,Unemployed (Currently seeking employment),Yes,ESL Classes,GED Classes,NA,NA,NA,NA,NA,NA,NA,NA,NA,NA,NA,NA,GED,College/University,NA,NA,NA,Yes,NA,NA,NA,NA,NA,Other - Write In,ESL INGL√âS CLASS,2050,I don't know/Unsure,10
A2138,8,2021-05-26T11:34:08Z,2021-05-27T07:06:59Z,Complete,1989,Houston,Kruse,3 to 6 times a week,3,Every day,4,3 to 6 times a week,3,Every day,4,Parents should <strong>always</strong> spend time teaching their children,1,NA,NA,15,Agree,5,Strongly Disagree,6,Disagree,5,Somewhat Disagree,4,Somewhat Agree,3,Somewhat Agree,4,Somewhat Agree,4,Somewhat Agree,4,Disagree,2,Strongly Agree,6,43,N/A,0,Often,3,N/A,0,Often,3,6,Often,3,Often,3,Often,3,Often,3,Always,4,Often,3,Often,3,Always,4,Always,4,Always,4,Often,3,Always,4,41,Often,3,Often,3,Often,3,Often,3,Always,4,16,Often,4,Often,4,Always,5,Sometimes,3,16,Often,4,Often,4,Often,4,Always,5,Seldom,2,19,Disagree,5,Disagree,5,Disagree,5,Slightly Agree,3,Strongly Disagree,6,Slightly Disagree,4,Agree,5,Slightly Agree,4,Agree,5,42,"As an infant, 0 to 6 months",5,"As a baby, 6 to 12 months",4,"As a baby, 6 to 12 months",4,Disagree,3,Disagree,3,Agree,3,Agree,3,Disagree,3,Disagree,3,Disagree,3,Disagree,3,Disagree,3,Disagree,3,Disagree,3,Neutral,2,48,NA,NA,NA,Health Clinics,NA,NA,NA,NA,NA,NA,Head Start/Early Head Start,NA,NA,NA,NA,NA,NA,NA,NA,NA,NA,NA,NA,NA,NA,NA,NA,Health Clinics,NA,NA,NA,NA,NA,NA,Head Start/Early Head Start,NA,NA,NA,NA,NA,NA,NA,NA,NA,NA,NA,NA,NA,Unemployed (Currently seeking employment),Yes,NA,GED Classes,NA,NA,NA,NA,NA,NA,NA,ESL Classes,NA,NA,Financial Literacy,Computer/Tech Literacy,GED,NA,NA,NA,NA,No,NA,NA,NA,NA,NA,NA,NA,2200,Yes,10
A5878,19,2021-05-26T13:58:08Z,2021-05-26T14:08:19Z,Complete,1986,Houston,Freeman,1 to 2 times  a week,2,3 to 6 times a week,3,1 to 2 times a week,2,Every day,4,Parents should <strong>always</strong> spend time teaching their children,1,NA,NA,12,Agree,5,Agree,2,Somewhat Disagree,4,Somewhat Disagree,4,Strongly Agree,1,Strongly Agree,6,Strongly Agree,6,Agree,5,Somewhat Agree,4,Strongly Agree,6,43,N/A,0,N/A,0,N/A,0,Rarely,1,1,Often,3,Sometimes,2,Often,3,Sometimes,2,Sometimes,2,Often,3,Rarely,1,Often,3,Rarely,1,Rarely,1,Sometimes,2,N/A,0,23,N/A,0,Sometimes,2,Rarely,1,Rarely,1,Sometimes,2,6,Often,4,Always,5,Often,4,Often,4,17,Sometimes,3,Sometimes,3,Never,1,Always,5,Often,4,16,Strongly Disagree,6,Strongly Disagree,6,Strongly Disagree,6,Strongly Disagree,6,Strongly Disagree,6,Slightly Agree,3,Strongly Agree,6,Agree,5,Agree,5,49,"As an infant, 0 to 6 months",5,"As a baby, 6 to 12 months",4,"As a toddler, 1 to 3 years",3,Neutral,2,Strongly Disagree,4,Strongly Agree,4,Neutral,2,Strongly Agree,0,Disagree,3,Disagree,3,Agree,1,Strongly Disagree,4,Strongly Disagree,4,Strongly Disagree,4,Strongly Agree,0,43,NA,Food Stamps,Health Care,NA,NA,NA,NA,NA,NA,NA,NA,NA,NA,NA,NA,NA,NA,NA,NA,NA,NA,NA,NA,NA,NA,Food Stamps,Health Care,NA,NA,NA,NA,NA,NA,NA,NA,NA,NA,NA,NA,NA,NA,NA,NA,NA,NA,NA,NA,NA,Unemployed (Currently seeking employment),Yes,NA,NA,NA,NA,NA,NA,NA,Other - Write In (Required),Ser mejor madre,ESL Classes,NA,NA,NA,NA,NA,NA,NA,NA,NA,No,NA,NA,NA,NA,NA,NA,NA,2000,Yes,10
A2152,32,2021-05-27T11:21:37Z,2021-05-27T11:56:17Z,Partial,1983,Houston,Freeman,1 to 2 times  a week,NA,Not at all,NA,1 to 2 times a week,NA,1 to 2 times a week,NA,Parents should <strong>always</strong> spend time teaching their children,NA,NA,NA,NA,Agree,NA,Agree,NA,Strongly Disagree,NA,Disagree,NA,Agree,NA,Agree,NA,Agree,NA,Strongly Agree,NA,Strongly Disagree,NA,Strongly Agree,NA,NA,Always,NA,Rarely,NA,Rarely,NA,N/A,NA,NA,Always,NA,Rarely,NA,Often,NA,Sometimes,NA,Sometimes,NA,Always,NA,Rarely,NA,Always,NA,Always,NA,Often,NA,Always,NA,Always,NA,NA,Rarely,NA,Rarely,NA,Rarely,NA,Sometimes,NA,Always,NA,NA,Always,NA,Always,NA,Always,NA,Always,NA,NA,Always,NA,Always,NA,Always,NA,Always,NA,Always,NA,NA,Disagree,NA,Disagree,NA,Strongly Disagree,NA,Strongly Disagree,NA,Strongly Disagree,NA,Strongly Disagree,NA,Disagree,NA,Strongly Agree,NA,Strongly Disagree,NA,NA,"As an infant, 0 to 6 months",NA,"As an infant, 0 to 6 months",NA,"As a toddler, 1 to 3 years",NA,Strongly Disagree,NA,Strongly Disagree,NA,Strongly Agree,NA,Strongly Agree,NA,Strongly Agree,NA,Strongly Disagree,NA,Strongly Disagree,NA,Strongly Disagree,NA,Strongly Disagree,NA,Strongly Disagree,NA,Strongly Disagree,NA,Strongly Agree,NA,NA,NA,NA,NA,NA,NA,NA,NA,NA,NA,NA,NA,NA,NA,NA,NA,NA,NA,NA,NA,NA,NA,NA,NA,NA,NA,NA,NA,NA,NA,NA,NA,NA,NA,NA,NA,NA,NA,NA,NA,NA,NA,NA,NA,NA,NA,NA,NA,NA,NA,NA,NA,NA,NA,NA,NA,NA,NA,NA,NA,NA,NA,NA,NA,NA,NA,NA,NA,NA,NA,NA,NA,NA,NA,NA,NA,NA,NA,NA,NA,NA
NA,33,2021-05-28T12:46:53Z,2021-05-29T13:44:58Z,Partial,NA,NA,NA,NA,NA,NA,NA,NA,NA,NA,NA,NA,NA,NA,NA,NA,NA,NA,NA,NA,NA,NA,NA,NA,NA,NA,NA,NA,NA,NA,NA,NA,NA,NA,NA,NA,NA,NA,NA,NA,NA,NA,NA,NA,NA,NA,NA,NA,NA,NA,NA,NA,NA,NA,NA,NA,NA,NA,NA,NA,NA,NA,NA,NA,NA,NA,NA,NA,NA,NA,NA,NA,NA,NA,NA,NA,NA,NA,NA,NA,NA,NA,NA,NA,NA,NA,NA,NA,NA,NA,NA,NA,NA,NA,NA,NA,NA,NA,NA,NA,NA,NA,NA,NA,NA,NA,NA,NA,NA,NA,NA,NA,NA,NA,NA,NA,NA,NA,NA,NA,NA,NA,NA,NA,NA,NA,NA,NA,NA,NA,NA,NA,NA,NA,NA,NA,NA,NA,NA,NA,NA,NA,NA,NA,NA,NA,NA,NA,NA,NA,NA,NA,NA,NA,NA,NA,NA,NA,NA,NA,NA,NA,NA,NA,NA,NA,NA,NA,NA,NA,NA,NA,NA,NA,NA,NA,NA,NA,NA,NA,NA,NA,NA,NA,NA,NA,NA,NA,NA,NA,NA,NA,NA,NA,NA,NA,NA,NA,NA,NA,NA,NA,NA,NA,NA,NA,NA,NA,NA,NA,NA,NA,NA,NA,NA,NA,NA,NA,NA,NA,NA,NA,NA,NA,NA,NA,NA,NA,NA,NA,NA,NA
A8311,37,2021-06-02T10:59:00Z,2021-06-02T11:16:32Z,Complete,1990,Houston,Kruse,3 to 6 times a week,3,1 to 2 times a week,2,1 to 2 times a week,2,1 to 2 times a week,2,Parents should <strong>always</strong> spend time teaching their children,1,NA,NA,10,Agree,5,Agree,2,Disagree,5,Somewhat Agree,3,Agree,2,Strongly Agree,6,Strongly Agree,6,Strongly Agree,6,Agree,5,Strongly Agree,6,46,N/A,0,Rarely,1,N/A,0,Rarely,1,2,Often,3,Sometimes,2,Often,3,Often,3,Often,3,Often,3,Often,3,Often,3,Often,3,Often,3,Sometimes,2,Often,3,34,Often,3,Often,3,Often,3,Sometimes,2,Rarely,1,12,Often,4,Often,4,Often,4,Often,4,16,Sometimes,3,Often,4,Often,4,Often,4,Often,4,19,Disagree,5,Disagree,5,Disagree,5,Disagree,5,Slightly Disagree,4,Disagree,5,Agree,5,Agree,5,Agree,5,44,"As an infant, 0 to 6 months",5,"As an infant, 0 to 6 months",5,"As a toddler, 1 to 3 years",3,Strongly Disagree,4,Disagree,3,Disagree,1,Strongly Agree,4,Agree,1,Disagree,3,Disagree,3,Disagree,3,Disagree,3,Disagree,3,Agree,1,Neutral,2,44,TANF,NA,Health Care,Health Clinics,Family Planning,NA,NA,NA,NA,NA,NA,NA,NA,NA,NA,NA,NA,NA,NA,NA,NA,NA,NA,NA,TANF,NA,Health Care,Health Clinics,Family Planning,NA,NA,NA,NA,NA,NA,NA,NA,NA,NA,NA,NA,NA,NA,NA,NA,NA,NA,NA,Unemployed (Not seeking employment),Yes,ESL Classes,GED Classes,NA,NA,NA,NA,NA,NA,NA,ESL Classes,Adult Basic Education,NA,Financial Literacy,NA,GED,College/University,NA,NA,NA,Yes,GED,NA,NA,NA,NA,NA,NA,1800,I don't know/Unsure,10
A9822,35,2021-06-02T10:58:32Z,2021-06-02T11:31:00Z,Partial,1988,Houston,Freeman,3 to 6 times a week,NA,3 to 6 times a week,NA,3 to 6 times a week,NA,3 to 6 times a week,NA,Parents should <strong>usually</strong> spend time teaching their children,NA,NA,NA,NA,Agree,NA,Somewhat Agree,NA,Somewhat Agree,NA,Strongly Disagree,NA,Agree,NA,Agree,NA,Agree,NA,Somewhat Agree,NA,Somewhat Disagree,NA,Agree,NA,NA,Sometimes,NA,Often,NA,Often,NA,Always,NA,NA,Always,NA,Often,NA,Always,NA,Sometimes,NA,Often,NA,Often,NA,Sometimes,NA,Always,NA,Always,NA,Always,NA,Always,NA,Always,NA,NA,Often,NA,Sometimes,NA,Often,NA,Often,NA,Sometimes,NA,NA,Sometimes,NA,Often,NA,Always,NA,Always,NA,NA,Often,NA,Often,NA,Sometimes,NA,Often,NA,Always,NA,NA,Agree,NA,Agree,NA,Strongly Disagree,NA,Slightly Agree,NA,Agree,NA,Slightly Agree,NA,Agree,NA,Agree,NA,Agree,NA,NA,"As an infant, 0 to 6 months",NA,"As an infant, 0 to 6 months",NA,"As an infant, 0 to 6 months",NA,Disagree,NA,Strongly Disagree,NA,Agree,NA,Disagree,NA,Strongly Disagree,NA,Disagree,NA,Neutral,NA,Disagree,NA,Disagree,NA,Agree,NA,Disagree,NA,Agree,NA,NA,NA,NA,NA,NA,NA,NA,NA,NA,NA,NA,NA,NA,NA,NA,NA,NA,NA,NA,NA,NA,NA,NA,NA,NA,NA,NA,NA,NA,NA,NA,NA,NA,NA,NA,NA,NA,NA,NA,NA,NA,NA,NA,NA,NA,NA,NA,NA,NA,NA,NA,NA,NA,NA,NA,NA,NA,NA,NA,NA,NA,NA,NA,NA,NA,NA,NA,NA,NA,NA,NA,NA,NA,NA,NA,NA,NA,NA,NA,NA,NA
A3245,50,2021-06-07T10:37:10Z,2021-06-07T10:54:49Z,Complete,1989,Houston,Freeman,1 to 2 times  a week,2,3 to 6 times a week,3,Every day,4,1 to 2 times a week,2,Parents should <strong>always</strong> spend time teaching their children,1,NA,NA,12,Agree,5,Somewhat Agree,3,Somewhat Agree,3,Disagree,5,Somewhat Agree,3,Strongly Disagree,1,Agree,5,Agree,5,Disagree,2,Agree,5,37,Sometimes,2,Sometimes,2,Sometimes,2,Sometimes,2,8,Often,3,Sometimes,2,Sometimes,2,Sometimes,2,Sometimes,2,Often,3,Sometimes,2,Often,3,Often,3,Often,3,Sometimes,2,Often,3,30,Sometimes,2,Sometimes,2,Often,3,Sometimes,2,Sometimes,2,11,Often,4,Often,4,Often,4,Often,4,16,Sometimes,3,Sometimes,3,Sometimes,3,Often,4,Often,4,17,Slightly Agree,3,Slightly Agree,3,Slightly Disagree,4,Slightly Disagree,4,Slightly Disagree,4,Slightly Agree,3,Agree,5,Slightly Agree,4,Slightly Agree,4,34,"As an infant, 0 to 6 months",5,"As an infant, 0 to 6 months",5,"As an infant, 0 to 6 months",5,Strongly Disagree,4,Strongly Disagree,4,Strongly Disagree,0,Agree,3,Strongly Disagree,4,Strongly Disagree,4,Strongly Disagree,4,Strongly Disagree,4,Strongly Disagree,4,Agree,1,Strongly Disagree,4,Agree,1,52,NA,NA,Health Care,NA,NA,NA,NA,NA,NA,NA,NA,NA,NA,NA,NA,NA,NA,NA,NA,NA,NA,NA,NA,NA,NA,NA,Health Care,NA,NA,NA,NA,NA,NA,NA,NA,NA,NA,NA,NA,NA,NA,NA,NA,NA,NA,NA,NA,NA,Enrolled in job training or educational program (not AVANCE classes),Yes,ESL Classes,NA,NA,NA,NA,NA,NA,NA,NA,ESL Classes,Adult Basic Education,NA,NA,NA,NA,NA,NA,NA,NA,No,NA,NA,NA,NA,NA,NA,NA,1200,Yes,10
A7132,45,2021-06-02T18:45:34Z,2021-06-02T19:22:48Z,Complete,1979,Houston,Freeman,3 to 6 times a week,3,Not at all,1,1 to 2 times a week,2,3 to 6 times a week,3,Parents should <strong>always</strong> spend time teaching their children,1,NA,NA,10,Agree,5,Disagree,5,Disagree,5,Disagree,5,Agree,2,Somewhat Agree,4,Agree,5,Somewhat Agree,4,Disagree,2,Agree,5,42,N/A,0,Sometimes,2,N/A,0,N/A,0,2,Sometimes,2,Often,3,Rarely,1,Often,3,Sometimes,2,Rarely,1,Rarely,1,Often,3,Sometimes,2,Often,3,Rarely,1,Rarely,1,23,Sometimes,2,Sometimes,2,Sometimes,2,Sometimes,2,Sometimes,2,10,Sometimes,3,Often,4,Sometimes,3,Sometimes,3,13,Never,1,Never,1,Never,1,Sometimes,3,Never,1,7,Slightly Agree,3,Disagree,5,Slightly Agree,3,Disagree,5,Disagree,5,Disagree,5,Agree,5,Agree,5,Agree,5,41,"As an infant, 0 to 6 months",5,"As an infant, 0 to 6 months",5,"As a baby, 6 to 12 months",4,Strongly Disagree,4,Strongly Disagree,4,Neutral,2,Strongly Agree,4,Agree,1,Strongly Disagree,4,Neutral,2,Neutral,2,Strongly Disagree,4,Neutral,2,Disagree,3,Neutral,2,48,NA,NA,Health Care,NA,NA,NA,NA,NA,NA,NA,NA,NA,NA,NA,NA,NA,NA,NA,NA,NA,NA,NA,NA,NA,NA,Food Stamps,Health Care,Health Clinics,NA,NA,NA,NA,NA,NA,NA,NA,NA,NA,NA,NA,NA,NA,NA,NA,NA,NA,NA,NA,Unemployed (Not seeking employment),Yes,ESL Classes,GED Classes,NA,NA,Finance/Accounting,NA,NA,NA,NA,ESL Classes,NA,NA,NA,NA,GED,NA,NA,NA,NA,No,NA,NA,NA,NA,NA,NA,NA,2000,I don't know/Unsure,10
A4353,38,2021-06-02T10:58:20Z,2021-06-02T20:26:51Z,Partial,1986,Houston,Kruse,3 to 6 times a week,NA,Every day,NA,Every day,NA,3 to 6 times a week,NA,Parents should <strong>always</strong> spend time teaching their children,NA,NA,NA,NA,Disagree,NA,Somewhat Agree,NA,Disagree,NA,Agree,NA,Strongly Agree,NA,Agree,NA,Strongly Agree,NA,Agree,NA,Somewhat Agree,NA,Strongly Agree,NA,NA,NA,NA,NA,NA,NA,NA,NA,NA,NA,NA,NA,NA,NA,NA,NA,NA,NA,NA,NA,NA,NA,NA,NA,NA,NA,NA,NA,NA,NA,NA,NA,NA,NA,NA,NA,NA,NA,NA,NA,NA,NA,NA,NA,NA,NA,NA,NA,NA,NA,NA,NA,NA,NA,NA,NA,NA,NA,NA,NA,NA,NA,NA,NA,NA,NA,NA,NA,NA,NA,NA,NA,NA,NA,NA,NA,NA,NA,NA,NA,NA,NA,NA,NA,NA,NA,NA,NA,NA,NA,NA,NA,NA,NA,NA,NA,NA,NA,NA,NA,NA,NA,NA,NA,NA,NA,NA,NA,NA,NA,NA,NA,NA,NA,NA,NA,NA,NA,NA,NA,NA,NA,NA,NA,NA,NA,NA,NA,NA,NA,NA,NA,NA,NA,NA,NA,NA,NA,NA,NA,NA,NA,NA,NA,NA,NA,NA,NA,NA,NA,NA,NA,NA,NA,NA,NA,NA,NA,NA,NA,NA,NA,NA,NA,NA,NA,NA,NA,NA,NA,NA,NA,NA,NA,NA,NA,NA,NA,NA,NA,NA,NA,NA,NA,NA,NA,NA,NA,NA,NA,NA,NA,NA,NA,NA,NA
A4492,12,2021-05-26T11:51:23Z,2021-05-27T15:17:03Z,Complete,1978,Houston,Freeman,3 to 6 times a week,3,Not at all,1,3 to 6 times a week,3,1 to 2 times a week,2,Parents should <strong>always</strong> spend time teaching their children,1,NA,NA,10,Agree,5,Disagree,5,Disagree,5,Disagree,5,Disagree,5,Agree,5,Strongly Agree,6,Somewhat Agree,4,Strongly Agree,6,Somewhat Agree,4,50,N/A,0,N/A,0,N/A,0,N/A,0,0,Sometimes,2,Often,3,Sometimes,2,Always,4,Sometimes,2,Sometimes,2,Rarely,1,Always,4,Sometimes,2,Always,4,Always,4,N/A,0,30,Sometimes,2,Sometimes,2,Often,3,Sometimes,2,Rarely,1,10,Always,5,Often,4,Sometimes,3,Sometimes,3,15,Never,1,Often,4,Never,1,Always,5,Sometimes,3,14,Disagree,5,Disagree,5,Disagree,5,Disagree,5,Slightly Agree,3,Disagree,5,Agree,5,Strongly Disagree,1,Disagree,2,36,"As an infant, 0 to 6 months",5,"As an infant, 0 to 6 months",5,"As an infant, 0 to 6 months",5,Disagree,3,Disagree,3,Disagree,1,Agree,3,Disagree,3,Disagree,3,Disagree,3,Disagree,3,Disagree,3,Disagree,3,Disagree,3,Disagree,3,49,NA,NA,Health Care,Health Clinics,NA,NA,NA,NA,NA,NA,NA,NA,NA,NA,Public Library,NA,NA,Banks- Financial Literacy,NA,NA,NA,NA,NA,NA,NA,NA,Health Care,NA,NA,NA,NA,NA,NA,NA,NA,NA,NA,NA,Public Library,NA,NA,NA,NA,NA,NA,NA,NA,NA,Full-time job,No,ESL Classes,NA,NA,NA,NA,NA,Computer/Tech Literacy,NA,NA,NA,NA,NA,NA,NA,NA,NA,NA,NA,NA,No,NA,NA,NA,NA,NA,NA,NA,4000,No,10
A3816,18,2021-05-26T13:56:27Z,2021-05-26T14:29:03Z,Complete,1988,Houston,Freeman,3 to 6 times a week,3,3 to 6 times a week,3,3 to 6 times a week,3,3 to 6 times a week,3,Parents should <strong>always</strong> spend time teaching their children,1,NA,NA,13,Agree,5,Disagree,5,Strongly Disagree,6,Disagree,5,Disagree,5,Agree,5,Agree,5,Strongly Agree,6,Strongly Disagree,1,Agree,5,48,Rarely,1,Sometimes,2,Rarely,1,N/A,0,4,Often,3,Often,3,Sometimes,2,Often,3,Sometimes,2,Sometimes,2,Sometimes,2,Sometimes,2,Sometimes,2,Often,3,Sometimes,2,Rarely,1,27,Sometimes,2,Sometimes,2,Sometimes,2,Sometimes,2,Sometimes,2,10,Often,4,Often,4,Often,4,Often,4,16,Often,4,Sometimes,3,Seldom,2,Often,4,Sometimes,3,16,Disagree,5,Slightly Agree,3,Disagree,5,Disagree,5,Disagree,5,Disagree,5,Disagree,2,Slightly Agree,4,Slightly Agree,4,38,"As an infant, 0 to 6 months",5,"As an infant, 0 to 6 months",5,"As an infant, 0 to 6 months",5,Strongly Disagree,4,Strongly Disagree,4,Neutral,2,Strongly Disagree,0,Strongly Disagree,4,Strongly Disagree,4,Strongly Disagree,4,Strongly Disagree,4,Strongly Disagree,4,Strongly Disagree,4,Strongly Disagree,4,Strongly Disagree,4,57,NA,Food Stamps,Health Care,NA,NA,NA,NA,NA,NA,NA,Head Start/Early Head Start,NA,NA,NA,Public Library,NA,NA,NA,NA,NA,NA,NA,NA,NA,NA,Food Stamps,Health Care,NA,NA,NA,NA,NA,NA,NA,Head Start/Early Head Start,NA,NA,NA,Public Library,NA,NA,NA,NA,NA,NA,NA,NA,NA,Unemployed (Currently seeking employment),Yes,NA,NA,NA,NA,NA,NA,NA,Other - Write In (Required),Na,NA,NA,NA,Financial Literacy,NA,NA,College/University,NA,NA,NA,No,NA,NA,NA,NA,NA,NA,NA,600,No,10
A6812,56,2021-06-10T15:40:02Z,2021-06-10T15:57:36Z,Complete,1989,Houston,Kruse,1 to 2 times  a week,2,1 to 2 times a week,2,1 to 2 times a week,2,3 to 6 times a week,3,Parents should <strong>usually</strong> allow their children to learn <strong>on their own</strong>,0,NA,NA,9,Agree,5,Disagree,5,Disagree,5,Disagree,5,Agree,2,Disagree,2,Agree,5,Disagree,2,Disagree,2,Agree,5,38,N/A,0,N/A,0,N/A,0,N/A,0,0,Rarely,1,Rarely,1,Rarely,1,Sometimes,2,Sometimes,2,Sometimes,2,Rarely,1,Sometimes,2,Sometimes,2,Rarely,1,Sometimes,2,N/A,0,17,N/A,0,Rarely,1,Rarely,1,Rarely,1,Rarely,1,4,Sometimes,3,Always,5,Sometimes,3,Sometimes,3,14,Always,5,Often,4,Sometimes,3,Often,4,Seldom,2,18,Disagree,5,Disagree,5,Disagree,5,Disagree,5,Agree,2,Disagree,5,Agree,5,Agree,5,Agree,5,42,"As an infant, 0 to 6 months",5,"As an infant, 0 to 6 months",5,"As a baby, 6 to 12 months",4,Disagree,3,Disagree,3,Agree,3,Agree,3,Agree,1,Disagree,3,Disagree,3,Agree,1,Disagree,3,Agree,1,Disagree,3,Agree,1,42,NA,NA,Health Care,Health Clinics,Family Planning,NA,NA,NA,NA,NA,NA,NA,NA,NA,NA,NA,NA,NA,NA,NA,NA,NA,NA,NA,NA,NA,Health Care,Health Clinics,Family Planning,NA,NA,NA,NA,NA,NA,NA,NA,NA,Public Library,NA,NA,NA,NA,NA,NA,NA,NA,NA,Unemployed (Not seeking employment),Yes,NA,NA,NA,NA,NA,NA,Computer/Tech Literacy,NA,NA,ESL Classes,NA,NA,NA,NA,NA,NA,NA,NA,NA,No,NA,NA,NA,NA,NA,NA,NA,1600,I don't know/Unsure,8
NA,42,2021-06-02T11:35:09Z,2021-06-02T11:35:17Z,Partial,NA,NA,NA,NA,NA,NA,NA,NA,NA,NA,NA,NA,NA,NA,NA,NA,NA,NA,NA,NA,NA,NA,NA,NA,NA,NA,NA,NA,NA,NA,NA,NA,NA,NA,NA,NA,NA,NA,NA,NA,NA,NA,NA,NA,NA,NA,NA,NA,NA,NA,NA,NA,NA,NA,NA,NA,NA,NA,NA,NA,NA,NA,NA,NA,NA,NA,NA,NA,NA,NA,NA,NA,NA,NA,NA,NA,NA,NA,NA,NA,NA,NA,NA,NA,NA,NA,NA,NA,NA,NA,NA,NA,NA,NA,NA,NA,NA,NA,NA,NA,NA,NA,NA,NA,NA,NA,NA,NA,NA,NA,NA,NA,NA,NA,NA,NA,NA,NA,NA,NA,NA,NA,NA,NA,NA,NA,NA,NA,NA,NA,NA,NA,NA,NA,NA,NA,NA,NA,NA,NA,NA,NA,NA,NA,NA,NA,NA,NA,NA,NA,NA,NA,NA,NA,NA,NA,NA,NA,NA,NA,NA,NA,NA,NA,NA,NA,NA,NA,NA,NA,NA,NA,NA,NA,NA,NA,NA,NA,NA,NA,NA,NA,NA,NA,NA,NA,NA,NA,NA,NA,NA,NA,NA,NA,NA,NA,NA,NA,NA,NA,NA,NA,NA,NA,NA,NA,NA,NA,NA,NA,NA,NA,NA,NA,NA,NA,NA,NA,NA,NA,NA,NA,NA,NA,NA,NA,NA,NA,NA,NA,NA,NA
A8885,30,2021-05-26T19:52:27Z,2021-05-26T20:06:34Z,Complete,1990,Houston,Freeman,3 to 6 times a week,3,1 to 2 times a week,2,1 to 2 times a week,2,3 to 6 times a week,3,Parents should <strong>usually</strong> spend time teaching their children,1,NA,NA,11,Agree,5,Disagree,5,Disagree,5,Somewhat Disagree,4,Somewhat Disagree,4,Agree,5,Agree,5,Agree,5,Disagree,2,Agree,5,45,Rarely,1,Often,3,Sometimes,2,Sometimes,2,8,Sometimes,2,Sometimes,2,Sometimes,2,Sometimes,2,Sometimes,2,Sometimes,2,Sometimes,2,Sometimes,2,Sometimes,2,Often,3,Often,3,Often,3,27,Sometimes,2,Sometimes,2,Sometimes,2,Sometimes,2,Sometimes,2,10,Often,4,Often,4,Sometimes,3,Often,4,15,Often,4,Sometimes,3,Sometimes,3,Sometimes,3,Sometimes,3,16,Disagree,5,Disagree,5,Disagree,5,Disagree,5,Disagree,5,Disagree,5,Agree,5,Agree,5,Slightly Agree,4,44,"As an infant, 0 to 6 months",5,"As a baby, 6 to 12 months",4,"As a toddler, 1 to 3 years",3,Disagree,3,Disagree,3,Disagree,1,Agree,3,Agree,1,Disagree,3,Agree,1,Agree,1,Disagree,3,Disagree,3,Disagree,3,Agree,1,38,NA,NA,NA,Health Clinics,NA,NA,NA,NA,NA,NA,NA,NA,NA,NA,NA,NA,NA,NA,NA,NA,NA,NA,NA,NA,NA,NA,NA,Health Clinics,NA,NA,NA,NA,NA,NA,NA,NA,NA,NA,NA,NA,NA,NA,NA,NA,NA,NA,NA,NA,Unemployed (Not seeking employment),Yes,ESL Classes,NA,NA,NA,NA,NA,NA,NA,NA,ESL Classes,NA,NA,NA,NA,NA,NA,NA,NA,NA,No,NA,NA,NA,NA,NA,NA,NA,2000,Yes,10
A7199,34,2021-06-02T10:54:47Z,2021-06-02T11:10:38Z,Complete,1988,Houston,Kruse,3 to 6 times a week,3,Every day,4,Every day,4,1 to 2 times a week,2,Parents should <strong>always</strong> spend time teaching their children,1,NA,NA,14,Agree,5,Strongly Disagree,6,Strongly Disagree,6,Disagree,5,Agree,2,Strongly Agree,6,Strongly Agree,6,Strongly Agree,6,Strongly Disagree,1,Strongly Agree,6,49,Sometimes,2,Sometimes,2,Always,4,Sometimes,2,10,Always,4,Often,3,Always,4,Always,4,Often,3,Often,3,Sometimes,2,Always,4,Always,4,Always,4,Often,3,Often,3,41,Always,4,Always,4,Often,3,Often,3,Often,3,17,Always,5,Always,5,Often,4,Often,4,18,Always,5,Often,4,Always,5,Always,5,Often,4,23,Strongly Disagree,6,Strongly Disagree,6,Strongly Disagree,6,Strongly Disagree,6,Strongly Disagree,6,Strongly Disagree,6,Strongly Agree,6,Strongly Agree,6,Agree,5,53,"As an infant, 0 to 6 months",5,"As an infant, 0 to 6 months",5,"As a baby, 6 to 12 months",4,Strongly Agree,0,Strongly Disagree,4,Strongly Disagree,0,Strongly Agree,4,Agree,1,Strongly Disagree,4,Strongly Disagree,4,Strongly Disagree,4,Strongly Disagree,4,Disagree,3,Strongly Disagree,4,Strongly Disagree,4,50,NA,Food Stamps,Health Care,NA,Family Planning,NA,NA,NA,U.S. Citizenship and Immigration Services,NA,Head Start/Early Head Start,NA,NA,NA,NA,NA,NA,NA,NA,NA,NA,NA,NA,NA,NA,Food Stamps,Health Care,NA,NA,NA,NA,NA,NA,NA,Head Start/Early Head Start,NA,NA,NA,Public Library,NA,NA,NA,NA,NA,NA,NA,NA,NA,Unemployed (Not seeking employment),No,NA,NA,NA,NA,NA,NA,NA,NA,NA,ESL Classes,NA,NA,Financial Literacy,NA,NA,NA,NA,NA,NA,No,NA,NA,NA,NA,NA,NA,NA,2800,Yes,10
A9822,41,2021-06-02T11:36:22Z,2021-06-02T11:59:00Z,Complete,1988,Houston,Freeman,1 to 2 times  a week,2,1 to 2 times a week,2,1 to 2 times a week,2,3 to 6 times a week,3,Parents should <strong>always</strong> spend time teaching their children,1,NA,NA,10,Strongly Agree,6,Somewhat Agree,3,Disagree,5,Somewhat Agree,3,Somewhat Agree,3,Agree,5,Somewhat Disagree,3,Agree,5,Agree,5,Agree,5,43,Sometimes,2,Always,4,Sometimes,2,Rarely,1,9,Sometimes,2,Often,3,Always,4,Often,3,Always,4,Always,4,Sometimes,2,Often,3,Always,4,Always,4,Always,4,Always,4,41,Always,4,Sometimes,2,Always,4,Often,3,Always,4,17,Always,5,Always,5,Often,4,Often,4,18,Sometimes,3,Often,4,Often,4,Often,4,Seldom,2,17,Disagree,5,Disagree,5,Disagree,5,Agree,2,Disagree,5,Slightly Disagree,4,Slightly Disagree,3,Agree,5,Agree,5,39,"As an infant, 0 to 6 months",5,"As an infant, 0 to 6 months",5,"As an infant, 0 to 6 months",5,Disagree,3,Disagree,3,Disagree,1,Agree,3,Disagree,3,Disagree,3,Disagree,3,Disagree,3,Disagree,3,Neutral,2,Disagree,3,Agree,1,46,NA,NA,Health Care,NA,NA,NA,NA,NA,NA,NA,NA,NA,NA,NA,NA,NA,NA,NA,NA,NA,NA,NA,NA,NA,NA,NA,Health Care,NA,NA,NA,NA,NA,NA,NA,NA,NA,NA,NA,NA,NA,NA,NA,NA,NA,NA,NA,NA,NA,Unemployed (Currently seeking employment),Yes,NA,GED Classes,NA,NA,NA,NA,NA,Other - Write In (Required),asiste de maestras,ESL Classes,NA,NA,NA,NA,GED,College/University,NA,Other - Write In (Required),Asistente de maestras,No,NA,NA,NA,NA,NA,NA,NA,2020,Yes,10
NA,46,2021-06-02T19:00:59Z,2021-06-02T19:01:38Z,Partial,NA,NA,NA,NA,NA,NA,NA,NA,NA,NA,NA,NA,NA,NA,NA,NA,NA,NA,NA,NA,NA,NA,NA,NA,NA,NA,NA,NA,NA,NA,NA,NA,NA,NA,NA,NA,NA,NA,NA,NA,NA,NA,NA,NA,NA,NA,NA,NA,NA,NA,NA,NA,NA,NA,NA,NA,NA,NA,NA,NA,NA,NA,NA,NA,NA,NA,NA,NA,NA,NA,NA,NA,NA,NA,NA,NA,NA,NA,NA,NA,NA,NA,NA,NA,NA,NA,NA,NA,NA,NA,NA,NA,NA,NA,NA,NA,NA,NA,NA,NA,NA,NA,NA,NA,NA,NA,NA,NA,NA,NA,NA,NA,NA,NA,NA,NA,NA,NA,NA,NA,NA,NA,NA,NA,NA,NA,NA,NA,NA,NA,NA,NA,NA,NA,NA,NA,NA,NA,NA,NA,NA,NA,NA,NA,NA,NA,NA,NA,NA,NA,NA,NA,NA,NA,NA,NA,NA,NA,NA,NA,NA,NA,NA,NA,NA,NA,NA,NA,NA,NA,NA,NA,NA,NA,NA,NA,NA,NA,NA,NA,NA,NA,NA,NA,NA,NA,NA,NA,NA,NA,NA,NA,NA,NA,NA,NA,NA,NA,NA,NA,NA,NA,NA,NA,NA,NA,NA,NA,NA,NA,NA,NA,NA,NA,NA,NA,NA,NA,NA,NA,NA,NA,NA,NA,NA,NA,NA,NA,NA,NA,NA,NA
NA,47,2021-06-02T18:56:35Z,2021-06-02T18:56:43Z,Partial,NA,NA,NA,NA,NA,NA,NA,NA,NA,NA,NA,NA,NA,NA,NA,NA,NA,NA,NA,NA,NA,NA,NA,NA,NA,NA,NA,NA,NA,NA,NA,NA,NA,NA,NA,NA,NA,NA,NA,NA,NA,NA,NA,NA,NA,NA,NA,NA,NA,NA,NA,NA,NA,NA,NA,NA,NA,NA,NA,NA,NA,NA,NA,NA,NA,NA,NA,NA,NA,NA,NA,NA,NA,NA,NA,NA,NA,NA,NA,NA,NA,NA,NA,NA,NA,NA,NA,NA,NA,NA,NA,NA,NA,NA,NA,NA,NA,NA,NA,NA,NA,NA,NA,NA,NA,NA,NA,NA,NA,NA,NA,NA,NA,NA,NA,NA,NA,NA,NA,NA,NA,NA,NA,NA,NA,NA,NA,NA,NA,NA,NA,NA,NA,NA,NA,NA,NA,NA,NA,NA,NA,NA,NA,NA,NA,NA,NA,NA,NA,NA,NA,NA,NA,NA,NA,NA,NA,NA,NA,NA,NA,NA,NA,NA,NA,NA,NA,NA,NA,NA,NA,NA,NA,NA,NA,NA,NA,NA,NA,NA,NA,NA,NA,NA,NA,NA,NA,NA,NA,NA,NA,NA,NA,NA,NA,NA,NA,NA,NA,NA,NA,NA,NA,NA,NA,NA,NA,NA,NA,NA,NA,NA,NA,NA,NA,NA,NA,NA,NA,NA,NA,NA,NA,NA,NA,NA,NA,NA,NA,NA,NA,NA
A7947,6,2021-05-26T11:27:10Z,2021-05-26T11:38:46Z,Complete,1986,Houston,Kruse,3 to 6 times a week,3,3 to 6 times a week,3,Every day,4,1 to 2 times a week,2,Parents should <strong>always</strong> spend time teaching their children,1,NA,NA,13,Somewhat Agree,4,Somewhat Agree,3,Strongly Disagree,6,Somewhat Disagree,4,Strongly Agree,1,Agree,5,Agree,5,Strongly Agree,6,Disagree,2,Strongly Agree,6,42,Sometimes,2,Often,3,Sometimes,2,Often,3,10,Often,3,Often,3,Always,4,Often,3,Often,3,Always,4,Often,3,Often,3,Always,4,Always,4,Always,4,Always,4,42,Always,4,Often,3,Always,4,Often,3,Often,3,17,Often,4,Often,4,Always,5,Often,4,17,Always,5,Always,5,Always,5,Always,5,Always,5,25,Agree,2,Strongly Disagree,6,Strongly Disagree,6,Slightly Disagree,4,Slightly Disagree,4,Strongly Disagree,6,Strongly Agree,6,Agree,5,Strongly Agree,6,45,"As an infant, 0 to 6 months",5,"As an infant, 0 to 6 months",5,"As an infant, 0 to 6 months",5,Strongly Disagree,4,Strongly Disagree,4,Strongly Agree,4,Neutral,2,Strongly Disagree,4,Strongly Disagree,4,Strongly Disagree,4,Agree,1,Strongly Disagree,4,Strongly Disagree,4,Strongly Disagree,4,Strongly Disagree,4,58,NA,Food Stamps,Health Care,Health Clinics,Family Planning,NA,NA,NA,NA,NA,Head Start/Early Head Start,NA,NA,NA,Public Library,NA,NA,NA,NA,NA,NA,Counseling / Therapy,NA,NA,NA,Food Stamps,Health Care,Health Clinics,Family Planning,NA,NA,NA,NA,NA,Head Start/Early Head Start,NA,NA,Local Community Colleges,Public Library,NA,NA,NA,NA,NA,NA,NA,NA,NA,Part-time or seasonal job,Yes,NA,NA,NA,NA,NA,NA,Computer/Tech Literacy,NA,NA,NA,NA,Interviewing Skills,NA,NA,NA,College/University,NA,NA,NA,No,NA,NA,NA,NA,NA,NA,NA,2000,Yes,10
A8159,16,2021-05-26T13:41:21Z,2021-05-26T13:55:35Z,Complete,1987,Houston,Freeman,3 to 6 times a week,3,3 to 6 times a week,3,Every day,4,1 to 2 times a week,2,Parents should <strong>always</strong> spend time teaching their children,1,NA,NA,13,Agree,5,Somewhat Agree,3,Somewhat Disagree,4,Somewhat Disagree,4,Agree,2,Agree,5,Strongly Agree,6,Strongly Agree,6,Somewhat Disagree,3,Strongly Agree,6,44,Rarely,1,Sometimes,2,Often,3,Sometimes,2,8,Always,4,Always,4,Always,4,Always,4,Often,3,Always,4,Always,4,Always,4,Always,4,Always,4,Always,4,Always,4,47,Always,4,Always,4,Sometimes,2,Always,4,Sometimes,2,16,Always,5,Often,4,Always,5,Often,4,18,Always,5,Often,4,Always,5,Always,5,Always,5,24,Slightly Agree,3,Slightly Disagree,4,Strongly Disagree,6,Agree,2,Disagree,5,Slightly Agree,3,Strongly Agree,6,Agree,5,Agree,5,39,"As an infant, 0 to 6 months",5,"As a toddler, 1 to 3 years",3,"As a toddler, 1 to 3 years",3,Strongly Disagree,4,Disagree,3,Strongly Agree,4,Strongly Agree,4,Strongly Agree,0,Strongly Disagree,4,Disagree,3,Disagree,3,Strongly Disagree,4,Agree,1,Strongly Disagree,4,Disagree,3,48,NA,NA,NA,NA,NA,NA,NA,NA,NA,NA,NA,NA,NA,NA,Public Library,NA,NA,NA,NA,NA,NA,NA,NA,NA,NA,NA,NA,NA,NA,NA,NA,NA,NA,NA,NA,NA,NA,NA,Public Library,NA,NA,NA,NA,NA,NA,NA,NA,NA,Unemployed (Not seeking employment),Yes,ESL Classes,NA,NA,Interviewing Skills,NA,NA,NA,NA,NA,ESL Classes,NA,Interviewing Skills,NA,NA,NA,NA,NA,NA,NA,Yes,GED,NA,NA,NA,NA,NA,NA,2500,Yes,10
A9672,39,2021-06-02T10:58:19Z,2021-06-02T11:20:02Z,Complete,1993,Houston,Freeman,3 to 6 times a week,3,Every day,4,Every day,4,3 to 6 times a week,3,Parents should <strong>always</strong> spend time teaching their children,1,NA,NA,15,Agree,5,Disagree,5,Disagree,5,Disagree,5,Disagree,5,Agree,5,Agree,5,Agree,5,Disagree,2,Agree,5,47,Sometimes,2,Sometimes,2,Sometimes,2,Sometimes,2,8,Often,3,Sometimes,2,Always,4,Often,3,Always,4,Often,3,Often,3,Often,3,Often,3,Always,4,Often,3,Often,3,38,Sometimes,2,Often,3,Always,4,Often,3,Always,4,16,Always,5,Often,4,Always,5,Often,4,18,Often,4,Always,5,Often,4,Always,5,Always,5,23,Disagree,5,Disagree,5,Disagree,5,Disagree,5,Disagree,5,Strongly Disagree,6,Agree,5,Agree,5,Agree,5,46,"As an infant, 0 to 6 months",5,"As an infant, 0 to 6 months",5,"As an infant, 0 to 6 months",5,Disagree,3,Strongly Disagree,4,Agree,3,Agree,3,Neutral,2,Disagree,3,Neutral,2,Disagree,3,Disagree,3,Disagree,3,Strongly Disagree,4,Disagree,3,51,NA,NA,Health Care,NA,Family Planning,NA,NA,NA,NA,NA,NA,NA,NA,NA,Public Library,NA,NA,NA,NA,NA,NA,NA,NA,NA,NA,NA,Health Care,NA,Family Planning,NA,NA,NA,NA,NA,NA,NA,NA,NA,Public Library,NA,NA,NA,NA,NA,NA,NA,NA,NA,Part-time or seasonal job,Yes,NA,NA,NA,NA,NA,NA,NA,NA,NA,ESL Classes,NA,NA,Financial Literacy,Computer/Tech Literacy,NA,College/University,NA,NA,NA,No,NA,NA,NA,NA,NA,NA,NA,2800,Yes,10
A8294,15,2021-05-26T13:38:38Z,2021-05-26T13:57:42Z,Complete,1992,Houston,Kruse,3 to 6 times a week,3,1 to 2 times a week,2,3 to 6 times a week,3,Every day,4,Parents should <strong>always</strong> spend time teaching their children,1,NA,NA,13,Agree,5,Somewhat Disagree,4,Somewhat Agree,3,Somewhat Agree,3,Agree,2,Somewhat Agree,4,Agree,5,Somewhat Agree,4,Somewhat Disagree,3,Agree,5,38,Sometimes,2,Sometimes,2,Rarely,1,Often,3,8,Sometimes,2,Sometimes,2,Often,3,Often,3,Often,3,Sometimes,2,Often,3,Often,3,Sometimes,2,Often,3,Often,3,Often,3,32,Sometimes,2,Sometimes,2,Sometimes,2,Rarely,1,Sometimes,2,9,Sometimes,3,Sometimes,3,Often,4,Often,4,14,Often,4,Often,4,Seldom,2,Often,4,Sometimes,3,17,Disagree,5,Slightly Disagree,4,Disagree,5,Disagree,5,Slightly Disagree,4,Slightly Disagree,4,Agree,5,Agree,5,Slightly Agree,4,41,"As an infant, 0 to 6 months",5,"As a baby, 6 to 12 months",4,"As a toddler, 1 to 3 years",3,Disagree,3,Disagree,3,Neutral,2,Agree,3,Agree,1,Disagree,3,Disagree,3,Disagree,3,Disagree,3,Neutral,2,Disagree,3,Agree,1,42,NA,NA,Health Care,NA,NA,NA,NA,Police/Fire Department,NA,NA,NA,NA,NA,NA,Public Library,NA,NA,NA,NA,NA,NA,NA,NA,NA,NA,NA,Health Care,NA,NA,NA,NA,NA,NA,NA,NA,NA,NA,NA,NA,NA,NA,NA,NA,NA,NA,NA,NA,NA,Unemployed (Not seeking employment),Yes,ESL Classes,NA,NA,NA,NA,NA,NA,NA,NA,ESL Classes,NA,NA,NA,NA,NA,NA,NA,NA,NA,No,NA,NA,NA,NA,NA,NA,NA,1600,Yes,9
A4353,52,2021-06-07T12:51:48Z,2021-06-15T06:55:49Z,Complete,1986,Houston,Kruse,3 to 6 times a week,3,Every day,4,Every day,4,3 to 6 times a week,3,Parents should <strong>always</strong> spend time teaching their children,1,NA,NA,15,Strongly Agree,6,Strongly Disagree,6,Strongly Disagree,6,Disagree,5,Agree,2,Agree,5,Strongly Agree,6,Strongly Agree,6,Disagree,2,Strongly Agree,6,50,Sometimes,2,Always,4,Sometimes,2,Always,4,12,Often,3,Often,3,Sometimes,2,Always,4,Always,4,Always,4,Often,3,Always,4,Often,3,Always,4,Always,4,Often,3,41,Always,4,Always,4,Always,4,Often,3,Often,3,18,Often,4,Always,5,Always,5,Often,4,18,Always,5,Always,5,Often,4,Always,5,Often,4,23,Strongly Disagree,6,Strongly Disagree,6,Strongly Disagree,6,Strongly Disagree,6,Strongly Disagree,6,Strongly Disagree,6,Strongly Agree,6,Strongly Agree,6,Slightly Agree,4,52,"As an infant, 0 to 6 months",5,"As an infant, 0 to 6 months",5,"As an infant, 0 to 6 months",5,Strongly Disagree,4,Strongly Disagree,4,Strongly Disagree,0,Strongly Agree,4,Strongly Disagree,4,Strongly Disagree,4,Strongly Disagree,4,Strongly Disagree,4,Strongly Disagree,4,Strongly Disagree,4,Strongly Disagree,4,Strongly Agree,0,55,NA,NA,Health Care,Health Clinics,Family Planning,NA,NA,Police/Fire Department,NA,NA,Head Start/Early Head Start,NA,NA,NA,Public Library,NA,NA,Banks- Financial Literacy,Domestic Violence Shelter,NA,NA,Counseling / Therapy,NA,NA,NA,NA,Health Care,Health Clinics,Family Planning,NA,NA,Police/Fire Department,NA,NA,Head Start/Early Head Start,NA,NA,NA,Public Library,NA,NA,Banks- Financial Literacy,NA,NA,NA,NA,NA,NA,Unemployed (Not seeking employment),Yes,NA,NA,NA,NA,NA,NA,NA,NA,NA,ESL Classes,NA,NA,NA,Computer/Tech Literacy,GED,NA,NA,NA,NA,No,NA,NA,NA,NA,NA,NA,NA,3200,Yes,10
A6812,53,2021-06-08T20:11:01Z,2021-06-08T20:18:36Z,Partial,1989,Houston,Kruse,1 to 2 times  a week,NA,1 to 2 times a week,NA,1 to 2 times a week,NA,Every day,NA,Parents should <strong>usually</strong> spend time teaching their children,NA,NA,NA,NA,Agree,NA,Disagree,NA,Disagree,NA,Disagree,NA,Agree,NA,Disagree,NA,Disagree,NA,Disagree,NA,Disagree,NA,Agree,NA,NA,N/A,NA,N/A,NA,N/A,NA,N/A,NA,NA,Rarely,NA,Rarely,NA,Rarely,NA,Rarely,NA,Sometimes,NA,Rarely,NA,Rarely,NA,Sometimes,NA,Rarely,NA,Rarely,NA,Rarely,NA,N/A,NA,NA,N/A,NA,Rarely,NA,Rarely,NA,Rarely,NA,Rarely,NA,NA,NA,NA,NA,NA,NA,NA,NA,NA,NA,NA,NA,NA,NA,NA,NA,NA,NA,NA,NA,NA,NA,NA,NA,NA,NA,NA,NA,NA,NA,NA,NA,NA,NA,NA,NA,NA,NA,NA,NA,NA,NA,NA,NA,NA,NA,NA,NA,NA,NA,NA,NA,NA,NA,NA,NA,NA,NA,NA,NA,NA,NA,NA,NA,NA,NA,NA,NA,NA,NA,NA,NA,NA,NA,NA,NA,NA,NA,NA,NA,NA,NA,NA,NA,NA,NA,NA,NA,NA,NA,NA,NA,NA,NA,NA,NA,NA,NA,NA,NA,NA,NA,NA,NA,NA,NA,NA,NA,NA,NA,NA,NA,NA,NA,NA,NA,NA,NA,NA,NA,NA,NA,NA,NA,NA,NA,NA,NA,NA,NA,NA,NA,NA,NA,NA,NA,NA,NA,NA,NA,NA,NA,NA,NA,NA,NA,NA,NA,NA,NA,NA
A8365,27,2021-05-26T19:08:09Z,2021-05-26T19:20:23Z,Complete,1990,Houston,Freeman,1 to 2 times  a week,2,3 to 6 times a week,3,3 to 6 times a week,3,Every day,4,Parents should <strong>always</strong> spend time teaching their children,1,NA,NA,13,Strongly Agree,6,Somewhat Agree,3,Somewhat Disagree,4,Disagree,5,Strongly Agree,1,Strongly Agree,6,Strongly Agree,6,Strongly Agree,6,Strongly Disagree,1,Strongly Agree,6,44,Rarely,1,Always,4,Often,3,Always,4,12,Always,4,Always,4,Always,4,Always,4,Always,4,Always,4,Always,4,Always,4,Always,4,Always,4,Often,3,Always,4,47,Always,4,Always,4,Always,4,Often,3,Often,3,18,Always,5,Always,5,Always,5,Often,4,19,Always,5,Always,5,Always,5,Always,5,Always,5,25,Strongly Disagree,6,Disagree,5,Strongly Disagree,6,Strongly Disagree,6,Strongly Disagree,6,Strongly Disagree,6,Agree,5,Strongly Agree,6,Slightly Agree,4,50,"As an infant, 0 to 6 months",5,"As an infant, 0 to 6 months",5,"As a baby, 6 to 12 months",4,Strongly Disagree,4,Strongly Disagree,4,Strongly Agree,4,Strongly Agree,4,Strongly Agree,0,Strongly Disagree,4,Strongly Disagree,4,Strongly Disagree,4,Strongly Agree,0,Strongly Disagree,4,Strongly Disagree,4,Strongly Disagree,4,54,NA,Food Stamps,Health Care,NA,NA,NA,NA,NA,NA,NA,NA,NA,NA,NA,NA,NA,NA,NA,NA,NA,NA,NA,NA,NA,NA,Food Stamps,Health Care,NA,Family Planning,NA,NA,NA,NA,NA,NA,NA,NA,NA,NA,NA,NA,NA,NA,NA,NA,NA,NA,NA,Unemployed (Not seeking employment),Yes,ESL Classes,GED Classes,NA,NA,NA,NA,NA,NA,NA,ESL Classes,NA,NA,NA,NA,GED,College/University,NA,NA,NA,No,NA,NA,NA,NA,NA,NA,NA,3000,I don't know/Unsure,10
A6812,55,2021-06-10T14:18:19Z,2021-06-10T14:20:10Z,Partial,1989,Houston,Kruse,1 to 2 times  a week,NA,3 to 6 times a week,NA,1 to 2 times a week,NA,3 to 6 times a week,NA,Parents should <strong>usually</strong> allow their children to learn <strong>on their own</strong>,NA,NA,NA,NA,NA,NA,NA,NA,NA,NA,NA,NA,NA,NA,NA,NA,NA,NA,NA,NA,NA,NA,NA,NA,NA,NA,NA,NA,NA,NA,NA,NA,NA,NA,NA,NA,NA,NA,NA,NA,NA,NA,NA,NA,NA,NA,NA,NA,NA,NA,NA,NA,NA,NA,NA,NA,NA,NA,NA,NA,NA,NA,NA,NA,NA,NA,NA,NA,NA,NA,NA,NA,NA,NA,NA,NA,NA,NA,NA,NA,NA,NA,NA,NA,NA,NA,NA,NA,NA,NA,NA,NA,NA,NA,NA,NA,NA,NA,NA,NA,NA,NA,NA,NA,NA,NA,NA,NA,NA,NA,NA,NA,NA,NA,NA,NA,NA,NA,NA,NA,NA,NA,NA,NA,NA,NA,NA,NA,NA,NA,NA,NA,NA,NA,NA,NA,NA,NA,NA,NA,NA,NA,NA,NA,NA,NA,NA,NA,NA,NA,NA,NA,NA,NA,NA,NA,NA,NA,NA,NA,NA,NA,NA,NA,NA,NA,NA,NA,NA,NA,NA,NA,NA,NA,NA,NA,NA,NA,NA,NA,NA,NA,NA,NA,NA,NA,NA,NA,NA,NA,NA,NA,NA,NA,NA,NA,NA,NA,NA,NA,NA,NA,NA,NA,NA,NA,NA,NA,NA,NA,NA,NA,NA,NA,NA,NA,NA,NA,NA,NA
A2813,29,2021-05-26T19:32:01Z,2021-05-26T20:04:02Z,Complete,1991,Houston,Freeman,1 to 2 times  a week,2,1 to 2 times a week,2,Every day,4,Every day,4,Parents should <strong>always</strong> spend time teaching their children,1,NA,NA,13,Agree,5,Somewhat Agree,3,Somewhat Agree,3,Disagree,5,Agree,2,Somewhat Agree,4,Somewhat Agree,4,Somewhat Agree,4,Somewhat Agree,4,Agree,5,39,N/A,0,N/A,0,N/A,0,N/A,0,0,Sometimes,2,Sometimes,2,Sometimes,2,Sometimes,2,Sometimes,2,Often,3,Sometimes,2,Always,4,Sometimes,2,Always,4,Sometimes,2,Always,4,31,Sometimes,2,Sometimes,2,Often,3,Sometimes,2,Always,4,13,Sometimes,3,Sometimes,3,Sometimes,3,Sometimes,3,12,Sometimes,3,Always,5,Always,5,Always,5,Seldom,2,20,Disagree,5,Disagree,5,Disagree,5,Disagree,5,Disagree,5,Disagree,5,Slightly Disagree,3,Slightly Agree,4,Slightly Agree,4,41,"As an infant, 0 to 6 months",5,"As an infant, 0 to 6 months",5,"As an infant, 0 to 6 months",5,Neutral,2,Agree,1,Disagree,1,Disagree,1,Disagree,3,Disagree,3,Disagree,3,Disagree,3,Disagree,3,Disagree,3,Disagree,3,Agree,1,42,NA,NA,Health Care,Health Clinics,NA,NA,NA,NA,NA,NA,NA,NA,NA,NA,NA,NA,NA,NA,NA,NA,NA,NA,NA,NA,NA,NA,Health Care,Health Clinics,NA,NA,NA,NA,NA,NA,NA,NA,NA,NA,NA,NA,NA,NA,NA,NA,NA,NA,NA,NA,Unemployed (Not seeking employment),Yes,NA,GED Classes,NA,NA,NA,NA,NA,NA,NA,NA,NA,NA,NA,NA,GED,NA,NA,NA,NA,No,NA,NA,NA,NA,NA,NA,NA,2400,Yes,10
A2813,48,2021-06-02T21:24:25Z,2021-06-02T21:48:02Z,Complete,1991,Houston,Freeman,1 to 2 times  a week,2,1 to 2 times a week,2,3 to 6 times a week,3,3 to 6 times a week,3,Parents should <strong>always</strong> spend time teaching their children,1,Sometimes,3,14,Somewhat Agree,4,Agree,2,Somewhat Agree,3,Somewhat Agree,3,Agree,2,Disagree,2,Somewhat Disagree,3,Disagree,2,Somewhat Agree,4,Agree,5,30,N/A,0,N/A,0,N/A,0,N/A,0,0,Sometimes,2,Often,3,Sometimes,2,Sometimes,2,Sometimes,2,Sometimes,2,Rarely,1,Sometimes,2,Sometimes,2,Always,4,Sometimes,2,Sometimes,2,26,Sometimes,2,Often,3,Sometimes,2,Sometimes,2,Sometimes,2,11,Sometimes,3,Sometimes,3,Often,4,Seldom,2,12,Sometimes,3,Always,5,Sometimes,3,Always,5,Seldom,2,18,Disagree,5,Disagree,5,Disagree,5,Slightly Agree,3,Disagree,5,Disagree,5,Agree,5,Agree,5,Slightly Agree,4,42,"As an infant, 0 to 6 months",5,"As an infant, 0 to 6 months",5,"As a baby, 6 to 12 months",4,Disagree,3,Disagree,3,Disagree,1,Disagree,1,Disagree,3,Disagree,3,Disagree,3,Disagree,3,Disagree,3,Disagree,3,Disagree,3,Agree,1,44,NA,NA,Health Care,Health Clinics,NA,NA,NA,NA,NA,NA,NA,NA,NA,NA,NA,NA,NA,NA,NA,NA,NA,NA,NA,NA,NA,NA,Health Care,Health Clinics,NA,NA,NA,NA,NA,NA,NA,NA,NA,NA,NA,NA,NA,NA,NA,NA,NA,NA,NA,NA,Unemployed (Not seeking employment),Yes,NA,GED Classes,NA,NA,NA,NA,NA,NA,NA,NA,NA,NA,NA,NA,GED,College/University,NA,NA,NA,No,NA,NA,NA,NA,NA,NA,NA,2400,Yes,10
