UID,#,...2,Program,Status,Returning parent from 2018-9 year? (y/n),Day of Attendance,CD,Parent's Date Enrolment,Participant Year Of Birth,Parent's Age,Text Messages,English/ Spanish APQ's Intake,Transportation,Primary Caregiver,Number Children Enrolled,Child's Year of Birth (Child#1),Child's Year of Birth (Child#2),Child's Year of Birth (Child#3),Enrolled with Partner,Gender,Age of Primary  Parent Participant,Age of Other Parent,Race,Ethnicity:,Participant with health insurance,Marital Status,Age at 1st Child,Housing Status,Family Size,# Adults at Home,# Children at Home,Who Provides the main source of income,Enrolled Parent Employment Status,Gross Income,Military Status (Participant or spouse),Receiving Benefits,...38,...39,...40,...41,...42,...43,Parent Last Grade Completed,Literacy Level Of Parent Participant,Referrals,CPS Case,Family Involvement with CPS,ACES,ACES Score,TOTAL Number Children,AVANCE Child #1,...53,...54,...55,...56,...57,AVANCE Child #2,...59,...60,...61,...62,...63,AVANCE Child #3,...65,...66,...67,...68,...69,...70,AVANCE Child #4,...72,...73,...74,...75,...76,# of Lessons,Last Lesson Date,Drop Date
NA,NA,NA,NA,NA,NA,NA,NA,NA,NA,NA,NA,NA,NA,NA,NA,NA,NA,NA,NA,NA,NA,NA,NA,NA,NA,NA,NA,NA,NA,NA,NA,NA,NA,NA,NA,SNAP,TANF,WIC,Social Security,Supplemental Security Income (SSI),VA Benefits,I am not receiving any Benefits,NA,NA,NA,NA,NA,NA,NA,NA,Child's First name,Child's age (months),Child with a Diagnosed Disability,Child Referred to ECI,Health insurance,Name of Private Health Insurance,Child's First name,Child's age (months),Child with a Diagnosed Disability,Child Referred to ECI,Health insurance,Name of Private Health Insurance,Child's First name,Child's age,Child's Classroom,Child with a Diagnosed Disability,Child Referred to ECI,Health insurance,Name of Private Health Insurance,Child's First name,Child's DOB,Child with a Diagnosed Disability,Child Referred to ECI,Health insurance,Name of Private Health Insurance,NA,NA,NA
NA,NA,NA,NA,NA,NA,NA,NA,NA,NA,NA,NA,NA,NA,NA,NA,NA,NA,NA,NA,NA,NA,NA,NA,NA,NA,NA,NA,NA,NA,NA,NA,NA,NA,NA,N/A,NA,NA,NA,NA,NA,NA,NA,NA,NA,NA,NA,NA,NA,NA,NA,NA,NA,NA,NA,NA,NA,NA,NA,NA,NA,NA,NA,NA,NA,NA,NA,NA,NA,NA,NA,NA,NA,NA,NA,NA,NA,NA,NA
A4292,1,SB,PCEP,G,Y,TH,3,9/13/2018,1989,31,Yes,Spanish,No,Parent,1,2016,NA,NA,Yes,Female,25-34 Years,NA,White,Hispanic,No,Living w/partner not married,21,Rent Home,6,4,2,Partner,Unemployment (Not Seeking Employment),20800,N/A,N/A,N/A,WIC,N/A,N/A,N/A,N/A,Grade 6,Reads and Comprehends,Self-Referral,N/A,N/A,NA,NA,1,NA,59,No,No,Medicaid,NA,NA,NA,NA,NA,NA,NA,NA,NA,NA,NA,NA,NA,NA,NA,NA,NA,NA,NA,NA,NA,NA,NA
A1794,2,SB,PCEP,D,Y,TH,4,9/13/2018,1987,33,Yes,Spanish,No,Parent,2,2015,2017,NA,No,Female,25-34 Years,NA,White,Hispanic,No,Married Living w/spouse,27,Apartment,4,2,2,Self,Full-Time Job,15103,N/A,N/A,N/A,WIC,N/A,N/A,N/A,N/A,College Degree,Reads and Comprehends,Outreach/Events,N/A,N/A,NA,NA,2,NA,67,No,No,Medicaid,NA,NA,51,No,No,Medicaid,NA,NA,NA,NA,NA,NA,NA,NA,NA,NA,NA,NA,NA,NA,NA,NA,NA
A5898,3,SB,PCEP,G,Y,TH,3,10/2/2018,1988,33,Yes,Spanish,No,Parent,1,2017,NA,NA,Yes,Female,25-34 Years,NA,White,Hispanic,No,Married Living w/spouse,29,Rent Home,5,4,1,Partner,Unemployment (Not Seeking Employment),26000,N/A,N/A,N/A,WIC,N/A,N/A,N/A,N/A,Grade 12 (non-grad),Reads and Comprehends,Other,N/A,N/A,NA,NA,1,NA,49,No,No,CHIP,NA,NA,NA,NA,NA,NA,NA,NA,NA,NA,NA,NA,NA,NA,NA,NA,NA,NA,NA,NA,NA,NA,NA
A9264,4,SB,PCEP,G,Y,TH,5,1/8/2019,1978,43,Yes,Spanish,No,Parent,2,2017,2018,NA,Yes,Female,35-44 Years,NA,White,Hispanic,No,Married Living w/spouse,22,Rent Home,7,3,4,Partner,Unemployment (Not Seeking Employment),21667,N/A,N/A,N/A,WIC,N/A,N/A,N/A,N/A,High School Diploma,Reads and Comprehends,Other,N/A,N/A,NA,NA,2,NA,55,No,No,Medicaid,NA,NA,36,No,No,Medicaid,NA,NA,NA,NA,NA,NA,NA,NA,NA,NA,NA,NA,NA,NA,NA,NA,NA
A4223,5,SB,PCEP/ STF,G,Y,TH,5,1/10/2019,1980,40,Yes,Spanish,No,Parent,0,2017,2018,NA,Yes,Male,NA,35-44 Years,White,Hispanic,Yes,Married Living w/spouse,19,Rent Home,7,3,4,Self,Full-Time Job,21667,N/A,N/A,N/A,WIC,N/A,N/A,N/A,N/A,High School Diploma,Reads and Comprehends,Other,N/A,N/A,NA,NA,0,NA,55,No,No,Medicaid,NA,NA,36,No,No,Medicaid,NA,NA,NA,NA,NA,NA,NA,NA,NA,NA,NA,NA,NA,NA,NA,NA,NA
A6778,6,SB,PCEP,G,Y,M,3,1/16/2019,1990,30,Yes,Spanish,No,Parent,2,2018,2016,NA,No,Female,25-34 Years,NA,White,Hispanic,No,Married Living w/spouse,26,Rent Home,5,3,2,Partner,Unemployment (Not Seeking Employment),20800,N/A,N/A,N/A,N/A,Social Security,N/A,N/A,N/A,College Degree,Reads and Comprehends,Other,N/A,N/A,NA,NA,2,NA,33,No,No,Medicaid,NA,NA,61,NA,NA,Medicaid,NA,NA,NA,NA,NA,NA,NA,NA,NA,NA,NA,NA,NA,NA,NA,NA,NA
A5175,7,SB,PCEP,G,Y,T,5,1/17/2019,1996,25,Yes,English,No,Parent,1,2018,NA,NA,No,Female,20-24 Years,NA,White,Hispanic,Yes,Single Never Married,22,Rent Home,4,3,1,Other,Unemployment (Not Seeking Employment),21372,N/A,N/A,N/A,WIC,N/A,N/A,N/A,N/A,Some College,Reads and Comprehends,Other,N/A,N/A,NA,NA,1,NA,34,No,No,Medicaid,NA,NA,NA,NA,NA,NA,NA,NA,NA,NA,NA,NA,NA,NA,NA,NA,NA,NA,NA,NA,NA,NA,NA
A1684,8,SB,PCEP/ STF,G,Y,TH,5,1/24/2019,1982,39,Yes,English,No,Parent,0,2017,NA,NA,Yes,Male,NA,25-34 Years,White,Hispanic,No,Living w/partner not married,22,Rent Home,4,2,2,Self,Full-Time Job,15000,N/A,SNAP,N/A,WIC,N/A,N/A,N/A,N/A,College Degree,Reads and Comprehends,Other,N/A,N/A,NA,NA,0,NA,47,No,No,Medicaid,NA,NA,NA,NA,NA,NA,NA,NA,NA,NA,NA,NA,NA,NA,NA,NA,NA,NA,NA,NA,NA,NA,NA
A4275,9,SB,PCEP,G,Y,TH,5,1/25/2019,1988,33,Yes,English,No,Parent,1,2017,NA,NA,Yes,Female,25-34 Years,NA,White,Hispanic,No,Living w/partner not married,21,Rent Home,4,2,2,Partner,Unemployment (Currently seeking employment),15000,N/A,SNAP,N/A,WIC,N/A,N/A,N/A,N/A,College Degree,Reads and Comprehends,Other,N/A,N/A,NA,NA,1,NA,46,No,No,Medicaid,NA,NA,NA,NA,NA,NA,NA,NA,NA,NA,NA,NA,NA,NA,NA,NA,NA,NA,NA,NA,NA,NA,NA
A1497,10,SB,PCEP,G,Y,TH,5,1/28/2019,1986,34,NA,Spanish,No,Parent,1,2019,NA,NA,Yes,Female,25-34 Years,NA,White,Hispanic,No,Married Living w/spouse,32,Own Home,4,2,2,Partner,Full-Time Job,23400,N/A,N/A,N/A,WIC,N/A,N/A,N/A,N/A,Grade 12 (non-grad),Reads and Comprehends,Other,N/A,N/A,NA,NA,1,NA,30,No,No,Medicaid,NA,NA,NA,NA,NA,NA,NA,NA,NA,NA,NA,NA,NA,NA,NA,NA,NA,NA,NA,NA,NA,NA,NA
A4631,11,SB,PCEP,G,Y,TH,5,1/31/2019,1986,34,Yes,English,No,Parent,1,2018,NA,NA,No,Female,25-34 Years,NA,White,Hispanic,Yes,Living w/partner not married,22,Rent Home,4,2,2,Self,Unemployment (Currently seeking employment),24547,N/A,N/A,N/A,WIC,N/A,N/A,N/A,N/A,Technical/ Vocational School,Reads and Comprehends,Outreach/Events,N/A,N/A,NA,NA,1,NA,33,No,No,Medicaid,NA,NA,NA,NA,NA,NA,NA,NA,NA,NA,NA,NA,NA,NA,NA,NA,NA,NA,NA,NA,NA,NA,NA
A1795,12,SB,PCEP,D,N,T,3,9/9/2019,1995,26,Yes,English,No,Parent,1,2017,NA,NA,No,Female,21-40 years of age,NA,White,Hispanic,Yes,Single Never Married,17,Live with Others,3,1,2,Self,Unemployment (Not Seeking Employment),0,N/A,SNAP,N/A,WIC,N/A,N/A,N/A,N/A,High School Diploma,Reads and Comprehends,Outreach/Events,N/A,N/A,NA,NA,1,NA,48,No,No,Medicaid,NA,NA,NA,NA,NA,NA,NA,NA,NA,NA,NA,NA,NA,NA,NA,NA,NA,NA,NA,NA,NA,NA,NA
A4273,13,SB,PCEP,G,N,W,3,9/10/2019,1985,35,Yes,Spanish,No,Parent,1,2017,NA,NA,No,Female,25-34 Years,NA,White,Hispanic,No,Living w/partner not married,25,Rent Home,4,2,2,Partner,Unemployment (Currently seeking employment),18200,N/A,SNAP,N/A,WIC,N/A,N/A,N/A,N/A,High School Diploma,Reads and Comprehends,Door to Door,N/A,N/A,NA,NA,1,NA,47,No,No,Medicaid,NA,NA,NA,NA,NA,NA,NA,NA,NA,NA,NA,NA,NA,NA,NA,NA,NA,NA,NA,NA,NA,NA,NA
A2942,14,SB,PCEP,G,N,W,4,9/10/2019,1983,38,Yes,Spanish,No,Parent,1,2017,NA,NA,Yes,Female,35-44 Years,NA,White,Hispanic,No,Married Living w/spouse,30,Rent Home,6,4,2,Partner,Unemployment (Currently seeking employment),25260,N/A,N/A,N/A,WIC,N/A,N/A,N/A,N/A,High School Diploma,Reads and Comprehends,Other,N/A,N/A,NA,NA,1,NA,45,No,No,CHIP,NA,NA,NA,NA,NA,NA,NA,NA,NA,NA,NA,NA,NA,NA,NA,NA,NA,NA,NA,NA,NA,NA,NA
A1377,15,SB,PCEP,G,N,M,5,9/10/2019,1977,43,Yes,Spanish,No,Parent,1,2017,NA,NA,No,Female,35-44 Years,NA,White,Hispanic,No,Married Living w/spouse,26,Rent Home,5,2,3,Partner,Unemployment (Not Seeking Employment),23234,N/A,SNAP,N/A,WIC,N/A,N/A,N/A,N/A,College Degree,Reads and Comprehends,Door to Door,N/A,N/A,NA,NA,1,NA,48,No,Yes,Medicaid,NA,NA,NA,NA,NA,NA,NA,NA,NA,NA,NA,NA,NA,NA,NA,NA,NA,NA,NA,NA,NA,NA,NA
A9754,16,SB,PCEP,G,N,M,3,9/10/2019,1977,44,Yes,Spanish,No,Parent,1,2017,NA,NA,Yes,Female,41-54 years of age,NA,White,Hispanic,Yes,Married Living w/spouse,33,Own Home,5,2,3,Partner,Unemployment (Not Seeking Employment),27120,N/A,N/A,N/A,WIC,N/A,N/A,N/A,N/A,GED,Reads and Comprehends,Outreach/Events,N/A,N/A,NA,NA,1,NA,53,No,No,Medicaid,NA,NA,NA,NA,NA,NA,NA,NA,NA,NA,NA,NA,NA,NA,NA,NA,NA,NA,NA,NA,NA,NA,NA
A9857,17,SB,PCEP,G,N,M,3,9/10/2019,1973,47,Yes,English,No,Parent,1,2017,NA,NA,Yes,Female,45-54 Years,NA,White,Hispanic,No,Married Living w/spouse,36,Own Home,4,2,2,Partner,Unemployment (Not Seeking Employment),13920,N/A,SNAP,N/A,WIC,N/A,N/A,N/A,N/A,College Degree,Reads and Comprehends,Other,N/A,N/A,NA,NA,1,NA,52,No,No,Medicaid,NA,NA,NA,NA,NA,NA,NA,NA,NA,NA,NA,NA,NA,NA,NA,NA,NA,NA,NA,NA,NA,NA,NA
A6943,18,SB,PCEP,G,N,W,4,9/10/2019,1982,38,Yes,Spanish,No,Parent,1,2017,NA,NA,No,Female,35-44 Years,NA,White,Hispanic,No,Married Living w/spouse,26,Own Home,8,2,6,Partner,Unemployment (Not Seeking Employment),42965,N/A,N/A,N/A,WIC,N/A,N/A,N/A,N/A,High School Diploma,Reads and Comprehends,Other,N/A,N/A,NA,NA,1,NA,43,No,No,Medicaid,NA,NA,NA,NA,NA,NA,NA,NA,NA,NA,NA,NA,NA,NA,NA,NA,NA,NA,NA,NA,NA,NA,NA
A4326,19,SB,PCEP,G,N,TH,4,9/10/2019,2000,21,Yes,Spanish,Yes,Parent,1,2018,NA,NA,No,Female,15-19 Years,NA,White,Hispanic,Yes,Single Never Married,18,Apartment,9,3,6,Family Member,Unemployment (Currently seeking employment),15600,N/A,SNAP,N/A,WIC,N/A,N/A,N/A,N/A,High School Diploma,Reads and Comprehends,Door to Door,N/A,N/A,NA,NA,1,NA,31,No,No,Medicaid,NA,NA,NA,NA,NA,NA,NA,NA,NA,NA,NA,NA,NA,NA,NA,NA,NA,NA,NA,NA,NA,NA,NA
A1147,20,SB,PCEP,G,N,T,3,9/10/2019,1997,24,Yes,English,Yes,Parent,1,2017,NA,NA,No,Female,20-24 Years,NA,White,Hispanic,Yes,Single Never Married,18,Housing Project,2,1,1,Self,Full-Time Job,12264,N/A,SNAP,N/A,WIC,N/A,N/A,N/A,N/A,High School Diploma,Reads and Comprehends,Outreach/Events,N/A,N/A,NA,NA,1,NA,53,No,No,Medicaid,NA,NA,NA,NA,NA,NA,NA,NA,NA,NA,NA,NA,NA,NA,NA,NA,NA,NA,NA,NA,NA,NA,NA
A7373,21,SB,PCEP,G,N,W,5,09/10/2019,1986,34,Yes,Spanish,No,Parent,1,2019,NA,NA,No,Female,25-34 Years,NA,White,Hispanic,No,Living w/partner not married,19,Rent Home,6,2,4,Partner,Unemployment (Currently seeking employment),21746,N/A,N/A,N/A,WIC,N/A,N/A,N/A,N/A,GED,Reads and Comprehends,Door to Door,N/A,N/A,NA,NA,1,NA,26,No,No,Medicaid,NA,NA,NA,NA,NA,NA,NA,NA,NA,NA,NA,NA,NA,NA,NA,NA,NA,NA,NA,NA,NA,NA,NA
A4736,22,SB,PCEP,G,N,W,5,9/10/2019,1983,38,Yes,Spanish,No,Parent,2,2016,2016,NA,No,Female,35-44 Years,NA,White,Hispanic,No,Married Living w/spouse,20,Own Home,7,2,5,Partner,Unemployment (Currently seeking employment),23400,N/A,N/A,N/A,N/A,N/A,N/A,N/A,N/A,Grade 9,Reads and Comprehends,Outreach/Events,N/A,N/A,NA,NA,2,NA,58,No,No,Medicaid,NA,NA,58,No,No,Medicaid,NA,NA,NA,NA,NA,NA,NA,NA,NA,NA,NA,NA,NA,NA,NA,NA,NA
A3597,23,SB,PCEP,G,N,M,2,9/10/2019,1985,35,Yes,Spanish,No,Parent,1,2016,NA,NA,Yes,Female,25-34 Years,NA,White,Hispanic,No,Married Living w/spouse,29,Own Home,4,2,2,Partner,Part-Time or seasonal job,24178,N/A,N/A,N/A,WIC,N/A,N/A,N/A,N/A,Technical/ Vocational School,Reads and Comprehends,Other,N/A,N/A,NA,NA,1,NA,57,No,No,Medicaid,NA,NA,NA,NA,NA,NA,NA,NA,NA,NA,NA,NA,NA,NA,NA,NA,NA,NA,NA,NA,NA,NA,NA
A1696,24,SB,PCEP,G,N,W,10,9/10/2019,1989,31,Yes,Spanish,No,Parent,1,2018,NA,NA,No,Female,25-34 Years,NA,White,Hispanic,No,Married Living w/spouse,24,Own Home,4,2,2,Partner,Unemployment (Not Seeking Employment),24000,N/A,N/A,N/A,N/A,N/A,N/A,N/A,N/A,Some College,Reads and Comprehends,Self-Referral,N/A,N/A,NA,NA,1,NA,31,No,No,Medicaid,NA,NA,NA,NA,NA,NA,NA,NA,NA,NA,NA,NA,NA,NA,NA,NA,NA,NA,NA,NA,NA,NA,NA
A7525,25,SB,PCEP,D,N,T,3,9/10/2019,1986,35,Yes,English,No,Parent,1,2016,NA,NA,No,Female,25-34 Years,NA,White,Hispanic,No,Single Never Married,17,Apartment,3,2,1,Self,Full-Time Job,21008,N/A,N/A,N/A,WIC,N/A,N/A,N/A,N/A,GED,Reads and Comprehends,Door to Door,N/A,N/A,NA,NA,1,NA,64,No,No,CHIP,NA,NA,NA,NA,NA,NA,NA,NA,NA,NA,NA,NA,NA,NA,NA,NA,NA,NA,NA,NA,NA,NA,NA
A8561,26,SB,PCEP,D,N,T,2,9/10/2019,1988,33,No,English,No,Parent,1,2019,NA,NA,No,Female,25-34 Years,NA,White,Hispanic,Yes,Married Living w/spouse,26,Own Home,7,4,3,Partner,Unemployment (Not Seeking Employment),24000,N/A,N/A,N/A,N/A,N/A,N/A,N/A,I am not receiving any Benefits,College Degree,Reads and Comprehends,Outreach/Events,N/A,N/A,NA,NA,1,NA,30,No,No,Private,NA,NA,NA,NA,NA,NA,NA,NA,NA,NA,NA,NA,NA,NA,NA,NA,NA,NA,NA,NA,NA,NA,NA
A1217,27,SB,PCEP,D,N,TH,4,9/10/2019,1987,34,Yes,English,No,Parent,1,2015,NA,NA,No,Female,25-34 Years,NA,White,Hispanic,No,Single Never Married,13,Live with Others,3,2,1,Family Member,Unemployment (Currently seeking employment),0,N/A,SNAP,N/A,N/A,N/A,N/A,VA Benefits,N/A,High School Diploma,Reads and Comprehends,Outreach/Events,N/A,N/A,NA,NA,1,NA,69,No,No,Medicaid,NA,NA,NA,NA,NA,NA,NA,NA,NA,NA,NA,NA,NA,NA,NA,NA,NA,NA,NA,NA,NA,NA,NA
A3312,28,SB,PCEP,G,N,M,4,9/11/2019,1994,27,Yes,Spanish,No,Parent,1,2018,NA,NA,No,Female,25-34 Years,NA,White,Hispanic,No,Married Living w/spouse,17,Own Home,4,2,2,Self,Part-Time or seasonal job,20849,N/A,N/A,N/A,WIC,N/A,N/A,N/A,N/A,College Degree,Reads and Comprehends,Outreach/Events,N/A,N/A,NA,NA,1,NA,42,No,No,Medicaid,NA,NA,NA,NA,NA,NA,NA,NA,NA,NA,NA,NA,NA,NA,NA,NA,NA,NA,NA,NA,NA,NA,NA
A2775,29,SB,PCEP,G,N,M,4,9/11/2019,1986,35,Yes,Spanish,No,Parent,1,2018,NA,NA,No,Female,21-40 years of age,NA,White,Hispanic,No,Married Living w/spouse,18,Own Home,5,2,3,Partner,Unemployment (Not Seeking Employment),28800,N/A,N/A,N/A,N/A,N/A,N/A,N/A,I am not receiving any Benefits,Grade 11,Reads and Comprehends,Outreach/Events,N/A,N/A,NA,NA,1,NA,36,No,No,None,NA,NA,NA,NA,NA,NA,NA,NA,NA,NA,NA,NA,NA,NA,NA,NA,NA,NA,NA,NA,NA,NA,NA
A5379,30,SB,PCEP,G,N,M,5,9/11/2019,1981,40,Yes,Spanish,No,Parent,1,2016,NA,NA,No,Female,21-40 years of age,NA,White,Hispanic,No,Married Living w/spouse,26,Rent Home,5,2,3,Partner,Unemployment (Not Seeking Employment),26000,N/A,N/A,N/A,N/A,N/A,N/A,N/A,I am not receiving any Benefits,Grade 6,Reads and Comprehends,Outreach/Events,N/A,N/A,NA,NA,1,NA,62,No,No,None,NA,NA,NA,NA,NA,NA,NA,NA,NA,NA,NA,NA,NA,NA,NA,NA,NA,NA,NA,NA,NA,NA,NA
A9925,31,SB,PCEP,G,N,W,5,9/11/2019,1991,30,Yes,Spanish,No,Parent,1,2017,NA,NA,No,Female,25-34 Years,NA,White,Hispanic,No,Married Living w/spouse,18,Rent Home,5,2,3,Partner,Unemployment (Not Seeking Employment),26000,N/A,N/A,N/A,N/A,N/A,N/A,N/A,N/A,Grade 12 (non-grad),Reads and Comprehends,Self-Referral,N/A,N/A,NA,NA,1,NA,50,No,No,None,NA,NA,NA,NA,NA,NA,NA,NA,NA,NA,NA,NA,NA,NA,NA,NA,NA,NA,NA,NA,NA,NA,NA
A5763,32,SB,PCEP,G,N,W,3,9/11/2019,1986,35,Yes,Spanish,No,Parent,1,2019,NA,NA,No,Female,25-34 Years,NA,White,Hispanic,Yes,Separated not living w/spouse,29,Live with Others,5,3,2,Family Member,Unemployment (Currently seeking employment),23200,N/A,N/A,N/A,N/A,N/A,N/A,N/A,I am not receiving any Benefits,Some College,Reads and Comprehends,Other,N/A,N/A,NA,NA,1,NA,26,No,No,Private,NA,NA,NA,NA,NA,NA,NA,NA,NA,NA,NA,NA,NA,NA,NA,NA,NA,NA,NA,NA,NA,NA,NA
A1161,33,SB,PCEP,G,N,T,4,9/11/2019,1981,40,Yes,English,No,Parent,1,2016,NA,NA,Yes,Female,35-44 Years,NA,White,Non Hispanic,No,Living w/partner not married,18,Live with Others,3,2,1,Partner,Unemployment (Currently seeking employment),0,N/A,N/A,N/A,N/A,N/A,N/A,N/A,I am not receiving any Benefits,Advance Degr,Reads and Comprehends,Outreach/Events,N/A,N/A,NA,NA,1,NA,57,No,No,None,NA,NA,NA,NA,NA,NA,NA,NA,NA,NA,NA,NA,NA,NA,NA,NA,NA,NA,NA,NA,NA,NA,NA
A4291,34,SB,PCEP,G,N,T,5,9/11/2019,1993,28,Yes,English,No,Parent,1,2017,NA,NA,Yes,Female,25-34 Years,NA,White,Hispanic,No,Married Living w/spouse,23,Own Home,4,2,2,Partner,Unemployment (Currently seeking employment),13902,N/A,N/A,N/A,N/A,N/A,N/A,N/A,N/A,GED,Reads and Comprehends,Outreach/Events,N/A,N/A,NA,NA,1,NA,43,No,No,Medicaid,NA,NA,NA,NA,NA,NA,NA,NA,NA,NA,NA,NA,NA,NA,NA,NA,NA,NA,NA,NA,NA,NA,NA
A4622,35,SB,PCEP,G,N,T,3,9/11/2019,1995,26,Yes,English,No,Parent,1,2017,NA,NA,No,Female,20-24 Years,NA,White,Hispanic,No,Living w/partner not married,24,Rent Home,4,2,2,Partner,Unemployment (Not Seeking Employment),21405,N/A,N/A,N/A,N/A,N/A,N/A,N/A,I am not receiving any Benefits,High School Diploma,Reads and Comprehends,Outreach/Events,N/A,N/A,NA,NA,1,NA,48,No,No,None,NA,NA,NA,NA,NA,NA,NA,NA,NA,NA,NA,NA,NA,NA,NA,NA,NA,NA,NA,NA,NA,NA,NA
A3769,36,SB,PCEP,G,N,W,0,9/11/2019,1984,36,Yes,English,No,Parent,1,2016,NA,NA,No,Female,35-44 Years,NA,White,Hispanic,No,Single Never Married,21,Rent Home,5,1,4,Self,Unemployment (Currently seeking employment),4360,N/A,SNAP,N/A,N/A,N/A,N/A,N/A,N/A,High School Diploma,Reads and Comprehends,Outreach/Events,N/A,N/A,NA,NA,1,NA,58,No,No,Medicaid,NA,NA,NA,NA,NA,NA,NA,NA,NA,NA,NA,NA,NA,NA,NA,NA,NA,NA,NA,NA,NA,NA,NA
A5595,37,SB,PCEP,G,N,M,5,9/11/2019,1980,41,Yes,Spanish,No,Parent,1,2018,NA,NA,No,Female,35-44 Years,NA,White,Hispanic,No,Married Living w/spouse,25,Apartment,26,2,4,Partner,Unemployment (Not Seeking Employment),29280,N/A,N/A,N/A,WIC,N/A,N/A,N/A,N/A,Advance Degr,Reads and Comprehends,Door to Door,N/A,N/A,NA,NA,1,NA,41,No,No,Medicaid,NA,NA,NA,NA,NA,NA,NA,NA,NA,NA,NA,NA,NA,NA,NA,NA,NA,NA,NA,NA,NA,NA,NA
A9121,38,SB,PCEP,G,N,W,5,9/11/2019,1987,34,Yes,Spanish,Yes,Parent,1,2016,NA,NA,No,Female,25-34 Years,NA,White,Hispanic,No,Living w/partner not married,29,Rent Home,4,3,1,Partner,Unemployment (Currently seeking employment),23400,N/A,N/A,N/A,WIC,N/A,N/A,N/A,N/A,Some College,Reads and Comprehends,Outreach/Events,N/A,N/A,NA,NA,1,NA,55,Yes,No,Medicaid,NA,NA,NA,NA,NA,NA,NA,NA,NA,NA,NA,NA,NA,NA,NA,NA,NA,NA,NA,NA,NA,NA,NA
A5158,39,SB,PCEP,G,N,T,5,9/11/2019,1993,27,Yes,English,Yes,Parent,3,2018,2017,2019,No,Female,25-34 Years,NA,White,Hispanic,Yes,Married Living w/spouse,23,Live with Others,8,4,4,Partner,Unemployment (Not Seeking Employment),10184,N/A,N/A,N/A,WIC,N/A,N/A,N/A,N/A,Technical/ Vocational School,Reads and Comprehends,Outreach/Events,N/A,N/A,NA,NA,3,NA,33,No,No,Medicaid,NA,NA,51,No,No,Medicaid,NA,NA,20,YT,No,No,Medicaid,NA,NA,NA,NA,NA,NA,NA,NA,NA,NA
A6747,40,SB,PCEP,G,N,T,3,9/11/2019,1989,32,Yes,English,No,Parent,1,2018,NA,NA,Yes,Female,21-40 years of age,NA,White,Hispanic,Yes,Living w/partner not married,22,Rent Home,5,2,3,Partner,Part-Time or seasonal job,11370.32,N/A,SNAP,N/A,WIC,N/A,N/A,N/A,N/A,Some College,Reads and Comprehends,Outreach/Events,N/A,N/A,NA,NA,1,NA,36,No,No,Medicaid,NA,NA,NA,NA,NA,NA,NA,NA,NA,NA,NA,NA,NA,NA,NA,NA,NA,NA,NA,NA,NA,NA,NA
A4297,41,SB,PCEP,D,N,M,3,9/11/2019,1991,30,Yes,Spanish,No,Parent,1,2017,NA,NA,No,Female,21-40 years of age,NA,White,Hispanic,No,Married Living w/spouse,30,Own Home,3,2,1,Partner,Unemployment (Not Seeking Employment),19760,N/A,N/A,N/A,WIC,N/A,N/A,N/A,N/A,Some College,Reads and Comprehends,Outreach/Events,N/A,N/A,NA,NA,1,NA,53,No,No,CHIP,NA,NA,NA,NA,NA,NA,NA,NA,NA,NA,NA,NA,NA,NA,NA,NA,NA,NA,NA,NA,NA,NA,NA
A9573,42,SB,PCEP,G,N,W,5,9/12/2019,1989,32,Yes,Spanish,No,Parent,1,2018,NA,NA,No,Female,25-34 Years,NA,White,Hispanic,No,Married Living w/spouse,24,Apartment,4,2,2,Partner,Unemployment (Not Seeking Employment),20800,N/A,N/A,N/A,WIC,N/A,N/A,N/A,N/A,Grade 1,Reads and Comprehends,Other,N/A,N/A,NA,NA,1,NA,32,No,No,Medicaid,NA,NA,NA,NA,NA,NA,NA,NA,NA,NA,NA,NA,NA,NA,NA,NA,NA,NA,NA,NA,NA,NA,NA
A8844,43,SB,PCEP,G,N,W,2,9/12/2019,1993,28,Yes,Spanish,Yes,Parent,1,2019,NA,NA,No,Female,25-34 Years,NA,Black or African,Hispanic,No,Living w/partner not married,21,Apartment,5,3,2,Partner,Unemployment (Currently seeking employment),32240,N/A,SNAP,N/A,WIC,N/A,N/A,N/A,N/A,Grade 8,Reads and Comprehends,Door to Door,N/A,N/A,NA,NA,1,NA,24,No,No,Medicaid,NA,NA,NA,NA,NA,NA,NA,NA,NA,NA,NA,NA,NA,NA,NA,NA,NA,NA,NA,NA,NA,NA,NA
A1527,44,SB,PCEP,G,N,W,2,09/12/2019,1993,28,Yes,Spanish,Yes,Parent,1,2019,NA,NA,No,Female,25-34 Years,NA,Black or African,Hispanic,No,Single Never Married,26,Apartment,3,3,3,Partner,Full-Time Job,26000,N/A,SNAP,N/A,WIC,N/A,N/A,N/A,N/A,High School Diploma,Reads and Comprehends,Outreach/Events,N/A,N/A,NA,NA,1,NA,25,No,No,Medicaid,NA,NA,NA,NA,NA,NA,NA,NA,NA,NA,NA,NA,NA,NA,NA,NA,NA,NA,NA,NA,NA,NA,NA
A9464,45,SB,PCEP,G,N,W,5,9/12/2019,1996,24,Yes,Spanish,No,Parent,1,2018,NA,NA,No,Female,20-24 Years,NA,White,Hispanic,No,Living w/partner not married,21,Rent Home,3,2,1,Partner,Full-Time Job,18200,N/A,N/A,N/A,N/A,N/A,N/A,N/A,I am not receiving any Benefits,Grade 12 (non-grad),Reads and Comprehends,Outreach/Events,N/A,N/A,NA,NA,1,NA,41,No,No,Medicaid,NA,NA,NA,NA,NA,NA,NA,NA,NA,NA,NA,NA,NA,NA,NA,NA,NA,NA,NA,NA,NA,NA,NA
A3965,46,SB,PCEP,G,N,W,4,9/12/2019,1989,32,Yes,Spanish,No,Parent,1,2018,NA,NA,No,Female,25-34 Years,NA,White,Hispanic,No,Married Living w/spouse,20,Rent Home,4,2,2,Self,Part-Time or seasonal job,12480,N/A,SNAP,N/A,WIC,N/A,N/A,N/A,N/A,Technical/ Vocational School,Reads and Comprehends,Outreach/Events,N/A,N/A,NA,NA,1,NA,40,No,No,Medicaid,NA,NA,NA,NA,NA,NA,NA,NA,NA,NA,NA,NA,NA,NA,NA,NA,NA,NA,NA,NA,NA,NA,NA
A7677,47,SB,PCEP,G,N,W,3,9/12/2019,1986,35,Yes,Spanish,No,Parent,1,2018,NA,NA,Yes,Female,25-34 Years,NA,White,Hispanic,No,Married Living w/spouse,25,Rent Home,5,2,3,Partner,Unemployment (Not Seeking Employment),26936,N/A,N/A,N/A,N/A,N/A,N/A,N/A,N/A,College Degree,Reads and Comprehends,NA,N/A,N/A,NA,NA,1,NA,35,No,No,Medicaid,NA,NA,NA,NA,NA,NA,NA,NA,NA,NA,NA,NA,NA,NA,NA,NA,NA,NA,NA,NA,NA,NA,NA
A8595,48,SB,PCEP,D,N,T,3,9/12/2019,1997,24,Yes,English,No,Parent,1,2017,NA,NA,Yes,Female,20-24 Years,NA,White,Hispanic,Yes,Single Never Married,20,Housing Project,3,2,1,Self,Unemployment (Currently seeking employment),0,N/A,SNAP,N/A,WIC,N/A,N/A,N/A,N/A,GED,Reads and Comprehends,Door to Door,N/A,N/A,NA,NA,1,NA,47,No,No,Medicaid,NA,NA,NA,NA,NA,NA,NA,NA,NA,NA,NA,NA,NA,NA,NA,NA,NA,NA,NA,NA,NA,NA,NA
A4348,49,SB,PCEP,D,N,T,5,9/12/2019,1998,23,Yes,English,No,Parent,0,2017,NA,NA,Yes,Male,NA,20-24 Years,White,Hispanic,Yes,Single Never Married,17,Other,3,2,1,Partner,Unemployment (Currently seeking employment),0,N/A,SNAP,N/A,N/A,N/A,N/A,N/A,N/A,Some College,Reads and Comprehends,Outreach/Events,N/A,N/A,NA,NA,0,NA,47,No,No,Medicaid,NA,NA,NA,NA,NA,NA,NA,NA,NA,NA,NA,NA,NA,NA,NA,NA,NA,NA,NA,NA,NA,NA,NA
A2327,50,SB,PCEP,G,N,M,3,9/16/2019,1994,27,Yes,Spanish,No,Parent,2,2018,2019,NA,No,Female,25-34 Years,NA,White,Hispanic,Yes,Living w/partner not married,15,Rent Home,7,2,5,Partner,Unemployment (Not Seeking Employment),23122,N/A,SNAP,N/A,WIC,N/A,N/A,N/A,N/A,Grade 11,Reads and Comprehends,Self-Referral,N/A,N/A,NA,NA,2,NA,39,No,No,Medicaid,NA,NA,22,No,No,Medicaid,NA,NA,NA,NA,NA,NA,NA,NA,NA,NA,NA,NA,NA,NA,NA,NA,NA
A3948,51,SB,PCEP,G,N,T,6,9/16/2019,1998,23,Yes,English,No,Parent,1,2019,NA,NA,No,Female,20-24 Years,NA,Black or African,Hispanic,No,Single Never Married,21,Live with Others,4,3,1,Self,Unemployment (Currently seeking employment),3144,N/A,SNAP,TANF,WIC,N/A,N/A,N/A,N/A,High School Diploma,Reads and Comprehends,Other,N/A,N/A,NA,NA,1,NA,28,No,No,Medicaid,NA,NA,NA,NA,NA,NA,NA,NA,NA,NA,NA,NA,NA,NA,NA,NA,NA,NA,NA,NA,NA,NA,NA
A3415,52,SB,PCEP,G,N,M,2,9/16/2019,1992,29,Yes,Spanish,No,Parent,1,2018,NA,NA,No,Female,25-34 Years,NA,White,Hispanic,No,Married Living w/spouse,17,Rent Home,5,2,3,Partner,Unemployment (Not Seeking Employment),29640,N/A,SNAP,N/A,N/A,N/A,N/A,N/A,N/A,Grade 12 (non-grad),Reads and Comprehends,Other,N/A,N/A,NA,NA,1,NA,38,No,No,CHIP,NA,NA,NA,NA,NA,NA,NA,NA,NA,NA,NA,NA,NA,NA,NA,NA,NA,NA,NA,NA,NA,NA,NA
A7213,53,SB,PCEP,G,N,T,5,9/16/2019,1980,41,Yes,English,Yes,Parent,1,2017,NA,NA,No,Female,35-44 Years,NA,White,Hispanic,No,Single Never Married,16,Rent Home,4,2,2,Self,Unemployment (Not Seeking Employment),0,N/A,SNAP,N/A,WIC,N/A,N/A,N/A,N/A,Grade 10,Reads and Comprehends,Other,N/A,N/A,NA,NA,1,NA,47,No,No,Medicaid,NA,NA,NA,NA,NA,NA,NA,NA,NA,NA,NA,NA,NA,NA,NA,NA,NA,NA,NA,NA,NA,NA,NA
A7229,54,SB,PCEP,D,N,W,3,9/16/2019,1996,25,No,Spanish,Yes,Parent,1,2016,NA,NA,No,Female,21-40 years of age,NA,White,Hispanic,No,Living w/partner not married,19,Apartment,4,2,2,Partner,Unemployment (Not Seeking Employment),18200,No,SNAP,N/A,N/A,N/A,N/A,N/A,N/A,Some College,Reads and Comprehends,Outreach/Events,N/A,N/A,NA,NA,1,NA,55,No,No,Medicaid,NA,NA,NA,NA,NA,NA,NA,NA,NA,NA,NA,NA,NA,NA,NA,NA,NA,NA,NA,NA,NA,NA,NA
A8533,55,SB,PCEP,G,N,T,3,9/17/2019,1986,34,Yes,English,No,Parent,1,2019,NA,NA,No,Female,25-34 Years,NA,White,Hispanic,No,Living w/partner not married,21,Apartment,3,1,2,Self,Unemployment (Currently seeking employment),9252,N/A,SNAP,N/A,WIC,N/A,Supplemental Security Income (SSI),N/A,N/A,High School Diploma,Reads and Comprehends,Other,N/A,N/A,NA,NA,1,NA,24,No,No,Medicaid,NA,NA,NA,NA,NA,NA,NA,NA,NA,NA,NA,NA,NA,NA,NA,NA,NA,NA,NA,NA,NA,NA,NA
A1349,56,SB,PCEP,G,N,M,3,9/17/2019,1992,28,Yes,Spanish,Yes,Parent,2,2018,2016,NA,No,Female,25-34 Years,NA,White,Hispanic,No,Separated not living w/spouse,19,Apartment,4,1,3,Self,Part-Time or seasonal job,11280,N/A,SNAP,TANF,WIC,N/A,N/A,N/A,N/A,High School Diploma,Reads and Comprehends,Outreach/Events,N/A,N/A,NA,NA,2,NA,43,No,No,Medicaid,NA,NA,56,No,No,Medicaid,NA,NA,NA,NA,NA,NA,NA,NA,NA,NA,NA,NA,NA,NA,NA,NA,NA
A5583,57,SB,PCEP,G,N,TH,4,9/17/2019,1984,36,Yes,Spanish,No,Parent,1,2019,NA,NA,No,Female,35-44 Years,NA,White,Hispanic,No,Married Living w/spouse,19,Own Home,5,2,3,Self,Full-Time Job,22880,N/A,N/A,N/A,WIC,N/A,N/A,N/A,N/A,High School Diploma,Reads and Comprehends,Self-Referral,N/A,N/A,NA,NA,1,NA,26,No,No,Medicaid,NA,NA,NA,NA,NA,NA,NA,NA,NA,NA,NA,NA,NA,NA,NA,NA,NA,NA,NA,NA,NA,NA,NA
A3865,58,SB,PCEP,G,N,TH,4,9/18/2019,1988,33,Yes,Spanish,No,Parent,2,2017,2015,NA,No,Female,25-34 Years,NA,White,Hispanic,Yes,Separated not living w/spouse,20,Own Home,5,1,4,Self,Part-Time or seasonal job,15600,N/A,N/A,N/A,N/A,N/A,N/A,N/A,I am not receiving any Benefits,Some College,Reads and Comprehends,Other,N/A,N/A,NA,NA,2,NA,48,No,No,Private,NA,NA,69,No,No,Medicaid,NA,NA,NA,NA,NA,NA,NA,NA,NA,NA,NA,NA,NA,NA,NA,NA,NA
A4922,59,SB,PCEP,G,N,M,3,9/18/2019,1996,25,Yes,Spanish,Yes,Parent,1,2017,NA,NA,No,Female,20-24 Years,NA,White,Hispanic,No,Married Living w/spouse,16,Apartment,4,2,2,Partner,Unemployment (Not Seeking Employment),18200,N/A,N/A,N/A,N/A,N/A,N/A,N/A,N/A,High School Diploma,Reads and Comprehends,Outreach/Events,N/A,N/A,NA,NA,1,NA,46,No,No,Medicaid,NA,NA,NA,NA,NA,NA,NA,NA,NA,NA,NA,NA,NA,NA,NA,NA,NA,NA,NA,NA,NA,NA,NA
A2843,60,SB,PCEP,G,N,TH,5,9/18/2019,1986,35,Yes,Spanish,Yes,Parent,2,2019,2016,NA,Yes,Female,25-34 Years,NA,White,Non Hispanic,No,Living w/partner not married,29,Rent Home,4,2,2,Partner,Unemployment (Not Seeking Employment),19744,N/A,SNAP,N/A,WIC,N/A,N/A,N/A,N/A,High School Diploma,Reads and Comprehends,Other,N/A,N/A,NA,NA,2,NA,29,No,No,Medicaid,NA,NA,64,No,No,Medicaid,NA,NA,NA,NA,NA,NA,NA,NA,NA,NA,NA,NA,NA,NA,NA,NA,NA
A6563,61,SB,PCEP,G,N,W,3,9/18/2019,1993,28,Yes,Spanish,Yes,Parent,1,2018,NA,NA,No,Female,25-34 Years,NA,White,Hispanic,No,Married Living w/spouse,21,Rent Home,5,3,2,Partner,Unemployment (Not Seeking Employment),27082,N/A,N/A,N/A,N/A,N/A,N/A,N/A,N/A,Grade 9,Reads and Comprehends,Outreach/Events,N/A,N/A,NA,NA,1,NA,36,No,No,Medicaid,NA,NA,NA,NA,NA,NA,NA,NA,NA,NA,NA,NA,NA,NA,NA,NA,NA,NA,NA,NA,NA,NA,NA
A8397,62,SB,PCEP,G,N,M,3,9/18/2019,1989,31,Yes,Spanish,No,Parent,1,2017,NA,NA,No,Female,25-34 Years,NA,White,Hispanic,Yes,Married Living w/spouse,25,Own Home,7,4,3,Self,Full-Time Job,37284,N/A,N/A,N/A,WIC,N/A,N/A,N/A,N/A,Technical/ Vocational School,Reads and Comprehends,Outreach/Events,N/A,N/A,NA,NA,1,NA,52,No,No,CHIP,NA,NA,NA,NA,NA,NA,NA,NA,NA,NA,NA,NA,NA,NA,NA,NA,NA,NA,NA,NA,NA,NA,NA
A1346,63,SB,PCEP,G,N,W,3,9/18/2019,1982,39,Yes,Spanish,No,Parent,1,2017,NA,NA,No,Female,35-44 Years,NA,White,Hispanic,Yes,Married Living w/spouse,21,Own Home,6,2,4,Partner,Unemployment (Not Seeking Employment),28800,N/A,N/A,N/A,N/A,N/A,N/A,N/A,I am not receiving any Benefits,Technical/ Vocational School,Reads and Comprehends,Door to Door,N/A,N/A,NA,NA,1,NA,52,No,No,Private,NA,NA,NA,NA,NA,NA,NA,NA,NA,NA,NA,NA,NA,NA,NA,NA,NA,NA,NA,NA,NA,NA,NA
A8292,64,SB,PCEP,G,N,T,3,9/18/2019,1988,32,Yes,English,No,Parent,1,2017,NA,NA,No,Female,25-34 Years,NA,White,Hispanic,Yes,Single Never Married,29,Live with Others,2,1,1,Other,Part-Time or seasonal job,13224,N/A,N/A,N/A,N/A,Social Security,N/A,N/A,N/A,High School Diploma,Reads and Comprehends,Other,N/A,N/A,NA,NA,1,NA,53,No,No,Medicaid,NA,NA,NA,NA,NA,NA,NA,NA,NA,NA,NA,NA,NA,NA,NA,NA,NA,NA,NA,NA,NA,NA,NA
A8567,65,SB,PCEP,D,N,T,5,9/18/2019,1983,38,Yes,English,Yes,Parent,1,2019,NA,NA,No,Female,35-44 Years,NA,White,Hispanic,No,Single Never Married,25,Rent Home,5,3,2,Other,Unemployment (Not Seeking Employment),5200,N/A,N/A,N/A,WIC,N/A,N/A,N/A,N/A,GED,Reads and Comprehends,Door to Door,N/A,N/A,NA,NA,1,NA,27,No,No,Medicaid,NA,NA,NA,NA,NA,NA,NA,NA,NA,NA,NA,NA,NA,NA,NA,NA,NA,NA,NA,NA,NA,NA,NA
A2713,66,SB,PCEP,D,N,W,3,9/18/2019,1994,27,Yes,Spanish,No,Parent,1,2017,NA,NA,No,Female,25-34 Years,NA,White,Hispanic,No,Married Living w/spouse,21,Own Home,4,2,2,Partner,Unemployment (Not Seeking Employment),15600,N/A,N/A,N/A,N/A,N/A,N/A,N/A,N/A,High School Diploma,Reads and Comprehends,Other,N/A,N/A,NA,NA,1,NA,53,No,No,Medicaid,NA,NA,NA,NA,NA,NA,NA,NA,NA,NA,NA,NA,NA,NA,NA,NA,NA,NA,NA,NA,NA,NA,NA
A8379,67,SB,PCEP,D,N,M,5,9/18/2019,1983,37,Yes,Spanish,No,Parent,1,2018,NA,NA,No,Female,35-44 Years,NA,White,Hispanic,No,Married Living w/spouse,24,Rent Home,5,2,3,Partner,Unemployment (Not Seeking Employment),18200,N/A,SNAP,N/A,N/A,N/A,N/A,N/A,N/A,Grade 8,Reads and Comprehends,Other,N/A,N/A,NA,NA,1,NA,23,No,No,Medicaid,NA,NA,NA,NA,NA,NA,NA,NA,NA,NA,NA,NA,NA,NA,NA,NA,NA,NA,NA,NA,NA,NA,NA
A9274,68,SB,PCEP,D,N,TH,3,9/18/2019,1985,35,Yes,English,No,Parent,0,2018,NA,NA,Yes,Male,NA,20-24 Years,White,Hispanic,No,Married Living w/spouse,19,Apartment,5,2,3,Partner,Full-Time Job,24961,N/A,SNAP,N/A,WIC,N/A,N/A,N/A,N/A,High School Diploma,Reads and Comprehends,Outreach/Events,N/A,N/A,NA,NA,0,NA,37,No,No,Medicaid,NA,NA,NA,NA,NA,NA,NA,NA,NA,NA,NA,NA,NA,NA,NA,NA,NA,NA,NA,NA,NA,NA,NA
A9766,69,SB,PCEP,D,N,TH,3,9/18/2019,1989,32,Yes,English,No,Parent,1,2018,NA,NA,Yes,Female,35-44 Years,NA,White,Hispanic,No,Married Living w/spouse,17,Apartment,5,2,3,Partner,Enrolled in job training or educational program,24960,N/A,SNAP,N/A,WIC,N/A,N/A,N/A,N/A,Some College,Reads and Comprehends,Outreach/Events,N/A,N/A,NA,NA,1,NA,37,No,No,Medicaid,NA,NA,NA,NA,NA,NA,NA,NA,NA,NA,NA,NA,NA,NA,NA,NA,NA,NA,NA,NA,NA,NA,NA
A9746,70,SB,PCEP,D,N,T,5,9/18/2019,1980,41,Yes,English,Yes,Parent,0,NA,NA,NA,Yes,Female,35-44 Years,NA,Two or more races,Non Hispanic,Yes,Married Living w/spouse,0,Apartment,2,2,0,Partner,Part-Time or seasonal job,1680,Veteran,N/A,N/A,WIC,N/A,N/A,VA Benefits,N/A,Some College,Reads and Comprehends,Door to Door,N/A,N/A,NA,NA,0,NA,NA,NA,NA,NA,NA,NA,NA,NA,NA,NA,NA,NA,NA,NA,NA,NA,NA,NA,NA,NA,NA,NA,NA,NA,NA,NA,NA
A4423,71,SB,PCEP,D,N,T,5,9/18/2019,1973,48,Yes,English,Yes,Parent,0,NA,NA,NA,Yes,Male,NA,45-54 Years,White,Non Hispanic,Yes,Married Living w/spouse,0,Apartment,2,2,0,Self,Retired/ Disabled,1680,Veteran,N/A,N/A,WIC,N/A,N/A,VA Benefits,N/A,College Degree,Reads and Comprehends,Door to Door,N/A,N/A,NA,NA,0,NA,NA,NA,NA,NA,NA,NA,NA,NA,NA,NA,NA,NA,NA,NA,NA,NA,NA,NA,NA,NA,NA,NA,NA,NA,NA,NA,NA
A3981,72,SB,PCEP,G,N,TH,5,9/19/2019,1993,28,Yes,English,No,Parent,1,2018,NA,NA,No,Female,25-34 Years,NA,White,Hispanic,Yes,Single Never Married,19,Rent Home,4,1,3,Self,Full-Time Job,18142,N/A,SNAP,TANF,WIC,N/A,N/A,N/A,N/A,College Degree,Reads and Comprehends,Self-Referral,N/A,N/A,NA,NA,1,NA,37,No,No,Medicaid,NA,NA,NA,NA,NA,NA,NA,NA,NA,NA,NA,NA,NA,NA,NA,NA,NA,NA,NA,NA,NA,NA,NA
A7816,73,SB,PCEP,G,N,TH,3,9/19/2019,1983,37,Yes,English,Yes,Parent,1,2018,NA,NA,No,Female,35-44 Years,NA,White,Hispanic,Yes,Single Never Married,19,Apartment,5,1,4,Self,Part-Time or seasonal job,3600,N/A,SNAP,N/A,WIC,N/A,N/A,N/A,N/A,High School Diploma,Reads and Comprehends,Outreach/Events,N/A,N/A,NA,NA,1,NA,35,No,No,Medicaid,NA,NA,NA,NA,NA,NA,NA,NA,NA,NA,NA,NA,NA,NA,NA,NA,NA,NA,NA,NA,NA,NA,NA
A2736,74,SB,PCEP,G,N,T,5,9/19/2019,1998,23,Yes,English,No,Parent,2,2017,2018,NA,No,Female,20-24 Years,NA,White,Hispanic,Yes,Single Never Married,18,Apartment,3,1,2,Family Member,Unemployment (Currently seeking employment),9996,N/A,SNAP,N/A,WIC,N/A,N/A,N/A,N/A,Some College,Reads and Comprehends,Other,N/A,N/A,NA,NA,2,NA,48,No,No,Medicaid,NA,NA,31,No,No,Medicaid,NA,NA,NA,NA,NA,NA,NA,NA,NA,NA,NA,NA,NA,NA,NA,NA,NA
A3951,75,SB,PCEP,D,N,TH,5,9/19/2019,1982,38,Yes,Spanish,No,Parent,1,2017,NA,NA,No,Female,35-44 Years,NA,White,Hispanic,No,Separated not living w/spouse,17,Apartment,7,4,3,Self,Full-Time Job,13000,N/A,SNAP,N/A,N/A,N/A,N/A,N/A,N/A,Grade 8,Reads and Comprehends,Self-Referral,N/A,N/A,NA,NA,1,NA,49,No,No,Medicaid,NA,NA,NA,NA,NA,NA,NA,NA,NA,NA,NA,NA,NA,NA,NA,NA,NA,NA,NA,NA,NA,NA,NA
A9289,76,SB,PCEP,D,N,T,1,9/19/2019,1995,26,Yes,English,No,Parent,1,2017,NA,NA,No,Female,20-24 Years,NA,White,Hispanic,No,Single Never Married,22,Rent Home,2,1,1,Self,Part-Time or seasonal job,6994,N/A,SNAP,N/A,WIC,N/A,N/A,N/A,N/A,Grade 12 (non-grad),Reads and Comprehends,Outreach/Events,N/A,N/A,NA,NA,1,NA,54,No,No,Medicaid,NA,NA,NA,NA,NA,NA,NA,NA,NA,NA,NA,NA,NA,NA,NA,NA,NA,NA,NA,NA,NA,NA,NA
A4985,77,SB,PCEP,G,N,T,3,9/20/2019,1981,40,Yes,English,No,Parent,1,2018,NA,NA,No,Female,35-44 Years,NA,White,Hispanic,No,Single Never Married,20,Own Home,7,1,6,Self,Part-Time or seasonal job,9600,N/A,SNAP,N/A,N/A,N/A,N/A,N/A,N/A,High School Diploma,Reads and Comprehends,Outreach/Events,N/A,N/A,NA,NA,1,NA,36,No,No,Medicaid,NA,NA,NA,NA,NA,NA,NA,NA,NA,NA,NA,NA,NA,NA,NA,NA,NA,NA,NA,NA,NA,NA,NA
A5598,78,SB,PCEP,G,N,T,5,9/24/2019,1992,29,Yes,English,No,Parent,1,2018,NA,NA,No,Female,25-34 Years,NA,White,Hispanic,No,Single Never Married,21,Live with Others,3,1,2,Self,Unemployment (Currently seeking employment),17136,N/A,SNAP,N/A,WIC,N/A,N/A,N/A,N/A,High School Diploma,Reads and Comprehends,Outreach/Events,N/A,N/A,NA,NA,1,NA,43,No,Yes,Medicaid,NA,NA,NA,NA,NA,NA,NA,NA,NA,NA,NA,NA,NA,NA,NA,NA,NA,NA,NA,NA,NA,NA,NA
A6831,79,SB,PCEP,D,N,T,3,9/24/2019,1993,28,Yes,English,No,Parent,1,2016,NA,NA,No,Female,25-34 Years,NA,White,Hispanic,Yes,Single Never Married,16,Apartment,5,1,4,Self,Unemployment (Currently seeking employment),5304,N/A,SNAP,N/A,WIC,N/A,Supplemental Security Income (SSI),N/A,N/A,High School Diploma,Reads and Comprehends,Outreach/Events,N/A,N/A,NA,NA,1,NA,57,No,No,Medicaid,NA,NA,NA,NA,NA,NA,NA,NA,NA,NA,NA,NA,NA,NA,NA,NA,NA,NA,NA,NA,NA,NA,NA
A2286,80,SB,PCEP,D,N,W,3,9/24/2019,1992,28,Yes,Spanish,No,Parent,1,2018,NA,NA,No,Female,25-34 Years,NA,White,Hispanic,No,Living w/partner not married,19,Apartment,5,2,3,Partner,Unemployment (Currently seeking employment),18200,N/A,SNAP,N/A,WIC,N/A,N/A,N/A,N/A,High School Diploma,Reads and Comprehends,Outreach/Events,N/A,N/A,NA,NA,1,NA,32,No,No,Medicaid,NA,NA,NA,NA,NA,NA,NA,NA,NA,NA,NA,NA,NA,NA,NA,NA,NA,NA,NA,NA,NA,NA,NA
A4982,81,SB,PCEP,G,N,W,5,9/25/2019,1985,35,Yes,Spanish,No,Parent,1,2018,NA,NA,No,Female,25-34 Years,NA,White,Hispanic,No,Married Living w/spouse,21,Rent Home,5,2,3,Partner,Unemployment (Not Seeking Employment),18720,N/A,SNAP,N/A,WIC,N/A,N/A,N/A,N/A,Technical/ Vocational School,Reads and Comprehends,Outreach/Events,N/A,N/A,NA,NA,1,NA,32,No,No,Medicaid,NA,NA,NA,NA,NA,NA,NA,NA,NA,NA,NA,NA,NA,NA,NA,NA,NA,NA,NA,NA,NA,NA,NA
A3616,82,SB,PCEP,D,N,TH,3,9/25/2019,1981,40,Yes,English,No,Parent,0,2018,NA,NA,Yes,Male,NA,35-44 Years,White,Hispanic,No,Living w/partner not married,34,Rent Home,4,2,2,Self,Unemployment (Currently seeking employment),9000,N/A,SNAP,N/A,N/A,N/A,N/A,N/A,N/A,Grade 11,Reads and Comprehends,Self-Referral,N/A,N/A,NA,NA,0,NA,35,No,No,Medicaid,NA,NA,NA,NA,NA,NA,NA,NA,NA,NA,NA,NA,NA,NA,NA,NA,NA,NA,NA,NA,NA,NA,NA
A6184,83,SB,PCEP,D,N,TH,3,9/25/2019,1981,40,Yes,Spanish,No,Parent,0,NA,NA,NA,No,Female,35-44 Years,NA,White,Hispanic,No,Married Living w/spouse,36,Own Home,5,2,3,Partner,Unemployment (Currently seeking employment),28990,N/A,N/A,N/A,WIC,N/A,N/A,N/A,N/A,Advance Degr,Reads and Comprehends,Outreach/Events,N/A,N/A,NA,NA,0,NA,NA,NA,NA,NA,NA,NA,NA,NA,NA,NA,NA,NA,NA,NA,NA,NA,NA,NA,NA,NA,NA,NA,NA,NA,NA,NA,NA
A5443,84,SB,PCEP,D,N,TH,3,9/25/2019,1999,22,Yes,English,No,Parent,1,2018,NA,NA,Yes,Female,20-24 Years,NA,White,Hispanic,Yes,Living w/partner not married,16,Rent Home,4,2,2,Partner,Unemployment (Currently seeking employment),0,N/A,SNAP,N/A,N/A,N/A,N/A,N/A,N/A,Grade 8,Reads and Comprehends,Self-Referral,N/A,N/A,NA,NA,1,NA,35,No,No,Medicaid,NA,NA,NA,NA,NA,NA,NA,NA,NA,NA,NA,NA,NA,NA,NA,NA,NA,NA,NA,NA,NA,NA,NA
A7671,85,SB,PCEP,G,N,W,3,9/26/2019,1991,29,Yes,Spanish,No,Parent,1,2018,NA,NA,No,Female,25-34 Years,NA,White,Hispanic,No,Married Living w/spouse,20,Rent Home,6,2,4,Partner,Unemployment (Currently seeking employment),32239,N/A,N/A,N/A,WIC,N/A,N/A,N/A,N/A,Technical/ Vocational School,Reads and Comprehends,Outreach/Events,N/A,N/A,NA,NA,1,NA,32,No,No,Medicaid,NA,NA,NA,NA,NA,NA,NA,NA,NA,NA,NA,NA,NA,NA,NA,NA,NA,NA,NA,NA,NA,NA,NA
A1534,86,SB,PCEP,G,N,TH,5,9/26/2019,1996,25,Yes,English,No,Parent,1,2016,NA,NA,No,Female,20-24 Years,NA,White,Hispanic,Yes,Single Never Married,20,Housing Project,2,1,1,Self,Full-Time Job,14536,N/A,SNAP,N/A,WIC,N/A,N/A,N/A,N/A,Some College,Reads and Comprehends,Self-Referral,Open Case,Family referred to CPS before enrolled in the Program,NA,NA,1,NA,58,No,No,Medicaid,NA,NA,NA,NA,NA,NA,NA,NA,NA,NA,NA,NA,NA,NA,NA,NA,NA,NA,NA,NA,NA,NA,NA
A4171,87,SB,PCEP/ STF,G,N,TH,5,9/26/2019,1978,43,Yes,Spanish,No,Parent,0,2019,NA,NA,Yes,Male,NA,35-44 Years,White,Hispanic,No,Married Living w/spouse,26,Own Home,5,2,3,Self,Full-Time Job,23400,N/A,N/A,N/A,WIC,N/A,N/A,N/A,N/A,Grade 9,Reads and Comprehends,Other,N/A,N/A,NA,NA,0,NA,30,No,No,Medicaid,NA,NA,NA,NA,NA,NA,NA,NA,NA,NA,NA,NA,NA,NA,NA,NA,NA,NA,NA,NA,NA,NA,NA
A6776,88,SB,PCEP,G,N,T,3,9/26/2019,1996,25,Yes,English,Yes,Parent,1,2017,NA,NA,No,Female,20-24 Years,NA,White,Hispanic,Yes,Single Never Married,20,Housing Project,2,1,1,Partner,Part-Time or seasonal job,28600,N/A,SNAP,N/A,WIC,N/A,N/A,N/A,N/A,Grade 11,Reads and Comprehends,Door to Door,N/A,N/A,NA,NA,1,NA,53,Yes,No,Medicaid,NA,NA,NA,NA,NA,NA,NA,NA,NA,NA,NA,NA,NA,NA,NA,NA,NA,NA,NA,NA,NA,NA,NA
A7585,89,SB,PCEP,D,N,W,3,9/26/2019,1987,33,Yes,Spanish,No,Parent,1,2017,NA,NA,No,Female,25-34 Years,NA,White,Hispanic,Yes,Living w/partner not married,29,Own Home,3,2,1,Partner,Unemployment (Not Seeking Employment),20053,N/A,N/A,N/A,WIC,N/A,N/A,N/A,N/A,Grade 9,Reads and Comprehends,Self-Referral,N/A,N/A,NA,NA,1,NA,46,Yes,No,Medicaid,NA,NA,NA,NA,NA,NA,NA,NA,NA,NA,NA,NA,NA,NA,NA,NA,NA,NA,NA,NA,NA,NA,NA
A7576,90,SB,PCEP,D,N,W,3,9/26/2019,1980,41,Yes,English,No,Parent,1,2018,NA,NA,No,Female,35-44 Years,NA,White,Hispanic,No,Married Living w/spouse,34,Own Home,5,2,3,Partner,Unemployment (Currently seeking employment),31200,N/A,SNAP,N/A,WIC,N/A,N/A,N/A,N/A,Some College,Reads and Comprehends,Outreach/Events,N/A,N/A,NA,NA,1,NA,43,Yes,No,Medicaid,NA,NA,NA,NA,NA,NA,NA,NA,NA,NA,NA,NA,NA,NA,NA,NA,NA,NA,NA,NA,NA,NA,NA
A3461,91,SB,PCEP,G,N,W,4,10/1/2019,1981,39,Yes,Spanish,No,Parent,1,2017,NA,NA,No,Female,35-44 Years,NA,White,Hispanic,No,Married Living w/spouse,25,Own Home,5,2,3,Partner,Unemployment (Not Seeking Employment),26000,N/A,N/A,N/A,WIC,N/A,N/A,N/A,N/A,Advance Degr,Reads and Comprehends,Self-Referral,N/A,N/A,NA,NA,1,NA,49,No,No,CHIP,NA,NA,NA,NA,NA,NA,NA,NA,NA,NA,NA,NA,NA,NA,NA,NA,NA,NA,NA,NA,NA,NA,NA
A8195,92,SB,PCEP,D,N,M,0,10/2/2019,1996,25,Yes,Spanish,No,Parent,1,2018,NA,NA,No,Female,20-24 Years,NA,White,Hispanic,Yes,Single Never Married,16,Housing Project,2,1,1,Other,Unemployment (Not Seeking Employment),3144,N/A,SNAP,TANF,WIC,N/A,N/A,N/A,N/A,Grade 4,Reads and Comprehends,Self-Referral,N/A,N/A,NA,NA,1,NA,41,No,No,Medicaid,NA,NA,NA,NA,NA,NA,NA,NA,NA,NA,NA,NA,NA,NA,NA,NA,NA,NA,NA,NA,NA,NA,NA
A8851,93,SB,PCEP,G,N,TH,5,10/3/2019,1990,31,Yes,English,No,Parent,3,2018,2017,2016,Yes,Female,25-34 Years,NA,White,Hispanic,No,Married Living w/spouse,18,Rent Home,9,2,7,Partner,Full-Time Job,27712,N/A,SNAP,N/A,WIC,N/A,N/A,N/A,N/A,Grade 9,Reads and Comprehends,Outreach/Events,N/A,N/A,NA,NA,3,NA,36,No,No,Medicaid,NA,NA,28,No,No,Medicaid,NA,NA,NA,NA,No,No,Medicaid,NA,NA,NA,NA,NA,NA,NA,NA,NA,NA
A4468,94,SB,PCEP,G,N,M,3,10/3/2019,1992,29,Yes,Spanish,No,Parent,1,2018,NA,NA,No,Female,25-34 Years,NA,White,Hispanic,No,Married Living w/spouse,22,Rent Home,6,2,4,Partner,Unemployment (Not Seeking Employment),31297,N/A,N/A,N/A,WIC,N/A,N/A,N/A,N/A,Grade 9,Reads and Comprehends,Outreach/Events,N/A,N/A,NA,NA,1,NA,39,No,No,None,NA,NA,NA,NA,NA,NA,NA,NA,NA,NA,NA,NA,NA,NA,NA,NA,NA,NA,NA,NA,NA,NA,NA
A1351,95,SB,PCEP/ STF,G,N,TH,5,10/3/2019,1998,23,Yes,Spanish,No,Parent,0,2018,2017,2016,Yes,Male,NA,20-24 Years,White,Hispanic,No,Married Living w/spouse,18,Rent Home,9,2,7,Self,Full-Time Job,37440,N/A,SNAP,N/A,WIC,N/A,N/A,N/A,N/A,Grade 7,Reads and Comprehends,Outreach/Events,N/A,N/A,NA,NA,0,NA,36,No,No,Medicaid,NA,NA,28,No,No,Medicaid,NA,NA,NA,NA,No,No,Medicaid,NA,NA,NA,NA,NA,NA,NA,NA,NA,NA
A9492,96,SB,PCEP,G,N,W,4,10/3/2019,1984,37,Yes,Spanish,No,Parent,1,2017,NA,NA,No,Female,35-44 Years,NA,White,Hispanic,No,Married Living w/spouse,18,Rent Home,5,2,3,Partner,Unemployment (Not Seeking Employment),20800,N/A,N/A,N/A,N/A,N/A,N/A,N/A,I am not receiving any Benefits,Grade 9,Reads and Comprehends,Other,N/A,N/A,NA,NA,1,NA,52,No,No,Medicaid,NA,NA,NA,NA,NA,NA,NA,NA,NA,NA,NA,NA,NA,NA,NA,NA,NA,NA,NA,NA,NA,NA,NA
A1456,97,SB,PCEP,D,N,TH,5,10/3/2019,1991,30,Yes,Spanish,No,Parent,1,2017,NA,NA,No,Female,25-34 Years,NA,White,Hispanic,Yes,Married Living w/spouse,26,Own Home,4,3,1,Self,Full-Time Job,21411,N/A,N/A,N/A,N/A,N/A,N/A,N/A,N/A,College Degree,Reads and Comprehends,Outreach/Events,N/A,N/A,No,NA,1,NA,49,No,No,Private,NA,NA,NA,NA,NA,NA,NA,NA,NA,NA,NA,NA,NA,NA,NA,NA,NA,NA,NA,NA,NA,NA,NA
A8142,98,SB,PCEP,G,N,M,0,10/9/2019,1978,43,Yes,Spanish,No,Parent,1,2019,NA,NA,No,Female,35-44 Years,NA,White,Hispanic,No,Married Living w/spouse,24,Rent Home,5,2,3,Partner,Unemployment (Not Seeking Employment),26000,N/A,N/A,N/A,WIC,N/A,N/A,N/A,N/A,Grade 9,Reads and Comprehends,Outreach/Events,N/A,N/A,NA,NA,1,NA,28,No,No,Medicaid,NA,NA,NA,NA,NA,NA,NA,NA,NA,NA,NA,NA,NA,NA,NA,NA,NA,NA,NA,NA,NA,NA,NA
A7987,99,SB,PCEP/ STF,G,N,TH,3,10/10/2019,1990,31,Yes,Spanish,No,Parent,0,2016,NA,NA,Yes,Male,NA,25-34 Years,White,Hispanic,No,Living w/partner not married,17,Rent Home,4,2,2,Self,Full-Time Job,20800,N/A,N/A,N/A,N/A,N/A,N/A,N/A,I am not receiving any Benefits,GED,Reads and Comprehends,Other,N/A,N/A,NA,NA,0,NA,59,No,No,Medicaid,NA,NA,NA,NA,NA,NA,NA,NA,NA,NA,NA,NA,NA,NA,NA,NA,NA,NA,NA,NA,NA,NA,NA
A4738,100,SB,PCEP,D,N,TH,6,10/10/2019,1990,31,Yes,English,No,Parent,0,2017,2019,NA,Yes,Male,NA,25-34 Years,White,Hispanic,Yes,Living w/partner not married,27,Live with Others,4,2,2,Self,Part-Time or seasonal job,8100,N/A,SNAP,N/A,N/A,N/A,Supplemental Security Income (SSI),N/A,N/A,College Degree,Reads and Comprehends,Outreach/Events,N/A,N/A,NA,NA,0,NA,44,No,No,Medicaid,NA,NA,28,No,No,Medicaid,NA,NA,NA,NA,NA,NA,NA,NA,NA,NA,NA,NA,NA,NA,NA,NA,NA
A1993,101,SB,PCEP,D,N,TH,6,10/10/2019,1988,33,Yes,English,No,Parent,2,2017,2019,NA,Yes,Female,25-34 Years,NA,Black or African,Non Hispanic,Yes,Living w/partner not married,29,Live with Others,4,2,2,Partner,Enrolled in job training or educational program,8100,N/A,N/A,N/A,N/A,N/A,Supplemental Security Income (SSI),N/A,N/A,Advance Degr,Reads and Comprehends,Outreach/Events,N/A,N/A,NA,NA,2,NA,44,No,No,Medicaid,NA,NA,28,No,No,Medicaid,NA,NA,NA,NA,NA,NA,NA,NA,NA,NA,NA,NA,NA,NA,NA,NA,NA
A1391,102,SB,PCEP,D,N,TH,3,10/10/2019,1996,25,Yes,English,No,Parent,0,2017,NA,NA,No,Female,20-24 Years,NA,White,Hispanic,No,Single Never Married,18,Apartment,5,2,3,Self,Unemployment (Currently seeking employment),9420,N/A,N/A,N/A,N/A,N/A,N/A,N/A,I am not receiving any Benefits,High School Diploma,Reads and Comprehends,Child Protective Services (CPS),Open Case,Family referred to CPS before enrolled in the Program,NA,NA,0,NA,55,No,No,Medicaid,NA,NA,NA,NA,NA,NA,NA,NA,NA,NA,NA,NA,NA,NA,NA,NA,NA,NA,NA,NA,NA,NA,NA
A6982,103,SB,PCEP,D,N,TH,3,10/10/2019,1976,44,Yes,English,No,Grandparent,1,2017,NA,NA,No,Female,35-44 Years,NA,White,Hispanic,Yes,Divorced,19,Apartment,5,2,3,Self,Retired/ Disabled,9420,N/A,SNAP,N/A,N/A,Social Security,Supplemental Security Income (SSI),N/A,N/A,Grade 11,Reads and Comprehends,Outreach/Events,N/A,N/A,NA,NA,1,NA,55,No,No,Medicaid,NA,NA,NA,NA,NA,NA,NA,NA,NA,NA,NA,NA,NA,NA,NA,NA,NA,NA,NA,NA,NA,NA,NA
A2199,104,SB,PCEP,D,N,M,5,10/11/2019,1998,23,Yes,English,No,Parent,1,2017,NA,NA,No,Female,20-24 Years,NA,White,Hispanic,Yes,Married Living w/spouse,17,Rent Home,4,2,2,Partner,Unemployment (Not Seeking Employment),24680,N/A,N/A,N/A,WIC,N/A,N/A,N/A,N/A,Grade 10,Reads and Comprehends,Outreach/Events,N/A,N/A,NA,NA,1,NA,48,No,No,Medicaid,NA,NA,NA,NA,NA,NA,NA,NA,NA,NA,NA,NA,NA,NA,NA,NA,NA,NA,NA,NA,NA,NA,NA
A1711,105,SB,PCEP,G,N,M,4,10/14/2019,1993,28,Yes,Spanish,No,Parent,1,2017,NA,NA,No,Female,25-34 Years,NA,White,Hispanic,No,Married Living w/spouse,18,Own Home,5,2,3,Self,Full-Time Job,23401.04,N/A,SNAP,N/A,WIC,N/A,N/A,N/A,N/A,GED,Reads and Comprehends,Other,N/A,N/A,NA,NA,1,NA,50,Yes,Yes,Medicaid,NA,NA,NA,NA,NA,NA,NA,NA,NA,NA,NA,NA,NA,NA,NA,NA,NA,NA,NA,NA,NA,NA,NA
A7648,106,SB,PCEP,G,N,W,3,10/18/2019,1988,33,Yes,Spanish,No,Parent,1,2018,NA,NA,Yes,Female,25-34 Years,NA,White,Hispanic,No,Married Living w/spouse,26,Live with Others,4,2,2,Partner,Full-Time Job,19500,N/A,N/A,N/A,WIC,N/A,N/A,N/A,N/A,Advance Degr,Reads and Comprehends,Outreach/Events,N/A,N/A,NA,NA,1,NA,34,No,No,Medicaid,NA,NA,NA,NA,NA,NA,NA,NA,NA,NA,NA,NA,NA,NA,NA,NA,NA,NA,NA,NA,NA,NA,NA
A7173,107,SB,PCEP,D,N,M,3,10/18/2019,1997,23,Yes,Spanish,No,Parent,1,2018,NA,NA,No,Female,20-24 Years,NA,White,Hispanic,No,Separated not living w/spouse,21,Live with Others,2,1,1,Family Member,Unemployment (Currently seeking employment),2424,N/A,N/A,N/A,WIC,N/A,N/A,N/A,N/A,High School Diploma,Reads and Comprehends,Outreach/Events,N/A,N/A,NA,NA,1,NA,33,No,No,Medicaid,NA,NA,NA,NA,NA,NA,NA,NA,NA,NA,NA,NA,NA,NA,NA,NA,NA,NA,NA,NA,NA,NA,NA
A8181,108,SB,PCEP,D,N,TH,5,10/24/2019,1988,32,Yes,Spanish,Yes,Parent,0,2019,NA,NA,Yes,Male,NA,25-34 Years,White,Hispanic,Yes,Living w/partner not married,27,Rent Home,4,2,2,Self,Full-Time Job,23122,N/A,SNAP,N/A,WIC,N/A,N/A,N/A,N/A,High School Diploma,Reads and Comprehends,Self-Referral,N/A,N/A,NA,NA,0,NA,29,No,No,Medicaid,NA,NA,64,No,No,Medicaid,NA,NA,NA,NA,NA,NA,NA,NA,NA,NA,NA,NA,NA,NA,NA,NA,NA
A4735,109,SB,PCEP/ STF,G,N,TH,5,10/28/2019,1985,36,Yes,Spanish,No,Parent,0,2016,2019,NA,Yes,Male,NA,25-34 Years,White,Hispanic,Yes,Married Living w/spouse,31,Own Home,4,2,2,Partner,Full-Time Job,38077,N/A,N/A,N/A,WIC,N/A,N/A,N/A,N/A,Grade 12 (non-grad),Reads and Comprehends,Self-Referral,N/A,N/A,NA,NA,0,NA,63,No,No,CHIP,NA,NA,12,No,No,Medicaid,NA,NA,NA,NA,NA,NA,NA,NA,NA,NA,NA,NA,NA,NA,NA,NA,NA
A3236,110,SB,PCEP,G,N,M,3,10/28/2019,1954,67,Yes,Spanish,No,Grandparent,2,2017,2018,NA,No,Female,65-74 Years,NA,White,Hispanic,Yes,Divorced,21,Apartment,3,1,2,Other,Unemployment (Not Seeking Employment),7944,N/A,SNAP,N/A,WIC,Social Security,N/A,N/A,N/A,Grade 6,Reads and Comprehends,Other,N/A,N/A,NA,NA,2,NA,51,Yes,No,Medicaid,NA,NA,38,No,No,Medicaid,NA,NA,NA,NA,NA,NA,NA,NA,NA,NA,NA,NA,NA,NA,NA,NA,NA
A5363,111,SB,PCEP,G,N,TH,5,10/28/2019,1995,26,Yes,Spanish,Yes,Parent,2,2016,2019,NA,Yes,Female,20-24 Years,NA,White,Hispanic,No,Married Living w/spouse,21,Own Home,4,2,2,Partner,Unemployment (Not Seeking Employment),38077,N/A,SNAP,N/A,WIC,N/A,N/A,N/A,N/A,Some College,Reads and Comprehends,Other,N/A,N/A,NA,NA,2,NA,63,No,No,CHIP,NA,NA,30,No,No,Medicaid,NA,NA,NA,NA,NA,NA,NA,NA,NA,NA,NA,NA,NA,NA,NA,NA,NA
A9181,112,SB,PCEP/ STF,G,N,TH,4,10/28/2019,1972,49,Yes,English,No,Other than Parent/Grandparent,0,2016,NA,NA,Yes,Male,NA,45-54 Years,White,Non Hispanic,No,Living w/partner not married,18,Live with Others,3,2,1,Partner,Full-Time Job,0,N/A,SNAP,N/A,WIC,N/A,N/A,N/A,N/A,Some College,Reads and Comprehends,Outreach/Events,N/A,N/A,NA,NA,0,NA,57,No,No,Medicaid,NA,NA,NA,NA,NA,NA,NA,NA,NA,NA,NA,NA,NA,NA,NA,NA,NA,NA,NA,NA,NA,NA,NA
A7628,113,SB,PCEP,G,N,M,3,10/30/2019,1985,35,Yes,Spanish,Yes,Parent,2,2018,NA,NA,No,Female,25-34 Years,NA,White,Hispanic,No,Married Living w/spouse,18,Own Home,6,2,4,Partner,Unemployment (Not Seeking Employment),15845,N/A,N/A,N/A,N/A,N/A,N/A,N/A,N/A,High School Diploma,Reads and Comprehends,Outreach/Events,N/A,N/A,NA,NA,2,NA,35,No,No,Medicaid,NA,NA,47,No,No,Medicaid,NA,NA,NA,NA,NA,NA,NA,NA,NA,NA,NA,NA,NA,NA,NA,NA,NA
A7588,114,SB,PCEP,D,N,T,3,10/30/2019,1988,33,Yes,English,Yes,Parent,1,2018,NA,NA,No,Female,25-34 Years,NA,White,Hispanic,No,Single Never Married,30,Live with Others,2,1,1,Self,Unemployment (Currently seeking employment),5400,N/A,SNAP,N/A,WIC,N/A,N/A,N/A,N/A,Technical/ Vocational School,Reads and Comprehends,Other,N/A,N/A,NA,NA,1,NA,33,No,No,Medicaid,NA,NA,NA,NA,NA,NA,NA,NA,NA,NA,NA,NA,NA,NA,NA,NA,NA,NA,NA,NA,NA,NA,NA
A2851,115,SB,PCEP,G,N,T,5,10/31/2019,1992,29,Yes,English,Yes,Parent,1,2017,NA,NA,No,Female,25-34 Years,NA,White,Hispanic,No,Married Living w/spouse,20,Rent Home,5,2,3,Self,Full-Time Job,13959,N/A,N/A,N/A,N/A,N/A,N/A,N/A,I am not receiving any Benefits,High School Diploma,Reads and Comprehends,Other,N/A,N/A,NA,NA,1,NA,48,No,No,Medicaid,NA,NA,NA,NA,NA,NA,NA,NA,NA,NA,NA,NA,NA,NA,NA,NA,NA,NA,NA,NA,NA,NA,NA
A6679,116,SB,PCEP,G,N,T,4,11/1/2019,1999,21,Yes,English,No,Parent,1,2018,NA,NA,No,Female,20-24 Years,NA,White,Hispanic,Yes,Single Never Married,18,Live with Others,5,3,2,Self,Part-Time or seasonal job,5890.56,N/A,N/A,N/A,WIC,N/A,N/A,N/A,N/A,High School Diploma,Reads and Comprehends,Self-Referral,N/A,N/A,NA,NA,1,NA,40,No,No,Medicaid,NA,NA,NA,NA,NA,NA,NA,NA,NA,NA,NA,NA,NA,NA,NA,NA,NA,NA,NA,NA,NA,NA,NA
A5792,117,SB,PCEP,G,N,T,5,11/1/2019,1988,32,Yes,English,No,Parent,2,2019,2017,NA,Yes,Female,25-34 Years,NA,White,Hispanic,Yes,Widowed spouse is deceased,27,Live with Others,4,4,3,Self,Unemployment (Not Seeking Employment),10536,N/A,SNAP,N/A,WIC,N/A,N/A,N/A,N/A,Grade 12 (non-grad),Reads and Comprehends,Other,N/A,N/A,NA,NA,2,NA,25,No,No,Medicaid,NA,NA,48,No,No,Medicaid,NA,NA,NA,NA,NA,NA,NA,NA,NA,NA,NA,NA,NA,NA,NA,NA,NA
A1941,118,SB,PCEP,D,N,T,3,11/8/2019,1990,31,Yes,English,No,Parent,2,2017,2016,NA,No,Female,25-34 Years,NA,White,Hispanic,No,Single Never Married,19,Apartment,5,1,4,Family Member,Unemployment (Currently seeking employment),0,N/A,SNAP,N/A,WIC,N/A,N/A,N/A,N/A,High School Diploma,Reads and Comprehends,Self-Referral,N/A,N/A,NA,NA,2,NA,47,No,No,Medicaid,NA,NA,58,No,No,Medicaid,NA,NA,NA,NA,NA,NA,NA,NA,NA,NA,NA,NA,NA,NA,NA,NA,NA
A1371,119,SB,PCEP,D,N,TH,3,11/8/2019,1992,29,Yes,Spanish,No,Parent,2,2017,2019,NA,No,Female,25-34 Years,NA,White,Hispanic,No,Married Living w/spouse,19,Rent Home,5,3,2,Self,Unemployment (Not Seeking Employment),26400,N/A,N/A,N/A,WIC,N/A,N/A,N/A,N/A,High School Diploma,Reads and Comprehends,Outreach/Events,N/A,N/A,NA,NA,2,NA,49,No,No,Medicaid,NA,NA,29,No,No,Medicaid,NA,NA,NA,NA,NA,NA,NA,NA,NA,NA,NA,NA,NA,NA,NA,NA,NA
A2255,120,SB,PCEP,G,N,M,3,11/11/2019,1976,45,Yes,Spanish,No,Parent,1,2018,NA,NA,No,Female,35-44 Years,NA,White,Hispanic,Yes,Married Living w/spouse,30,Own Home,5,2,3,Partner,Full-Time Job,26400,N/A,N/A,N/A,WIC,N/A,N/A,N/A,N/A,High School Diploma,Reads and Comprehends,Self-Referral,N/A,N/A,NA,NA,1,NA,42,Yes,Yes,CHIP,NA,NA,NA,NA,NA,NA,NA,NA,NA,NA,NA,NA,NA,NA,NA,NA,NA,NA,NA,NA,NA,NA,NA
A8616,121,SB,PCEP,D,N,TH,5,11/11/2019,1992,29,Yes,Spanish,No,Parent,1,2016,NA,NA,No,Female,25-34 Years,NA,White,Hispanic,Yes,Married Living w/spouse,21,Rent Home,4,2,2,Partner,Full-Time Job,14400,N/A,N/A,N/A,N/A,N/A,N/A,N/A,I am not receiving any Benefits,College Degree,Reads and Comprehends,Self-Referral,N/A,N/A,NA,NA,1,NA,66,No,No,Medicaid,NA,NA,NA,NA,NA,NA,NA,NA,NA,NA,NA,NA,NA,NA,NA,NA,NA,NA,NA,NA,NA,NA,NA
A8347,122,SB,PCEP,D,N,TH,5,11/12/2019,1988,32,Yes,Spanish,No,Parent,1,2016,NA,NA,No,Female,25-34 Years,NA,White,Hispanic,No,Married Living w/spouse,17,Rent Home,5,2,3,Partner,Unemployment (Currently seeking employment),16800,N/A,SNAP,N/A,WIC,N/A,N/A,N/A,N/A,Grade 12 (non-grad),Reads and Comprehends,Self-Referral,N/A,N/A,NA,NA,1,NA,60,No,No,Medicaid,NA,NA,NA,NA,NA,NA,NA,NA,NA,NA,NA,NA,NA,NA,NA,NA,NA,NA,NA,NA,NA,NA,NA
A4885,123,SB,PCEP,D,N,TH,2,11/14/2019,1995,26,Yes,English,No,Parent,1,2019,NA,NA,Yes,Female,20-24 Years,NA,White,Hispanic,Yes,Married Living w/spouse,24,Apartment,2,2,0,Partner,Unemployment (Not Seeking Employment),15000,N/A,N/A,N/A,WIC,N/A,N/A,N/A,N/A,Some College,Reads and Comprehends,Other,N/A,N/A,NA,NA,1,NA,19,No,No,Medicaid,NA,NA,NA,NA,NA,NA,NA,NA,NA,NA,NA,NA,NA,NA,NA,NA,NA,NA,NA,NA,NA,NA,NA
A8193,124,SB,PCEP/ STF,G,N,TH,3,11/15/2019,1996,25,Yes,English,No,Parent,0,2018,NA,NA,Yes,Male,20-24 Years,20-24 Years,White,Hispanic,No,Married Living w/spouse,22,Rent Home,7,6,1,Self,Full-Time Job,22560,N/A,SNAP,N/A,WIC,N/A,N/A,N/A,N/A,College Degree,Reads and Comprehends,Other,N/A,N/A,NA,NA,0,NA,32,No,No,Medicaid,NA,NA,NA,NA,NA,NA,NA,NA,NA,NA,NA,NA,NA,NA,NA,NA,NA,NA,NA,NA,NA,NA,NA
A3198,125,SB,PCEP,G,N,TH,3,11/15/2019,1997,23,Yes,English,No,Parent,1,2018,NA,NA,Yes,Female,20-24 Years,NA,White,Hispanic,No,Married Living w/spouse,21,Rent Home,7,6,1,Partner,Unemployment (Not Seeking Employment),22560,N/A,SNAP,N/A,WIC,N/A,N/A,N/A,N/A,High School Diploma,Reads and Comprehends,Other,N/A,N/A,NA,NA,1,NA,32,No,No,Medicaid,NA,NA,NA,NA,NA,NA,NA,NA,NA,NA,NA,NA,NA,NA,NA,NA,NA,NA,NA,NA,NA,NA,NA
A5488,126,SB,PCEP,G,N,W,4,11/18/2019,1985,36,Yes,Spanish,No,Parent,1,2017,NA,NA,No,Female,25-34 Years,NA,White,Hispanic,No,Single Never Married,31,Own Home,5,3,2,Self,Unemployment (Currently seeking employment),27658,N/A,N/A,N/A,N/A,N/A,N/A,N/A,N/A,College Degree,Reads and Comprehends,Self-Referral,N/A,N/A,NA,NA,1,NA,50,Yes,Yes,None,NA,NA,NA,NA,NA,NA,NA,NA,NA,NA,NA,NA,NA,NA,NA,NA,NA,NA,NA,NA,NA,NA,NA
A6924,127,SB,PCEP,G,N,M,3,11/19/2019,1981,39,Yes,Spanish,No,Parent,1,2017,NA,NA,No,Female,35-44 Years,NA,White,Hispanic,Yes,Married Living w/spouse,32,Rent Home,5,3,2,Partner,Unemployment (Not Seeking Employment),24700,N/A,N/A,N/A,WIC,N/A,N/A,N/A,N/A,Grade 12 (non-grad),Reads and Comprehends,Other,N/A,N/A,NA,NA,1,NA,476,No,No,Medicaid,NA,NA,NA,NA,NA,NA,NA,NA,NA,NA,NA,NA,NA,NA,NA,NA,NA,NA,NA,NA,NA,NA,NA
A4775,128,SB,PCEP,G,N,T,3,11/22/2019,1981,39,Yes,English,No,Parent,1,2018,NA,NA,No,Female,35-44 Years,NA,White,Hispanic,Yes,Married Living w/spouse,15,Rent Home,7,2,5,Self,Retired/ Disabled,20636,N/A,SNAP,N/A,WIC,N/A,Supplemental Security Income (SSI),N/A,N/A,Grade 10,Reads and Comprehends,Other,Open Case,N/A,NA,NA,1,NA,38,No,No,Medicaid,NA,NA,NA,NA,NA,NA,NA,NA,NA,NA,NA,NA,NA,NA,NA,NA,NA,NA,NA,NA,NA,NA,NA
A7592,129,SB,PCEP,G,N,M,3,12/2/2019,1972,49,Yes,Spanish,No,Parent,2,2016,2018,NA,No,Female,45-54 Years,NA,White,Hispanic,No,Divorced,24,Own Home,6,4,2,Self,Part-Time or seasonal job,20800,N/A,N/A,N/A,N/A,N/A,N/A,N/A,I am not receiving any Benefits,Some College,Reads and Comprehends,Other,Open Case,Family referred to CPS before enrolled in the Program,NA,NA,2,NA,59,No,No,None,NA,NA,40,No,No,None,NA,NA,NA,NA,NA,NA,NA,NA,NA,NA,NA,NA,NA,NA,NA,NA,NA
A1992,130,SB,PCEP/ STF,G,N,TH,4,12/3/2019,1996,24,Yes,English,No,Parent,0,2018,2019,NA,Yes,Male,20-24 Years,25-34 Years,White,Hispanic,No,Single Never Married,25,Live with Others,4,2,2,Partner,Unemployment (Currently seeking employment),14400,N/A,N/A,N/A,N/A,N/A,N/A,N/A,I am not receiving any Benefits,Grade 10,Reads and Comprehends,Other,Open Case,Family referred to CPS before enrolled in the Program,NA,NA,0,NA,34,No,No,Medicaid,NA,NA,34,No,No,Medicaid,NA,NA,NA,NA,NA,NA,NA,NA,NA,NA,NA,NA,NA,NA,NA,NA,NA
A9268,131,SB,PCEP,G,N,TH,4,12/3/2019,1996,24,Yes,English,No,Parent,2,2018,2018,NA,Yes,Female,20-24 Years,NA,White,Hispanic,Yes,Single Never Married,16,Live with Others,7,4,3,Self,Full-Time Job,14400,N/A,SNAP,N/A,WIC,N/A,N/A,N/A,N/A,High School Diploma,Reads and Comprehends,Other,Open Case,Family referred to CPS before enrolled in the Program,NA,NA,2,NA,34,No,No,Medicaid,NA,NA,34,No,No,Medicaid,NA,NA,NA,NA,NA,NA,NA,NA,NA,NA,NA,NA,NA,NA,NA,NA,NA
A5857,132,SB,PCEP/ STF,G,N,T,3,12/4/2019,1986,34,Yes,English,No,Parent,0,2018,NA,NA,Yes,Male,NA,25-34 Years,White,Hispanic,No,Single Never Married,18,Own Home,6,1,5,Self,Full-Time Job,26000,N/A,SNAP,N/A,WIC,N/A,N/A,N/A,N/A,GED,Reads and Comprehends,Other,N/A,N/A,NA,NA,0,NA,38,No,No,Medicaid,NA,NA,NA,NA,NA,NA,NA,NA,NA,NA,NA,NA,NA,NA,NA,NA,NA,NA,NA,NA,NA,NA,NA
A5676,133,SB,PCEP,G,N,W,8,12/6/2019,1992,29,Yes,English,No,Parent,1,2018,NA,NA,No,Female,25-34 Years,NA,White,Hispanic,Yes,Married Living w/spouse,17,Rent Home,7,2,5,Partner,Unemployment (Not Seeking Employment),30160,N/A,N/A,N/A,N/A,N/A,N/A,N/A,I am not receiving any Benefits,High School Diploma,Reads and Comprehends,Other,N/A,N/A,NA,NA,1,NA,36,No,No,Private,NA,NA,NA,NA,NA,NA,NA,NA,NA,NA,NA,NA,NA,NA,NA,NA,NA,NA,NA,NA,NA,NA,NA
A4836,134,SB,PCEP,G,N,W,5,12/11/2019,1981,40,Yes,Spanish,No,Parent,1,2017,NA,NA,Yes,Female,35-44 Years,NA,White,Hispanic,Yes,Living w/partner not married,17,Apartment,4,3,1,Partner,Unemployment (Not Seeking Employment),20800,N/A,N/A,N/A,WIC,N/A,N/A,N/A,N/A,Grade 7,Reads and Comprehends,Self-Referral,N/A,N/A,NA,NA,1,NA,51,Yes,No,Medicaid,NA,NA,NA,NA,NA,NA,NA,NA,NA,NA,NA,NA,NA,NA,NA,NA,NA,NA,NA,NA,NA,NA,NA
A2394,135,SB,PCEP,D,N,TH,2,12/12/2019,1992,29,Yes,English,No,Parent,0,2019,NA,NA,Yes,Male,NA,25-34 Years,White,Hispanic,No,Married Living w/spouse,27,Apartment,2,2,0,Self,Full-Time Job,15000,N/A,N/A,N/A,WIC,N/A,N/A,N/A,N/A,Some College,Reads and Comprehends,Other,N/A,N/A,NA,NA,0,NA,19,No,No,Medicaid,NA,NA,NA,NA,NA,NA,NA,NA,NA,NA,NA,NA,NA,NA,NA,NA,NA,NA,NA,NA,NA,NA,NA
A3539,136,SB,PCEP,G,N,M,7,12/16/2019,1981,40,Yes,English,Yes,Parent,0,2017,2018,NA,No,Female,35-44 Years,NA,White,Hispanic,No,Single Never Married,21,Housing Project,2,1,1,Family Member,Part-Time or seasonal job,200,N/A,N/A,N/A,N/A,N/A,N/A,N/A,I am not receiving any Benefits,Some College,Reads and Comprehends,Other,Closed Case,N/A,NA,NA,0,NA,51,Yes,Yes,Medicaid,NA,NA,38,No,No,Medicaid,NA,NA,NA,NA,NA,NA,NA,NA,NA,NA,NA,NA,NA,NA,NA,NA,NA
A9254,137,SB,PCEP,A,N,TH,3,1/9/2020,1989,31,Yes,Spanish,No,Parent,1,2018,NA,NA,Yes,Female,25-34 Years,NA,White,Hispanic,No,Married Living w/spouse,21,Own Home,5,2,3,Partner,Unemployment (Not Seeking Employment),14728,N/A,N/A,N/A,N/A,N/A,N/A,N/A,N/A,Some College,Reads and Comprehends,Other,N/A,N/A,NA,NA,1,NA,39,No,No,Medicaid,NA,NA,NA,NA,NA,NA,NA,NA,NA,NA,NA,NA,NA,NA,NA,NA,NA,NA,NA,NA,NA,NA,NA
A4187,138,SB,STF,A,N,TH,3,1/9/2020,1988,32,Yes,Spanish,No,Parent,0,2018,NA,NA,Yes,Male,NA,25-34 Years,White,Hispanic,No,Married Living w/spouse,22,Own Home,5,2,3,Self,Full-Time Job,14728,N/A,N/A,N/A,N/A,N/A,N/A,N/A,N/A,Grade 9,Reads and Comprehends,Other,N/A,N/A,NA,NA,0,NA,39,No,No,Medicaid,NA,NA,NA,NA,NA,NA,NA,NA,NA,NA,NA,NA,NA,NA,NA,NA,NA,NA,NA,NA,NA,NA,NA
A3825,139,SB,STF,A,N,TH,3,1/9/2020,1986,34,Yes,Spanish,No,Parent,0,2017,NA,NA,Yes,Male,NA,25-34 Years,White,Hispanic,Yes,Married Living w/spouse,24,Own Home,5,2,3,Self,Full-Time Job,28600,N/A,N/A,N/A,WIC,N/A,N/A,N/A,N/A,Grade 9,Reads and Comprehends,Other,N/A,N/A,NA,NA,0,NA,53,No,No,Medicaid,NA,NA,NA,NA,NA,NA,NA,NA,NA,NA,NA,NA,NA,NA,NA,NA,NA,NA,NA,NA,NA,NA,NA
A7689,140,SB,STF,A,N,TH,0,1/9/2020,1963,58,Yes,Spanish,No,Parent,0,2017,NA,NA,Yes,Male,NA,55-64 Years,White,Hispanic,No,Married Living w/spouse,47,Own Home,4,2,2,Self,Full-Time Job,15540,N/A,SNAP,N/A,WIC,N/A,N/A,N/A,N/A,Grade 5,Reads and Comprehends,Other,N/A,N/A,NA,NA,0,NA,52,No,No,Medicaid,NA,NA,NA,NA,NA,NA,NA,NA,NA,NA,NA,NA,NA,NA,NA,NA,NA,NA,NA,NA,NA,NA,NA
A2147,141,SB,STF,A,N,TH,4,1/9/2020,1983,38,Yes,Spanish,No,Parent,0,2017,NA,NA,Yes,Male,NA,NA,White,Hispanic,Yes,Married Living w/spouse,30,Rent Home,6,4,2,Self,Full-Time Job,25260,N/A,N/A,N/A,N/A,N/A,N/A,N/A,N/A,Some College,Reads and Comprehends,Other,N/A,N/A,NA,NA,0,NA,52,No,No,CHIP,NA,NA,NA,NA,NA,NA,NA,NA,NA,NA,NA,NA,NA,NA,NA,NA,NA,NA,NA,NA,NA,NA,NA
A5754,142,SB,STF,A,N,TH,2,1/9/2020,1988,32,Yes,Spanish,No,Parent,0,2016,NA,NA,Yes,Male,NA,25-34 Years,White,Hispanic,No,Married Living w/spouse,25,Own Home,4,2,2,Self,Full-Time Job,24178,N/A,N/A,N/A,WIC,N/A,N/A,N/A,N/A,Grade 11,Reads and Comprehends,Other,N/A,N/A,NA,NA,0,NA,57,No,No,Medicaid,NA,NA,NA,NA,NA,NA,NA,NA,NA,NA,NA,NA,NA,NA,NA,NA,NA,NA,NA,NA,NA,NA,NA
A7998,143,SB,STF,A,N,TH,3,1/9/2020,1985,35,Yes,English,No,Parent,0,2018,2016,NA,Yes,Male,NA,25-34 Years,White,Hispanic,No,Married Living w/spouse,25,Apartment,6,2,4,Partner,Unemployment (Currently seeking employment),11370,N/A,SNAP,N/A,WIC,N/A,N/A,N/A,N/A,Some College,Reads and Comprehends,Other,N/A,N/A,NA,NA,0,NA,36,No,No,Medicaid,NA,NA,61,No,No,Medicaid,NA,NA,NA,NA,NA,NA,NA,NA,NA,NA,NA,NA,NA,NA,NA,NA,NA
A7632,144,SB,PCEP,A,N,W,4,1/13/2020,1984,36,Yes,Spanish,No,Parent,1,2018,NA,NA,Yes,Female,35-44 Years,NA,White,Hispanic,Yes,Married Living w/spouse,33,Live with Others,5,4,1,Family Member,Unemployment (Not Seeking Employment),19800,N/A,N/A,N/A,N/A,N/A,N/A,N/A,I am not receiving any Benefits,Advance Degr,Reads and Comprehends,Other,N/A,N/A,NA,NA,1,NA,38,No,No,Medicaid,NA,NA,NA,NA,NA,NA,NA,NA,NA,NA,NA,NA,NA,NA,NA,NA,NA,NA,NA,NA,NA,NA,NA
A5533,145,SB,PCEP,A,N,TH,5,1/13/2020,1998,22,Yes,English,No,Parent,1,2017,NA,NA,No,Female,20-24 Years,NA,White,Hispanic,Yes,Single Never Married,18,Own Home,3,2,1,Family Member,Unemployment (Not Seeking Employment),10400,N/A,N/A,N/A,WIC,N/A,N/A,N/A,N/A,Some College,Reads and Comprehends,Other,N/A,N/A,NA,NA,1,NA,50,No,No,Medicaid,NA,NA,NA,NA,NA,NA,NA,NA,NA,NA,NA,NA,NA,NA,NA,NA,NA,NA,NA,NA,NA,NA,NA
A1254,146,SB,PCEP,A,N,M,3,1/13/2020,1993,28,Yes,Spanish,No,Parent,1,2018,NA,NA,Yes,Female,25-34 Years,NA,White,Hispanic,No,Married Living w/spouse,22,Live with Others,8,5,3,Self,Part-Time or seasonal job,5175,N/A,SNAP,N/A,WIC,N/A,N/A,N/A,N/A,Some College,Reads and Comprehends,Other,N/A,N/A,NA,NA,1,NA,42,No,No,Medicaid,NA,NA,NA,NA,NA,NA,NA,NA,NA,NA,NA,NA,NA,NA,NA,NA,NA,NA,NA,NA,NA,NA,NA
A2571,147,SB,PCEP,A,N,T,3,1/13/2020,1999,21,Yes,English,Yes,Parent,1,2018,NA,NA,No,Female,20-24 Years,NA,White,Hispanic,No,Single Never Married,18,Live with Others,3,2,1,Family Member,Unemployment (Not Seeking Employment),14664,N/A,N/A,N/A,N/A,N/A,N/A,N/A,I am not receiving any Benefits,Grade 10,Reads and Comprehends,Other,N/A,N/A,NA,NA,1,NA,36,No,No,Medicaid,NA,NA,NA,NA,NA,NA,NA,NA,NA,NA,NA,NA,NA,NA,NA,NA,NA,NA,NA,NA,NA,NA,NA
A2125,148,SB,STF,A,N,TH,2,1/13/2020,1988,32,Yes,English,No,Parent,0,2018,NA,NA,Yes,Male,NA,25-34 Years,White,Hispanic,No,Living w/partner not married,16,Rent Home,6,2,4,Self,Full-Time Job,10536,N/A,N/A,N/A,N/A,N/A,N/A,N/A,N/A,Technical/ Vocational School,Reads and Comprehends,Other,N/A,N/A,NA,NA,0,NA,37,No,No,Medicaid,NA,NA,NA,NA,NA,NA,NA,NA,NA,NA,NA,NA,NA,NA,NA,NA,NA,NA,NA,NA,NA,NA,NA
A5891,149,SB,STF,A,N,M,3,1/13/2020,1990,30,Yes,Spanish,No,Parent,0,2018,NA,NA,Yes,Male,NA,25-34 Years,White,Hispanic,No,Married Living w/spouse,24,Live with Others,8,5,3,Partner,Unemployment (Currently seeking employment),5175,N/A,SNAP,N/A,WIC,N/A,N/A,N/A,N/A,High School Diploma,Reads and Comprehends,Other,N/A,N/A,NA,NA,0,NA,42,No,No,Medicaid,NA,NA,NA,NA,NA,NA,NA,NA,NA,NA,NA,NA,NA,NA,NA,NA,NA,NA,NA,NA,NA,NA,NA
A8369,150,SB,PCEP,A,N,W,5,1/14/2020,1986,35,Yes,Spanish,No,Parent,2,2016,2017,NA,No,Female,25-34 Years,NA,White,Hispanic,No,Single Never Married,16,Own Home,7,1,6,Self,Part-Time or seasonal job,13000,N/A,SNAP,N/A,N/A,N/A,N/A,N/A,N/A,Grade 11,Reads and Comprehends,Other,N/A,N/A,NA,NA,2,NA,66,No,No,Medicaid,NA,NA,45,No,No,Medicaid,NA,NA,NA,NA,NA,NA,NA,NA,NA,NA,NA,NA,NA,NA,NA,NA,NA
A2474,151,SB,PCEP,A,N,TH,7,1/14/2020,1986,34,Yes,Spanish,No,Parent,1,2019,NA,NA,No,Female,25-34 Years,NA,White,Hispanic,No,Single Never Married,32,Apartment,2,1,1,Other,Unemployment (Not Seeking Employment),7059,N/A,SNAP,N/A,WIC,N/A,N/A,N/A,N/A,Some College,Reads and Comprehends,Other,N/A,N/A,NA,NA,1,NA,30,No,No,Medicaid,NA,NA,NA,NA,NA,NA,NA,NA,NA,NA,NA,NA,NA,NA,NA,NA,NA,NA,NA,NA,NA,NA,NA
A5423,152,SB,PCEP,A,N,TH,5,1/15/2020,1994,27,Yes,English,No,Parent,1,2018,NA,NA,No,Female,25-34 Years,NA,White,Hispanic,No,Single Never Married,25,Live with Others,7,6,1,Self,Part-Time or seasonal job,11194,N/A,SNAP,N/A,N/A,N/A,N/A,N/A,N/A,College Degree,Reads and Comprehends,Outreach/Events,N/A,N/A,NA,NA,1,NA,33,No,No,Medicaid,NA,NA,NA,NA,NA,NA,NA,NA,NA,NA,NA,NA,NA,NA,NA,NA,NA,NA,NA,NA,NA,NA,NA
A5371,153,SB,PCEP,A,N,W,3,1/15/2020,1997,24,Yes,English,No,Parent,2,2017,2017,NA,No,Female,20-24 Years,NA,White,Hispanic,No,Living w/partner not married,20,Rent Home,4,2,2,Partner,Unemployment (Not Seeking Employment),16889,N/A,N/A,N/A,WIC,N/A,N/A,N/A,N/A,College Degree,Reads and Comprehends,Other,N/A,N/A,NA,NA,2,NA,54,No,No,Medicaid,NA,NA,54,No,No,Medicaid,NA,NA,NA,NA,NA,NA,NA,NA,NA,NA,NA,NA,NA,NA,NA,NA,NA
A2519,154,SB,STF,A,N,TH,7,1/16/2020,1983,37,Yes,Spanish,No,Parent,1,2017,NA,NA,No,Male,NA,35-44 Years,White,Hispanic,No,Single Never Married,20,Live with Others,2,1,1,Family Member,Unemployment (Currently seeking employment),0,N/A,N/A,N/A,N/A,N/A,N/A,N/A,N/A,Grade 10,Reads and Comprehends,Other,N/A,N/A,NA,NA,1,NA,48,No,No,Medicaid,NA,NA,NA,NA,NA,NA,NA,NA,NA,NA,NA,NA,NA,NA,NA,NA,NA,NA,NA,NA,NA,NA,NA
A1555,155,SB,STF,A,N,TH,3,1/16/2020,1990,31,Yes,Spanish,No,Parent,0,2017,NA,NA,Yes,Male,NA,25-34 Years,White,Hispanic,No,Married Living w/spouse,27,Rent Home,5,4,1,Self,Full-Time Job,26000,N/A,N/A,N/A,WIC,N/A,N/A,N/A,N/A,High School Diploma,Reads and Comprehends,Other,N/A,N/A,NA,NA,0,NA,49,No,No,CHIP,NA,NA,NA,NA,NA,NA,NA,NA,NA,NA,NA,NA,NA,NA,NA,NA,NA,NA,NA,NA,NA,NA,NA
A8297,156,SB,STF,A,N,TH,5,1/16/2020,1985,35,Yes,Spanish,No,Parent,0,2017,NA,NA,Yes,Male,NA,25-34 Years,White,Hispanic,No,Living w/partner not married,32,Rent Home,4,3,1,Self,Full-Time Job,20800,N/A,N/A,N/A,WIC,N/A,N/A,N/A,N/A,High School Diploma,Reads and Comprehends,Other,N/A,N/A,NA,NA,0,NA,51,Yes,No,Medicaid,NA,NA,NA,NA,NA,NA,NA,NA,NA,NA,NA,NA,NA,NA,NA,NA,NA,NA,NA,NA,NA,NA,NA
A1622,157,SB,PCEP,A,N,M,0,1/17/2020,1986,35,No,Spanish,No,Parent,1,2018,NA,NA,No,Female,25-34 Years,NA,White,Hispanic,Yes,Married Living w/spouse,19,Own Home,5,2,3,Partner,Unemployment (Not Seeking Employment),28600,N/A,N/A,N/A,N/A,N/A,N/A,N/A,I am not receiving any Benefits,GED,Reads and Comprehends,Other,N/A,N/A,NA,NA,1,NA,33,No,No,Medicaid,NA,NA,NA,NA,NA,NA,NA,NA,NA,NA,NA,NA,NA,NA,NA,NA,NA,NA,NA,NA,NA,NA,NA
A1436,158,SB,PCEP,A,N,W,3,1/17/2020,1979,42,Yes,Spanish,No,Parent,1,2019,NA,NA,No,Female,35-44 Years,NA,White,Hispanic,Yes,Married Living w/spouse,17,Own Home,7,2,5,Partner,Unemployment (Not Seeking Employment),28572,N/A,N/A,N/A,N/A,N/A,N/A,N/A,I am not receiving any Benefits,Grade 9,Reads and Comprehends,Self-Referral,N/A,N/A,NA,NA,1,NA,25,No,No,None,NA,NA,NA,NA,NA,NA,NA,NA,NA,NA,NA,NA,NA,NA,NA,NA,NA,NA,NA,NA,NA,NA,NA
A4786,159,SB,STF,A,N,TH,3,1/23/2020,1990,31,Yes,Spanish,No,Parent,0,2018,NA,NA,Yes,Male,NA,25-34 Years,White,Hispanic,No,Married Living w/spouse,25,Live with Others,4,2,2,Self,Full-Time Job,19500,N/A,N/A,N/A,WIC,N/A,N/A,N/A,N/A,Grade 9,Reads and Comprehends,Other,N/A,N/A,NA,NA,0,NA,34,No,No,Medicaid,NA,NA,NA,NA,NA,NA,NA,NA,NA,NA,NA,NA,NA,NA,NA,NA,NA,NA,NA,NA,NA,NA,NA
A6241,160,SB,STF,A,N,TH,3,1/23/2020,1986,35,Yes,Spanish,No,Parent,0,2018,NA,NA,Yes,Male,NA,25-34 Years,White,Hispanic,No,Married Living w/spouse,25,Rent Home,5,2,3,Self,Full-Time Job,26936,N/A,SNAP,N/A,WIC,N/A,N/A,N/A,N/A,Technical/ Vocational School,Reads and Comprehends,Other,N/A,N/A,NA,NA,0,NA,35,No,No,Medicaid,NA,NA,NA,NA,NA,NA,NA,NA,NA,NA,NA,NA,NA,NA,NA,NA,NA,NA,NA,NA,NA,NA,NA
A9389,161,SB,PCEP,A,N,T,5,1/28/2020,1998,23,No,English,No,Parent,1,2018,NA,NA,No,Female,25-34 Years,NA,White,Hispanic,No,Single Never Married,20,Live with Others,4,3,1,Other,Unemployment (Currently seeking employment),0,N/A,SNAP,N/A,N/A,N/A,N/A,N/A,N/A,High School Diploma,Reads and Comprehends,Other,N/A,N/A,NA,NA,1,NA,41,No,No,Medicaid,NA,NA,NA,NA,NA,NA,NA,NA,NA,NA,NA,NA,NA,NA,NA,NA,NA,NA,NA,NA,NA,NA,NA
A9551,162,SB,PCEP,A,N,M,4,1/29/2020,1990,31,Yes,Spanish,No,Parent,1,2018,NA,NA,No,Female,25-34 Years,NA,White,Hispanic,No,Married Living w/spouse,25,Rent Home,4,3,1,Partner,Unemployment (Not Seeking Employment),20800,N/A,SNAP,N/A,WIC,N/A,N/A,N/A,N/A,GED,Reads and Comprehends,Other,N/A,N/A,NA,NA,1,NA,35,No,No,Medicaid,NA,NA,NA,NA,NA,NA,NA,NA,NA,NA,NA,NA,NA,NA,NA,NA,NA,NA,NA,NA,NA,NA,NA
A9942,163,SB,STF,A,N,TH,10,1/30/2020,1994,26,Yes,Spanish,No,Parent,0,2018,NA,NA,No,Male,NA,35-44 Years,White,Hispanic,No,Married Living w/spouse,23,Own Home,4,2,2,Partner,Full-Time Job,24000,N/A,N/A,N/A,N/A,N/A,N/A,N/A,N/A,Some College,Reads and Comprehends,Self-Referral,N/A,N/A,NA,NA,0,NA,31,No,No,Medicaid,NA,NA,NA,NA,NA,NA,NA,NA,NA,NA,NA,NA,NA,NA,NA,NA,NA,NA,NA,NA,NA,NA,NA
A5694,164,SB,PCEP,A,N,TH,0,2/3/2020,1997,24,Yes,English,No,Parent,1,2019,NA,NA,Yes,Female,20-24 Years,NA,White,Hispanic,Yes,Separated not living w/spouse,22,Rent Home,2,1,1,Self,Unemployment (Currently seeking employment),15785,N/A,N/A,N/A,WIC,N/A,N/A,N/A,N/A,Technical/ Vocational School,Reads and Comprehends,Other,N/A,N/A,NA,NA,1,NA,19,No,No,Medicaid,NA,NA,NA,NA,NA,NA,NA,NA,NA,NA,NA,NA,NA,NA,NA,NA,NA,NA,NA,NA,NA,NA,NA
A8463,165,SB,PCEP,A,N,TH,5,2/3/2020,1987,34,Yes,English,No,Parent,1,2018,NA,NA,No,Female,25-34 Years,NA,White,Hispanic,Yes,Single Never Married,30,Own Home,3,2,1,Self,Retired/ Disabled,14136,N/A,SNAP,N/A,N/A,Social Security,N/A,N/A,N/A,High School Diploma,Reads and Comprehends,Other,N/A,N/A,NA,NA,1,NA,33,No,No,Medicaid,NA,NA,NA,NA,NA,NA,NA,NA,NA,NA,NA,NA,NA,NA,NA,NA,NA,NA,NA,NA,NA,NA,NA
A3136,166,SB,PCEP/ STF,A,N,TH,4,2/5/2020,1986,35,No,English,No,Parent,0,2018,NA,NA,Yes,Male,NA,25-34 Years,White,Hispanic,Yes,Married Living w/spouse,32,Live with Others,5,4,1,Self,Full-Time Job,19800,N/A,N/A,N/A,N/A,N/A,N/A,N/A,N/A,Some College,Reads and Comprehends,Other,N/A,N/A,NA,NA,0,NA,38,No,No,Medicaid,NA,NA,NA,NA,NA,NA,NA,NA,NA,NA,NA,NA,NA,NA,NA,NA,NA,NA,NA,NA,NA,NA,NA
A7977,167,SB,STF,A,N,TH,4,2/6/2020,1986,34,Yes,Spanish,No,Parent,0,2019,NA,NA,Yes,Male,NA,25-34 Years,White,Hispanic,Yes,Married Living w/spouse,24,Own Home,5,2,3,Family Member,Unemployment (Currently seeking employment),22880,N/A,N/A,N/A,WIC,N/A,N/A,N/A,N/A,High School Diploma,Reads and Comprehends,Other,N/A,N/A,NA,NA,0,NA,26,No,No,Medicaid,NA,NA,NA,NA,NA,NA,NA,NA,NA,NA,NA,NA,NA,NA,NA,NA,NA,NA,NA,NA,NA,NA,NA
A6398,168,SB,STF,A,N,TH,3,2/6/2020,1994,26,No,English,No,Parent,0,2019,NA,NA,Yes,Male,NA,25-34 Years,White,Hispanic,Yes,Separated not living w/spouse,25,Live with Others,3,3,0,Self,Full-Time Job,30000,N/A,N/A,N/A,N/A,N/A,N/A,N/A,I am not receiving any Benefits,Some College,Reads and Comprehends,Other,N/A,N/A,NA,NA,0,NA,19,No,No,Medicaid,NA,NA,NA,NA,NA,NA,NA,NA,NA,NA,NA,NA,NA,NA,NA,NA,NA,NA,NA,NA,NA,NA,NA
A8764,NA,NA,NA,NA,NA,NA,NA,NA,NA,NA,NA,NA,NA,NA,NA,NA,NA,NA,NA,NA,NA,NA,NA,NA,NA,NA,NA,NA,NA,NA,NA,NA,NA,NA,NA,NA,NA,NA,NA,NA,NA,NA,NA,NA,NA,NA,NA,NA,NA,NA,NA,NA,NA,NA,NA,NA,NA,NA,NA,NA,NA,NA,NA,NA,NA,NA,NA,NA,NA,NA,NA,NA,NA,NA,NA,NA,NA,NA
