UID,Response ID,Time Started,Date Submitted,Status,At what site are you enrolling in classes for AVANCE?,San Antonio Sites,Austin Sites,Which program are you enrolling in?,Other - Write In:Which program are you enrolling in?,The child's first and most important teacher is _________________.,"When the amount of intelligence between birth and 17 years is measured, how much intelligence has developed by age 3?","By what age do morals, values, and attitudes begin shaping?",A child begins to learn __________.,Children begin to benefit from being told or read stories _________.,A young child can be toilet trained when __________.,What is the correct order of the different stages of writing?,The best quick treatment for a burn is _________.,A baby's cold and/or runny nose that never goes away may be caused by _______.,The first thing that should be done if a child drinks/eats something that may be poisonous is _______.,The best way to keep a baby from breaking something is to _______.,"If a two-year-old doesn’t get his (her) way and has a temper tantrum, which of the following would be the best way to avoid future problems with tantrums?",Select the most appropriate game for a one-year-old:,Children grow best when _________.,Children's play helps a child _________.,A child's basic needs include which of the following?,Competent behavior begins to appear in most children by what age?,Which activity is not an example of eye-hand coordination?,Giving a baby lots of praise and affection is _________.,"Belonging, attention, and success are __________.",Emotional needs are the need to…:People have different needs. Please select the circle that you think is the best match for each need listed below. Select “0” if you don’t think any of these are a good match. Choose ONLY ONE answer for each question. ,Social needs are the need to…:People have different needs. Please select the circle that you think is the best match for each need listed below. Select “0” if you don’t think any of these are a good match. Choose ONLY ONE answer for each question. ,Cognitive needs are the need to…:People have different needs. Please select the circle that you think is the best match for each need listed below. Select “0” if you don’t think any of these are a good match. Choose ONLY ONE answer for each question. ,Physical needs are the need to…:People have different needs. Please select the circle that you think is the best match for each need listed below. Select “0” if you don’t think any of these are a good match. Choose ONLY ONE answer for each question. ,What is phonological awareness?,What is scaffolding?,How can parents help develop their child’s language skills?,"Babies understand only words they can say.:For the following statements please indicate whether you “0,” “1,” or are “0” for each of the following statements. Please only select ONE option for each statement.","If a nine-month-old wants a snack, you can give them nuts, popcorn or raisins.:For the following statements please indicate whether you “0,” “1,” or are “0” for each of the following statements. Please only select ONE option for each statement.","Babies cannot see clearly at birth.:For the following statements please indicate whether you “1,” “0,” or are “0” for each of the following statements. Please only select ONE option for each statement.","Putting a heavy blanket over a baby’s car seat or carrier is a good, safe way to help the baby sleep better.:For the following statements please indicate whether you “0,” “1,” or are “0” for each of the following statements. Please only select ONE option for each statement.","The baby’s personality (individuality) is set by 6 months of age.:For the following statements please indicate whether you “0,” “1,” or are “0” for each of the following statements. Please only select ONE option for each statement.","A child is using rules of speech even when he (she) speaks in an unusual or different way (like “I goed to town” or “What the dollie have?”).:For the following statements please indicate whether you “1,” “0,” or are “0” for each of the following statements. Please only select ONE option for each statement.","An infant may stop paying attention to what is going on around him (her) if there is too much noise or too many things to look at.:For the following statements please indicate whether you “1,” “0,” or are “0” for each of the following statements. Please only select ONE option for each statement.",Most babies can sit independently on the floor without falling over by 3 months.,"A baby of 6 months will respond to someone differently, depending on whether the person is  happy, sad or upset.  ",Infants are usually walking by about 12 months of age.,Most infants are ready to be toilet trained by 12 months of age.,A four-month-old lying on his (her) stomach can begin to lift his (her) head.,Babbling (“a-bah-bah” or “bup-bup”) begins around 2 months.,"Children’s capacity for learning is pretty much set from birth and cannot be greatly increased or decreased by how parents interact with them.:The following are statements about what children can or cannot do, please mark whether you think the statement is “0” or “1.” Mark “0” if you don’t know. Choose ONLY ONE answer for each question.","In terms of learning about language, children get an equal benefit from hearing someone talk on TV versus hearing a person in the same room talk to them.:The following are statements about what children can or cannot do, please mark whether you think the statement is “0” or “1.” Mark “0” if you don’t know. Choose ONLY ONE answer for each question.","A child, age six months or younger, who witnesses violence such as seeing his father hit his mother, will not suffer long-term effects from the experience because children that age have no long-term memory.:The following are statements about what children can or cannot do, please mark whether you think the statement is “0” or “1.” Mark “0” if you don’t know. Choose ONLY ONE answer for each question.","Children who are regularly spanked are more likely to deal with their own anger by being physically aggressive.:The following are statements about what children can or cannot do, please mark whether you think the statement is “1” or “0.” Mark “0” if you don’t know. Choose ONLY ONE answer for each question.","Alphabet knowledge is the best predictor of success in early reading.:The following are statements about what children can or cannot do, please mark whether you think the statement is “1” or “0.” Mark “0” if you don’t know. Choose ONLY ONE answer for each question.",PRETEST SCORE,New Hidden Value,How many children do you have 5 years and under participating in AVANCE?,Child 1 FirstName,Child 2 FirstName,Child's Name/3:,Child's Name/4:,Child's Name/5:,Child's Name/6:,Child's Name/7:,Child's Name/8:,Child's age in months/1:,Child's age in months/2:,Child's age in months/3:,Child's age in months/4:,Child's age in months/5:,Child's age in months/6:,Child's age in months/7:,Child's age in months/8:,"Did you or will you breastfeed?/1:For the child listed above, answer the following:","Did you or will you breastfeed?/2:For the child listed above, answer the following:","Did you or will you breastfeed?/3:For the child listed above, answer the following:","Did you or will you breastfeed?/4:For the child listed above, answer the following:","Did you or will you take prenatal vitamins?/1:For the child listed above, answer the following:","Did you or will you take prenatal vitamins?/2:For the child listed above, answer the following:","Did you or will you take prenatal vitamins?/3:For the child listed above, answer the following:","Did you or will you take prenatal vitamins?/4:For the child listed above, answer the following:",…read stories or show pictures?/1:How many days a week do you do the following with THIS child…,…read stories or show pictures?/2:How many days a week do you do the following with THIS child…,…read stories or show pictures?/3:How many days a week do you do the following with THIS child…,…read stories or show pictures?/4:How many days a week do you do the following with THIS child…,…count or use numbers?/1:How many days a week do you do the following with THIS child…,…count or use numbers?/2:How many days a week do you do the following with THIS child…,…count or use numbers?/3:How many days a week do you do the following with THIS child…,…count or use numbers?/4:How many days a week do you do the following with THIS child…,…have the opportunity to play?/1:How many days a week do you do the following with THIS child…,…have the opportunity to play?/2:How many days a week do you do the following with THIS child…,…have the opportunity to play?/3:How many days a week do you do the following with THIS child…,…have the opportunity to play?/4:How many days a week do you do the following with THIS child…,…play outside?/1:How many days a week do you do the following with THIS child…,…play outside?/2:How many days a week do you do the following with THIS child…,…play outside?/3:How many days a week do you do the following with THIS child…,…play outside?/4:How many days a week do you do the following with THIS child…,…eat fast food meals?/1:How many days per week does THIS child…,…eat fast food meals?/2:How many days per week does THIS child…,…eat fast food meals?/3:How many days per week does THIS child…,…eat fast food meals?/4:How many days per week does THIS child…,…eat fruits and/or vegetables?/1:How many days per week does THIS child…,…eat fruits and/or vegetables?/2:How many days per week does THIS child…,…eat fruits and/or vegetables?/3:How many days per week does THIS child…,…eat fruits and/or vegetables?/4:How many days per week does THIS child…,"…eat candies, cookies or sweets and/or drink soda or sweet juices?/1:How many days per week does THIS child…","…eat candies, cookies or sweets and/or drink soda or sweet juices?/2:How many days per week does THIS child…","…eat candies, cookies or sweets and/or drink soda or sweet juices?/3:How many days per week does THIS child…","…eat candies, cookies or sweets and/or drink soda or sweet juices?/4:How many days per week does THIS child…",…drink water?/1:How many days per week does THIS child…,…drink water?/2:How many days per week does THIS child…,…drink water?/3:How many days per week does THIS child…,…drink water?/4:How many days per week does THIS child…,How many days per week do you talk with your child’s teacher?/1:How many days per week does THIS child…,How many days per week do you talk with your child’s teacher?/2:How many days per week does THIS child…,How many days per week do you talk with your child’s teacher?/3:How many days per week does THIS child…,How many days per week do you talk with your child’s teacher?/4:How many days per week does THIS child…,"…take THIS child to the library?/1:In the past month, how many times did you…","…take THIS child to the library?/2:In the past month, how many times did you…","…take THIS child to the library?/3:In the past month, how many times did you…","…take THIS child to the library?/4:In the past month, how many times did you…","…take THIS child to a park or playground?	/1:In the past month, how many times did you…","…take THIS child to a park or playground?	/2:In the past month, how many times did you…","…take THIS child to a park or playground?	/3:In the past month, how many times did you…","…take THIS child to a park or playground?	/4:In the past month, how many times did you…","…take THIS child to a museum, festival, or cultural event?/1:In the past month, how many times did you…","…take THIS child to a museum, festival, or cultural event?/2:In the past month, how many times did you…","…take THIS child to a museum, festival, or cultural event?/3:In the past month, how many times did you…","…take THIS child to a museum, festival, or cultural event?/4:In the past month, how many times did you…","…help or volunteer in THIS child’s classroom (or school) or went on a field trip?/1:In the past month, how many times did you…","…help or volunteer in THIS child’s classroom (or school) or went on a field trip?/2:In the past month, how many times did you…","…help or volunteer in THIS child’s classroom (or school) or went on a field trip?/3:In the past month, how many times did you…","…help or volunteer in THIS child’s classroom (or school) or went on a field trip?/4:In the past month, how many times did you…",…spank?/1:Do you do the following to discipline THIS child?,…spank?/2:Do you do the following to discipline THIS child?,…spank?/3:Do you do the following to discipline THIS child?,…spank?/4:Do you do the following to discipline THIS child?,…talk to THIS child?/1:Do you do the following to discipline THIS child?,…talk to THIS child?/2:Do you do the following to discipline THIS child?,…talk to THIS child?/3:Do you do the following to discipline THIS child?,…talk to THIS child?/4:Do you do the following to discipline THIS child?,...send THIS child to their room or time out?/1:Do you do the following to discipline THIS child?,...send THIS child to their room or time out?/2:Do you do the following to discipline THIS child?,...send THIS child to their room or time out?/3:Do you do the following to discipline THIS child?,...send THIS child to their room or time out?/4:Do you do the following to discipline THIS child?,"I make sure that professionals understand my opinions about what services my child needs./1:When thinking about THIS child, how true are the following statements ?","I make sure that professionals understand my opinions about what services my child needs./2:When thinking about THIS child, how true are the following statements ?","I make sure that professionals understand my opinions about what services my child needs./3:When thinking about THIS child, how true are the following statements ?","I make sure that professionals understand my opinions about what services my child needs./4:When thinking about THIS child, how true are the following statements ?","When dealing with my child, I focus on the good things as well as the problems./1:When thinking about THIS child, how true are the following statements ?","When dealing with my child, I focus on the good things as well as the problems./2:When thinking about THIS child, how true are the following statements ?","When dealing with my child, I focus on the good things as well as the problems./3:When thinking about THIS child, how true are the following statements ?","When dealing with my child, I focus on the good things as well as the problems./4:When thinking about THIS child, how true are the following statements ?",Do you take THIS child to the dentist?/1,Do you take THIS child to the dentist?/2,Do you take THIS child to the dentist?/3,Do you take THIS child to the dentist?/4,Children's Books/1:About how many children’s books are there in your house?,Children's Books/2:About how many children’s books are there in your house?,Children's Books/3:About how many children’s books are there in your house?,Children's Books/4:About how many children’s books are there in your house?
A9471,139,9/13/2019 11:56,9/13/2019 12:24,Complete,Austin,NA,Group 5,Parent-Child Education Program,NA,1,1,0,0,1,1,1,1,0,1,1,0,1,1,1,1,0,0,0,1,0,0,1,0,1,1,0,0,0,0,1,0,0,0,0,0,0,1,0,1,1,1,0,1,1,23,NA,1,NA,NA,NA,NA,NA,NA,NA,NA,2 años 5 mese,NA,NA,NA,NA,NA,NA,NA,No,NA,NA,NA,No,NA,NA,NA,2,NA,NA,NA,2,NA,NA,NA,5,NA,NA,NA,4,NA,NA,NA,1,NA,NA,NA,5,NA,NA,NA,1,NA,NA,NA,7,NA,NA,NA,1,NA,NA,NA,0,NA,NA,NA,7,NA,NA,NA,3,NA,NA,NA,0,NA,NA,NA,No,NA,NA,NA,Yes,NA,NA,NA,Yes,NA,NA,NA,Somewhat True,NA,NA,NA,Mostly True,NA,NA,NA,Yes,NA,NA,NA,4,NA,NA,NA
A2723,433,12/3/2019 16:12,12/3/2019 16:30,Complete,Austin,NA,Group 2,Parent-Child Education Program,NA,0,0,1,0,1,0,0,1,1,1,1,0,0,0,0,1,0,1,1,0,1,1,0,0,0,1,0,0,1,1,0,0,0,1,0,0,1,0,0,1,0,0,0,0,0,17,NA,1,NA,NA,NA,NA,NA,NA,NA,NA,4 meses,NA,NA,NA,NA,NA,NA,NA,Yes,NA,NA,NA,Yes,NA,NA,NA,1,NA,NA,NA,1,NA,NA,NA,1,NA,NA,NA,1,NA,NA,NA,1,NA,NA,NA,1,NA,NA,NA,1,NA,NA,NA,7,NA,NA,NA,1,NA,NA,NA,0,NA,NA,NA,1,NA,NA,NA,0,NA,NA,NA,0,NA,NA,NA,No,NA,NA,NA,Yes,NA,NA,NA,Yes,NA,NA,NA,Very True,NA,NA,NA,Not at all True,NA,NA,NA,No,NA,NA,NA,6,NA,NA,NA
A7955,239,9/24/2019 11:01,9/24/2019 11:29,Complete,Austin,NA,Group 2,Parent-Child Education Program,NA,1,1,1,0,0,0,1,1,1,1,1,0,1,0,0,0,0,0,1,0,1,1,1,1,0,0,0,0,0,0,1,0,0,1,0,0,0,1,0,1,0,0,0,0,1,19,NA,1,NA,NA,NA,NA,NA,NA,NA,NA,5 Meses,NA,NA,NA,NA,NA,NA,NA,Yes,NA,NA,NA,Yes,NA,NA,NA,7,NA,NA,NA,1,NA,NA,NA,1,NA,NA,NA,4,NA,NA,NA,1,NA,NA,NA,1,NA,NA,NA,1,NA,NA,NA,1,NA,NA,NA,1,NA,NA,NA,0,NA,NA,NA,2,NA,NA,NA,0,NA,NA,NA,0,NA,NA,NA,No,NA,NA,NA,Yes,NA,NA,NA,Yes,NA,NA,NA,Not at all True,NA,NA,NA,Mostly True,NA,NA,NA,Yes,NA,NA,NA,4,NA,NA,NA
A9955,60,9/10/2019 11:50,9/10/2019 12:31,Complete,Austin,NA,Group 2,Parent-Child Education Program,NA,1,0,1,1,1,1,1,0,1,1,1,0,1,1,1,1,1,0,1,1,1,1,1,1,0,1,1,1,1,0,1,0,0,1,0,0,1,1,1,1,1,0,1,0,1,33,NA,1,NA,NA,NA,NA,NA,NA,NA,NA,2 anos,NA,NA,NA,NA,NA,NA,NA,No,NA,NA,NA,No,NA,NA,NA,3,NA,NA,NA,5,NA,NA,NA,7,NA,NA,NA,7,NA,NA,NA,2,NA,NA,NA,7,NA,NA,NA,4,NA,NA,NA,7,NA,NA,NA,1,NA,NA,NA,0,NA,NA,NA,20,NA,NA,NA,2,NA,NA,NA,0,NA,NA,NA,No,NA,NA,NA,Yes,NA,NA,NA,Yes,NA,NA,NA,Mostly True,NA,NA,NA,Very True,NA,NA,NA,Yes,NA,NA,NA,5,NA,NA,NA
A2914,48,9/9/2019 12:07,9/9/2019 12:32,Complete,Austin,NA,Group 1,Parent-Child Education Program,NA,1,0,1,1,0,0,0,0,0,1,1,0,0,0,0,0,1,1,1,1,1,0,0,0,0,0,0,0,0,1,0,0,1,1,0,1,0,1,0,0,0,0,0,1,1,17,NA,1,NA,NA,NA,NA,NA,NA,NA,NA,37,NA,NA,NA,NA,NA,NA,NA,Yes,NA,NA,NA,Yes,NA,NA,NA,4,NA,NA,NA,3,NA,NA,NA,4,NA,NA,NA,4,NA,NA,NA,2,NA,NA,NA,7,NA,NA,NA,1,NA,NA,NA,7,NA,NA,NA,1,NA,NA,NA,3,NA,NA,NA,1,NA,NA,NA,1,NA,NA,NA,0,NA,NA,NA,No,NA,NA,NA,Yes,NA,NA,NA,Yes,NA,NA,NA,Somewhat True,NA,NA,NA,Somewhat True,NA,NA,NA,Yes,NA,NA,NA,15,NA,NA,NA
A3664,129,9/12/2019 11:59,9/12/2019 12:32,Complete,Austin,NA,Group 4,Parent-Child Education Program,NA,1,1,1,1,1,0,0,0,1,1,0,1,1,1,1,1,1,0,0,0,1,1,1,1,0,1,0,1,1,0,1,1,0,1,0,0,0,0,1,0,0,1,1,1,1,28,NA,1,NA,NA,NA,NA,NA,NA,NA,NA,35 meses,NA,NA,NA,NA,NA,NA,NA,Yes,NA,NA,NA,Yes,NA,NA,NA,7,NA,NA,NA,3,NA,NA,NA,7,NA,NA,NA,7,NA,NA,NA,2,NA,NA,NA,7,NA,NA,NA,3,NA,NA,NA,7,NA,NA,NA,1,NA,NA,NA,0,NA,NA,NA,3,NA,NA,NA,0,NA,NA,NA,0,NA,NA,NA,No,NA,NA,NA,Yes,NA,NA,NA,Yes,NA,NA,NA,Mostly True,NA,NA,NA,Very True,NA,NA,NA,Yes,NA,NA,NA,25+,NA,NA,NA
A4976,235,9/23/2019 11:02,9/23/2019 11:28,Complete,Austin,NA,Group 1,Parent-Child Education Program,NA,1,1,1,1,1,0,0,1,1,0,1,0,0,0,1,1,0,1,1,1,0,0,0,1,0,1,1,0,0,0,1,0,1,1,0,0,1,0,1,0,0,0,1,1,1,24,NA,1,NA,NA,NA,NA,NA,NA,NA,NA,37,NA,NA,NA,NA,NA,NA,NA,Yes,NA,NA,NA,Yes,NA,NA,NA,3,NA,NA,NA,3,NA,NA,NA,7,NA,NA,NA,1,NA,NA,NA,1,NA,NA,NA,6,NA,NA,NA,1,NA,NA,NA,7,NA,NA,NA,1,NA,NA,NA,0,NA,NA,NA,1,NA,NA,NA,0,NA,NA,NA,2,NA,NA,NA,No,NA,NA,NA,Yes,NA,NA,NA,No,NA,NA,NA,Very True,NA,NA,NA,Very True,NA,NA,NA,Yes,NA,NA,NA,25+,NA,NA,NA
A9897,266,10/2/2019 10:33,10/2/2019 10:55,Complete,Austin,NA,Group 3,Parent-Child Education Program,NA,1,1,1,1,1,1,1,1,1,1,1,1,1,1,1,1,0,0,1,1,1,1,1,1,1,1,1,0,1,0,1,1,1,1,0,1,0,0,1,1,1,1,1,0,1,37,NA,1,NA,NA,NA,NA,NA,NA,NA,NA,9,NA,NA,NA,NA,NA,NA,NA,Yes,NA,NA,NA,Yes,NA,NA,NA,2,NA,NA,NA,1,NA,NA,NA,7,NA,NA,NA,1,NA,NA,NA,1,NA,NA,NA,4,NA,NA,NA,1,NA,NA,NA,7,NA,NA,NA,1,NA,NA,NA,0,NA,NA,NA,0,NA,NA,NA,1,NA,NA,NA,0,NA,NA,NA,No,NA,NA,NA,Yes,NA,NA,NA,Yes,NA,NA,NA,Very True,NA,NA,NA,Mostly True,NA,NA,NA,Yes,NA,NA,NA,20,NA,NA,NA
A8673,567,1/13/2020 10:39,1/13/2020 11:09,Complete,Austin,NA,Group 1,Parent-Child Education Program,NA,1,1,1,1,1,0,0,1,1,1,1,1,1,0,1,0,0,0,1,1,1,0,0,0,0,0,0,1,1,0,1,0,0,1,0,0,1,1,1,0,0,0,1,0,1,24,"[Invalid question ID: ""2"". Check your merge code.]",1,NA,NA,NA,NA,NA,NA,NA,NA,10,NA,NA,NA,NA,NA,NA,NA,Yes,NA,NA,NA,Yes,NA,NA,NA,2,NA,NA,NA,2,NA,NA,NA,7,NA,NA,NA,1,NA,NA,NA,1,NA,NA,NA,7,NA,NA,NA,1,NA,NA,NA,7,NA,NA,NA,1,NA,NA,NA,0,NA,NA,NA,3,NA,NA,NA,0,NA,NA,NA,0,NA,NA,NA,No,NA,NA,NA,Yes,NA,NA,NA,No,NA,NA,NA,Mostly True,NA,NA,NA,Mostly True,NA,NA,NA,Yes,NA,NA,NA,10,NA,NA,NA
A6613,54,9/9/2019 12:08,11/18/2019 11:18,Complete,Austin,NA,Group 1,Parent-Child Education Program,NA,1,0,1,1,1,0,1,0,1,1,1,0,0,1,1,1,0,0,1,1,1,1,1,1,1,1,0,0,1,0,1,0,0,0,0,0,1,1,0,0,0,0,1,0,1,25,NA,1,NA,NA,NA,NA,NA,NA,NA,NA,7,NA,NA,NA,NA,NA,NA,NA,Yes,NA,NA,NA,Yes,NA,NA,NA,7,NA,NA,NA,3,NA,NA,NA,6,NA,NA,NA,4,NA,NA,NA,1,NA,NA,NA,5,NA,NA,NA,1,NA,NA,NA,7,NA,NA,NA,1,NA,NA,NA,1,NA,NA,NA,2,NA,NA,NA,1,NA,NA,NA,1,NA,NA,NA,No,NA,NA,NA,Yes,NA,NA,NA,Yes,NA,NA,NA,Very True,NA,NA,NA,Very True,NA,NA,NA,Yes,NA,NA,NA,3,NA,NA,NA
A3867,127,9/12/2019 11:57,9/12/2019 12:24,Complete,Austin,NA,Group 4,Parent-Child Education Program,NA,1,1,1,0,1,0,0,0,1,0,1,0,1,1,1,1,0,0,0,0,1,1,1,1,1,1,1,0,1,0,1,1,0,1,0,1,1,1,1,1,0,0,0,0,1,27,NA,1,NA,NA,NA,NA,NA,NA,NA,NA,23,NA,NA,NA,NA,NA,NA,NA,No,NA,NA,NA,No,NA,NA,NA,5,NA,NA,NA,7,NA,NA,NA,7,NA,NA,NA,5,NA,NA,NA,2,NA,NA,NA,7,NA,NA,NA,2,NA,NA,NA,7,NA,NA,NA,1,NA,NA,NA,4,NA,NA,NA,3,NA,NA,NA,2,NA,NA,NA,0,NA,NA,NA,No,NA,NA,NA,Yes,NA,NA,NA,Yes,NA,NA,NA,Very True,NA,NA,NA,Somewhat True,NA,NA,NA,Yes,NA,NA,NA,25+,NA,NA,NA
A6871,96,9/11/2019 11:42,9/11/2019 12:40,Complete,Austin,NA,Group 3,Parent-Child Education Program,NA,1,0,1,0,1,1,1,0,1,1,1,0,1,1,1,1,0,0,1,1,1,1,1,1,1,1,1,1,1,1,1,1,1,1,0,0,1,1,0,1,1,1,0,1,1,35,NA,1,NA,NA,NA,NA,NA,NA,NA,NA,12,NA,NA,NA,NA,NA,NA,NA,Yes,NA,NA,NA,Yes,NA,NA,NA,5,NA,NA,NA,5,NA,NA,NA,5,NA,NA,NA,4,NA,NA,NA,1,NA,NA,NA,7,NA,NA,NA,1,NA,NA,NA,7,NA,NA,NA,1,NA,NA,NA,2,NA,NA,NA,10,NA,NA,NA,5,NA,NA,NA,0,NA,NA,NA,No,NA,NA,NA,Yes,NA,NA,NA,Yes,NA,NA,NA,Very True,NA,NA,NA,Somewhat True,NA,NA,NA,Yes,NA,NA,NA,15,NA,NA,NA
A7476,234,9/23/2019 11:02,9/23/2019 11:28,Complete,Austin,NA,Group 1,Parent-Child Education Program,NA,1,0,1,1,1,1,1,1,1,1,1,0,1,1,1,1,1,0,1,1,1,1,1,1,1,0,1,1,1,0,0,1,1,1,0,1,0,1,1,1,1,1,1,0,1,36,NA,1,NA,NA,NA,NA,NA,NA,NA,NA,11,NA,NA,NA,NA,NA,NA,NA,Yes,NA,NA,NA,Yes,NA,NA,NA,2,NA,NA,NA,2,NA,NA,NA,5,NA,NA,NA,7,NA,NA,NA,1,NA,NA,NA,7,NA,NA,NA,1,NA,NA,NA,7,NA,NA,NA,2,NA,NA,NA,0,NA,NA,NA,3,NA,NA,NA,3,NA,NA,NA,0,NA,NA,NA,No,NA,NA,NA,Yes,NA,NA,NA,No,NA,NA,NA,Very True,NA,NA,NA,Mostly True,NA,NA,NA,Yes,NA,NA,NA,20,NA,NA,NA
A1561,147,9/13/2019 11:58,9/13/2019 12:26,Complete,Austin,NA,Group 5,Parent-Child Education Program,NA,1,1,1,1,1,1,1,1,1,1,1,0,0,1,1,1,0,0,1,1,1,1,1,1,1,0,0,1,1,0,1,0,1,1,0,1,0,1,1,0,1,1,1,0,0,32,NA,1,NA,NA,NA,NA,NA,NA,NA,NA,32,NA,NA,NA,NA,NA,NA,NA,Yes,NA,NA,NA,Yes,NA,NA,NA,6,NA,NA,NA,7,NA,NA,NA,7,NA,NA,NA,3,NA,NA,NA,1,NA,NA,NA,6,NA,NA,NA,3,NA,NA,NA,7,NA,NA,NA,1,NA,NA,NA,0,NA,NA,NA,5,NA,NA,NA,0,NA,NA,NA,0,NA,NA,NA,No,NA,NA,NA,Yes,NA,NA,NA,Yes,NA,NA,NA,Very True,NA,NA,NA,Very True,NA,NA,NA,Yes,NA,NA,NA,8,NA,NA,NA
A6273,136,9/13/2019 11:56,9/13/2019 12:26,Complete,Austin,NA,Group 5,Parent-Child Education Program,NA,1,1,1,1,0,1,1,0,0,1,1,1,0,1,1,1,0,1,1,1,1,1,1,1,1,1,1,1,1,0,1,1,1,1,0,1,1,1,1,0,1,0,1,1,1,36,NA,1,NA,NA,NA,NA,NA,NA,NA,NA,26,NA,NA,NA,NA,NA,NA,NA,No,NA,NA,NA,No,NA,NA,NA,7,NA,NA,NA,7,NA,NA,NA,5,NA,NA,NA,7,NA,NA,NA,1,NA,NA,NA,7,NA,NA,NA,3,NA,NA,NA,7,NA,NA,NA,3,NA,NA,NA,1,NA,NA,NA,3,NA,NA,NA,0,NA,NA,NA,0,NA,NA,NA,No,NA,NA,NA,Yes,NA,NA,NA,Yes,NA,NA,NA,Mostly True,NA,NA,NA,Somewhat True,NA,NA,NA,Yes,NA,NA,NA,25+,NA,NA,NA
A2185,98,9/11/2019 11:42,9/11/2019 11:58,Complete,Austin,NA,Group 3,Parent-Child Education Program,NA,1,1,0,1,1,1,1,0,1,1,1,0,1,1,1,1,0,1,1,1,1,1,1,1,1,1,1,1,1,0,1,1,0,1,0,1,0,1,1,0,1,1,1,1,0,35,NA,1,NA,NA,NA,NA,NA,NA,NA,NA,39,NA,NA,NA,NA,NA,NA,NA,Yes,NA,NA,NA,Yes,NA,NA,NA,7,NA,NA,NA,5,NA,NA,NA,6,NA,NA,NA,3,NA,NA,NA,3,NA,NA,NA,7,NA,NA,NA,3,NA,NA,NA,7,NA,NA,NA,1,NA,NA,NA,2,NA,NA,NA,3,NA,NA,NA,0,NA,NA,NA,0,NA,NA,NA,No,NA,NA,NA,Yes,NA,NA,NA,No,NA,NA,NA,Mostly True,NA,NA,NA,Somewhat True,NA,NA,NA,Yes,NA,NA,NA,25+,NA,NA,NA
A8133,158,9/13/2019 12:13,9/13/2019 12:30,Complete,Austin,NA,Group 5,Parent-Child Education Program,NA,1,1,1,1,0,1,0,0,1,1,0,1,0,1,1,1,1,0,1,1,1,1,1,1,1,0,1,1,1,1,1,0,1,1,0,1,1,1,0,0,1,1,1,1,0,33,NA,1,NA,NA,NA,NA,NA,NA,NA,NA,18months,NA,NA,NA,NA,NA,NA,NA,Yes,NA,NA,NA,Yes,NA,NA,NA,1,NA,NA,NA,1,NA,NA,NA,5,NA,NA,NA,4,NA,NA,NA,1,NA,NA,NA,7,NA,NA,NA,2,NA,NA,NA,7,NA,NA,NA,1,NA,NA,NA,0,NA,NA,NA,5,NA,NA,NA,2,NA,NA,NA,0,NA,NA,NA,Yes,NA,NA,NA,Yes,NA,NA,NA,No,NA,NA,NA,Very True,NA,NA,NA,Very True,NA,NA,NA,Yes,NA,NA,NA,2,NA,NA,NA
A1664,150,9/13/2019 11:56,9/13/2019 12:16,Complete,Austin,NA,Group 5,Parent-Child Education Program,NA,1,1,1,0,1,1,1,0,1,1,0,0,0,0,1,1,0,0,0,1,1,1,0,1,1,1,0,1,1,0,1,0,0,1,0,0,0,0,0,1,1,1,1,1,0,25,NA,1,NA,NA,NA,NA,NA,NA,NA,NA,7,NA,NA,NA,NA,NA,NA,NA,No,NA,NA,NA,Yes,NA,NA,NA,1,NA,NA,NA,1,NA,NA,NA,2,NA,NA,NA,1,NA,NA,NA,1,NA,NA,NA,5,NA,NA,NA,1,NA,NA,NA,5,NA,NA,NA,1,NA,NA,NA,2,NA,NA,NA,5,NA,NA,NA,1,NA,NA,NA,0,NA,NA,NA,No,NA,NA,NA,Yes,NA,NA,NA,No,NA,NA,NA,Mostly True,NA,NA,NA,Somewhat True,NA,NA,NA,Yes,NA,NA,NA,7,NA,NA,NA
A9513,59,9/10/2019 11:50,9/10/2019 12:16,Complete,Austin,NA,Group 2,Parent-Child Education Program,NA,1,0,1,1,1,1,1,0,1,1,1,1,1,1,0,1,0,0,1,1,1,1,1,1,1,1,1,1,1,1,0,0,1,1,1,0,0,1,1,0,1,1,1,0,0,33,NA,1,NA,NA,NA,NA,NA,NA,NA,NA,35,NA,NA,NA,NA,NA,NA,NA,Yes,NA,NA,NA,Yes,NA,NA,NA,7,NA,NA,NA,7,NA,NA,NA,7,NA,NA,NA,7,NA,NA,NA,1,NA,NA,NA,7,NA,NA,NA,2,NA,NA,NA,7,NA,NA,NA,1,NA,NA,NA,1,NA,NA,NA,25+,NA,NA,NA,2,NA,NA,NA,0,NA,NA,NA,Yes,NA,NA,NA,Yes,NA,NA,NA,Yes,NA,NA,NA,Very True,NA,NA,NA,Very True,NA,NA,NA,Yes,NA,NA,NA,25+,NA,NA,NA
A3192,64,9/10/2019 11:54,9/10/2019 12:19,Complete,Austin,NA,Group 2,Parent-Child Education Program,NA,1,1,1,1,1,1,0,0,1,1,0,0,1,1,1,1,0,0,1,1,1,1,1,1,1,0,1,1,1,0,1,1,0,1,0,0,1,1,1,0,1,1,0,0,1,31,NA,1,NA,NA,NA,NA,NA,NA,NA,NA,30,NA,NA,NA,NA,NA,NA,NA,No,NA,NA,NA,Yes,NA,NA,NA,7,NA,NA,NA,7,NA,NA,NA,7,NA,NA,NA,5,NA,NA,NA,2,NA,NA,NA,7,NA,NA,NA,4,NA,NA,NA,7,NA,NA,NA,1,NA,NA,NA,0,NA,NA,NA,6,NA,NA,NA,3,NA,NA,NA,0,NA,NA,NA,No,NA,NA,NA,Yes,NA,NA,NA,Yes,NA,NA,NA,Very True,NA,NA,NA,Very True,NA,NA,NA,Yes,NA,NA,NA,20,NA,NA,NA
A8612,44,9/9/2019 12:07,9/9/2019 12:38,Complete,Austin,NA,Group 1,Parent-Child Education Program,NA,1,1,0,1,1,0,0,0,1,1,1,0,0,0,1,0,1,0,1,0,0,1,1,1,0,1,1,1,1,0,1,1,0,1,0,0,0,1,1,1,0,0,0,0,1,24,NA,1,NA,NA,NA,NA,NA,NA,NA,NA,8,NA,NA,NA,NA,NA,NA,NA,Yes,NA,NA,NA,Yes,NA,NA,NA,1,NA,NA,NA,1,NA,NA,NA,1,NA,NA,NA,1,NA,NA,NA,1,NA,NA,NA,1,NA,NA,NA,1,NA,NA,NA,1,NA,NA,NA,1,NA,NA,NA,0,NA,NA,NA,0,NA,NA,NA,0,NA,NA,NA,0,NA,NA,NA,Yes,NA,NA,NA,Yes,NA,NA,NA,No,NA,NA,NA,Mostly True,NA,NA,NA,Not at all True,NA,NA,NA,Yes,NA,NA,NA,5,NA,NA,NA
A8353,97,9/11/2019 11:42,9/11/2019 12:14,Complete,Austin,NA,Group 3,Parent-Child Education Program,NA,1,1,1,1,1,1,0,0,1,0,1,1,0,1,1,1,0,0,1,1,1,1,0,1,1,0,1,1,1,0,0,0,0,1,0,1,0,0,1,0,0,0,0,1,1,26,NA,1,NA,NA,NA,NA,NA,NA,NA,NA,11,NA,NA,NA,NA,NA,NA,NA,No,NA,NA,NA,Yes,NA,NA,NA,7,NA,NA,NA,7,NA,NA,NA,7,NA,NA,NA,2,NA,NA,NA,1,NA,NA,NA,7,NA,NA,NA,1,NA,NA,NA,7,NA,NA,NA,1,NA,NA,NA,4,NA,NA,NA,2,NA,NA,NA,0,NA,NA,NA,0,NA,NA,NA,No,NA,NA,NA,Yes,NA,NA,NA,No,NA,NA,NA,Mostly True,NA,NA,NA,Mostly True,NA,NA,NA,Yes,NA,NA,NA,10,NA,NA,NA
A4217,78,9/10/2019 12:14,9/10/2019 12:39,Complete,Austin,NA,Group 2,Parent-Child Education Program,NA,1,1,1,0,1,1,0,0,1,1,1,0,1,0,0,1,1,1,0,0,1,0,0,0,0,0,0,0,0,0,0,0,1,1,0,0,0,1,0,1,0,0,0,1,1,19,NA,1,NA,NA,NA,NA,NA,NA,NA,NA,10 meses,NA,NA,NA,NA,NA,NA,NA,Yes,NA,NA,NA,Yes,NA,NA,NA,2,NA,NA,NA,7,NA,NA,NA,7,NA,NA,NA,3,NA,NA,NA,1,NA,NA,NA,7,NA,NA,NA,1,NA,NA,NA,7,NA,NA,NA,1,NA,NA,NA,0,NA,NA,NA,4,NA,NA,NA,0,NA,NA,NA,0,NA,NA,NA,No,NA,NA,NA,Yes,NA,NA,NA,No,NA,NA,NA,Somewhat True,NA,NA,NA,Somewhat True,NA,NA,NA,Yes,NA,NA,NA,3,NA,NA,NA
A9223,118,9/12/2019 11:56,9/12/2019 12:37,Complete,Austin,NA,Group 4,Parent-Child Education Program,NA,1,1,1,0,1,0,1,0,1,1,1,0,1,1,1,1,1,0,0,0,0,0,0,1,0,0,1,1,1,0,0,1,0,1,0,0,0,1,0,1,0,1,1,0,1,24,NA,1,NA,NA,NA,NA,NA,NA,NA,NA,9,NA,NA,NA,NA,NA,NA,NA,Yes,NA,NA,NA,Yes,NA,NA,NA,2,NA,NA,NA,1,NA,NA,NA,4,NA,NA,NA,1,NA,NA,NA,3,NA,NA,NA,5,NA,NA,NA,1,NA,NA,NA,7,NA,NA,NA,1,NA,NA,NA,0,NA,NA,NA,2,NA,NA,NA,0,NA,NA,NA,0,NA,NA,NA,No,NA,NA,NA,Yes,NA,NA,NA,Yes,NA,NA,NA,Very True,NA,NA,NA,Very True,NA,NA,NA,Yes,NA,NA,NA,0,NA,NA,NA
A1233,135,9/13/2019 11:56,9/13/2019 12:41,Complete,Austin,NA,Group 5,Parent-Child Education Program,NA,1,1,1,1,1,1,0,1,1,1,1,0,1,1,1,1,0,0,1,1,1,1,0,0,1,0,1,1,1,0,1,1,0,0,0,0,1,1,0,0,0,0,1,0,1,28,NA,1,NA,NA,NA,NA,NA,NA,NA,NA,21,NA,NA,NA,NA,NA,NA,NA,Yes,NA,NA,NA,Yes,NA,NA,NA,7,NA,NA,NA,7,NA,NA,NA,7,NA,NA,NA,4,NA,NA,NA,1,NA,NA,NA,7,NA,NA,NA,1,NA,NA,NA,7,NA,NA,NA,1,NA,NA,NA,2,NA,NA,NA,15,NA,NA,NA,1,NA,NA,NA,0,NA,NA,NA,No,NA,NA,NA,Yes,NA,NA,NA,No,NA,NA,NA,Very True,NA,NA,NA,Not at all True,NA,NA,NA,Yes,NA,NA,NA,4,NA,NA,NA
A3892,597,1/15/2020 10:41,1/15/2020 11:10,Complete,Austin,NA,Group 3,Parent-Child Education Program,NA,1,0,1,0,1,0,1,0,0,1,1,1,1,1,1,1,0,0,1,0,1,0,0,1,0,0,0,1,0,0,1,1,0,0,1,0,1,0,1,0,0,0,1,1,1,23,"[Invalid question ID: ""2"". Check your merge code.]",1,NA,NA,NA,NA,NA,NA,NA,NA,23,NA,NA,NA,NA,NA,NA,NA,No,NA,NA,NA,Yes,NA,NA,NA,4,NA,NA,NA,4,NA,NA,NA,7,NA,NA,NA,NA,NA,NA,NA,2,NA,NA,NA,7,NA,NA,NA,4,NA,NA,NA,7,NA,NA,NA,1,NA,NA,NA,0,NA,NA,NA,4,NA,NA,NA,2,NA,NA,NA,0,NA,NA,NA,No,NA,NA,NA,Yes,NA,NA,NA,Yes,NA,NA,NA,Mostly True,NA,NA,NA,Somewhat True,NA,NA,NA,Yes,NA,NA,NA,3,NA,NA,NA
A8459,186,9/17/2019 11:26,9/17/2019 11:52,Complete,Austin,NA,Group 2,Parent-Child Education Program,NA,1,1,1,1,1,0,1,0,1,1,1,0,1,1,1,1,1,1,1,1,1,1,0,0,0,1,1,1,1,0,1,0,0,1,0,1,1,1,0,0,0,0,1,1,1,31,NA,1,NA,NA,NA,NA,NA,NA,NA,NA,27 meses,NA,NA,NA,NA,NA,NA,NA,Yes,NA,NA,NA,Yes,NA,NA,NA,1,NA,NA,NA,1,NA,NA,NA,1,NA,NA,NA,2,NA,NA,NA,2,NA,NA,NA,5,NA,NA,NA,1,NA,NA,NA,6,NA,NA,NA,1,NA,NA,NA,0,NA,NA,NA,2,NA,NA,NA,0,NA,NA,NA,0,NA,NA,NA,Yes,NA,NA,NA,Yes,NA,NA,NA,Yes,NA,NA,NA,Mostly True,NA,NA,NA,Mostly True,NA,NA,NA,Yes,NA,NA,NA,10,NA,NA,NA
A5756,264,10/1/2019 11:26,10/1/2019 12:00,Complete,Austin,NA,Group 4,Parent-Child Education Program,NA,0,1,1,0,0,1,0,0,0,1,1,0,1,0,1,0,0,1,1,0,0,1,0,0,1,1,0,0,1,1,0,0,0,1,0,0,0,0,0,1,1,1,0,1,1,20,NA,1,NA,NA,NA,NA,NA,NA,NA,NA,8,NA,NA,NA,NA,NA,NA,NA,N/A,NA,NA,NA,N/A,NA,NA,NA,2,NA,NA,NA,3,NA,NA,NA,2,NA,NA,NA,1,NA,NA,NA,1,NA,NA,NA,1,NA,NA,NA,1,NA,NA,NA,3,NA,NA,NA,1,NA,NA,NA,0,NA,NA,NA,3,NA,NA,NA,1,NA,NA,NA,0,NA,NA,NA,No,NA,NA,NA,Yes,NA,NA,NA,No,NA,NA,NA,Somewhat True,NA,NA,NA,Somewhat True,NA,NA,NA,Yes,NA,NA,NA,3,NA,NA,NA
A4213,50,9/9/2019 12:07,9/9/2019 12:38,Complete,Austin,NA,Group 1,Parent-Child Education Program,NA,1,1,1,1,1,1,1,1,1,1,1,0,1,1,1,1,1,1,1,1,1,0,0,0,1,0,0,1,1,0,0,0,0,1,0,1,1,1,1,0,0,0,0,1,1,30,NA,1,NA,NA,NA,NA,NA,NA,NA,NA,25,NA,NA,NA,NA,NA,NA,NA,Yes,NA,NA,NA,Yes,NA,NA,NA,5,NA,NA,NA,5,NA,NA,NA,5,NA,NA,NA,5,NA,NA,NA,2,NA,NA,NA,7,NA,NA,NA,3,NA,NA,NA,7,NA,NA,NA,1,NA,NA,NA,0,NA,NA,NA,5,NA,NA,NA,0,NA,NA,NA,1,NA,NA,NA,No,NA,NA,NA,Yes,NA,NA,NA,Yes,NA,NA,NA,Very True,NA,NA,NA,Very True,NA,NA,NA,Yes,NA,NA,NA,25+,NA,NA,NA
A8961,106,9/11/2019 11:57,9/11/2019 13:02,Complete,Austin,NA,Group 3,Parent-Child Education Program,NA,1,0,1,1,1,1,1,0,0,1,1,0,0,0,0,0,1,1,1,0,0,1,0,0,0,1,1,0,1,0,1,1,0,1,1,0,1,0,0,1,0,0,0,1,1,23,NA,1,NA,NA,NA,NA,NA,NA,NA,NA,10,NA,NA,NA,NA,NA,NA,NA,Yes,NA,NA,NA,No,NA,NA,NA,4,NA,NA,NA,1,NA,NA,NA,7,NA,NA,NA,5,NA,NA,NA,1,NA,NA,NA,7,NA,NA,NA,1,NA,NA,NA,7,NA,NA,NA,1,NA,NA,NA,0,NA,NA,NA,4,NA,NA,NA,0,NA,NA,NA,0,NA,NA,NA,Yes,NA,NA,NA,Yes,NA,NA,NA,Yes,NA,NA,NA,Mostly True,NA,NA,NA,Very True,NA,NA,NA,Yes,NA,NA,NA,6,NA,NA,NA
A4595,128,9/12/2019 11:56,9/12/2019 12:32,Complete,Austin,NA,Group 4,Parent-Child Education Program,NA,1,1,0,1,1,1,0,0,1,1,0,0,1,1,1,1,1,0,1,1,1,1,1,1,0,1,1,1,1,1,1,0,1,1,0,1,1,1,1,0,1,1,0,1,1,34,NA,1,NA,NA,NA,NA,NA,NA,NA,NA,24,NA,NA,NA,NA,NA,NA,NA,Yes,NA,NA,NA,Yes,NA,NA,NA,3,NA,NA,NA,5,NA,NA,NA,6,NA,NA,NA,3,NA,NA,NA,1,NA,NA,NA,7,NA,NA,NA,1,NA,NA,NA,7,NA,NA,NA,1,NA,NA,NA,0,NA,NA,NA,4,NA,NA,NA,1,NA,NA,NA,0,NA,NA,NA,No,NA,NA,NA,Yes,NA,NA,NA,No,NA,NA,NA,Not at all True,NA,NA,NA,Mostly True,NA,NA,NA,Yes,NA,NA,NA,8,NA,NA,NA
A8419,443,12/10/2019 11:03,12/10/2019 11:26,Complete,Austin,NA,Group 2,Parent-Child Education Program,NA,1,1,1,1,1,1,1,0,1,1,1,1,1,1,1,1,0,0,1,1,1,1,1,1,1,1,1,1,1,1,1,0,0,1,0,1,1,1,0,0,1,1,1,1,1,37,"[Invalid question ID: ""2"". Check your merge code.]",1,NA,NA,NA,NA,NA,NA,NA,NA,24 meses,NA,NA,NA,NA,NA,NA,NA,Yes,NA,NA,NA,Yes,NA,NA,NA,3,NA,NA,NA,7,NA,NA,NA,7,NA,NA,NA,2,NA,NA,NA,1,NA,NA,NA,7,NA,NA,NA,1,NA,NA,NA,7,NA,NA,NA,1,NA,NA,NA,2,NA,NA,NA,2,NA,NA,NA,1,NA,NA,NA,4,NA,NA,NA,No,NA,NA,NA,Yes,NA,NA,NA,Yes,NA,NA,NA,Mostly True,NA,NA,NA,Mostly True,NA,NA,NA,Yes,NA,NA,NA,25+,NA,NA,NA
A5154,290,10/4/2019 11:38,10/4/2019 12:03,Complete,Austin,NA,Group 5,Parent-Child Education Program,NA,1,1,1,1,1,0,0,1,1,1,1,1,1,1,1,1,1,0,1,1,1,1,1,1,0,1,0,1,1,0,1,0,0,0,0,1,1,0,1,0,0,0,1,1,1,31,NA,1,NA,NA,NA,NA,NA,NA,NA,NA,22,NA,NA,NA,NA,NA,NA,NA,Yes,NA,NA,NA,N/A,NA,NA,NA,4,NA,NA,NA,4,NA,NA,NA,6,NA,NA,NA,3,NA,NA,NA,2,NA,NA,NA,5,NA,NA,NA,2,NA,NA,NA,6,NA,NA,NA,1,NA,NA,NA,0,NA,NA,NA,4,NA,NA,NA,0,NA,NA,NA,0,NA,NA,NA,No,NA,NA,NA,Yes,NA,NA,NA,Yes,NA,NA,NA,Mostly True,NA,NA,NA,Mostly True,NA,NA,NA,Yes,NA,NA,NA,20,NA,NA,NA
A9855,116,9/12/2019 11:56,9/12/2019 12:33,Complete,Austin,NA,Group 4,Parent-Child Education Program,NA,1,1,1,1,1,1,1,0,0,1,1,0,1,1,1,1,1,0,1,1,1,1,1,1,0,1,1,1,1,0,0,0,0,0,0,0,0,1,1,1,1,0,0,0,0,28,NA,1,NA,NA,NA,NA,NA,NA,NA,NA,13,NA,NA,NA,NA,NA,NA,NA,No,NA,NA,NA,Yes,NA,NA,NA,5,NA,NA,NA,5,NA,NA,NA,7,NA,NA,NA,3,NA,NA,NA,2,NA,NA,NA,7,NA,NA,NA,2,NA,NA,NA,6,NA,NA,NA,7,NA,NA,NA,2,NA,NA,NA,2,NA,NA,NA,2,NA,NA,NA,7,NA,NA,NA,No,NA,NA,NA,Yes,NA,NA,NA,Yes,NA,NA,NA,Mostly True,NA,NA,NA,Mostly True,NA,NA,NA,Yes,NA,NA,NA,25+,NA,NA,NA
A6622,663,1/23/2020 11:00,1/23/2020 11:32,Complete,Austin,NA,Group 4,Parent-Child Education Program,NA,1,1,1,1,1,0,0,1,0,1,0,0,1,1,1,0,1,0,1,1,1,1,1,1,0,1,1,1,1,1,1,0,0,1,0,0,1,0,0,1,0,1,1,1,1,30,"[Invalid question ID: ""2"". Check your merge code.]",1,NA,NA,NA,NA,NA,NA,NA,NA,22,NA,NA,NA,NA,NA,NA,NA,Yes,NA,NA,NA,Yes,NA,NA,NA,4,NA,NA,NA,7,NA,NA,NA,5,NA,NA,NA,4,NA,NA,NA,1,NA,NA,NA,7,NA,NA,NA,3,NA,NA,NA,7,NA,NA,NA,1,NA,NA,NA,2,NA,NA,NA,3,NA,NA,NA,0,NA,NA,NA,0,NA,NA,NA,No,NA,NA,NA,Yes,NA,NA,NA,No,NA,NA,NA,Mostly True,NA,NA,NA,Mostly True,NA,NA,NA,Yes,NA,NA,NA,8,NA,NA,NA
A8485,465,1/7/2020 10:47,1/7/2020 11:03,Complete,Austin,NA,Group 2,Parent-Child Education Program,NA,0,1,1,0,1,0,0,0,0,1,1,0,1,1,0,1,1,1,0,1,1,0,0,0,0,0,0,1,1,0,1,1,0,0,0,0,0,1,0,1,0,0,0,1,1,20,"[Invalid question ID: ""2"". Check your merge code.]",1,NA,NA,NA,NA,NA,NA,NA,NA,15,NA,NA,NA,NA,NA,NA,NA,Yes,NA,NA,NA,Yes,NA,NA,NA,4,NA,NA,NA,5,NA,NA,NA,6,NA,NA,NA,7,NA,NA,NA,3,NA,NA,NA,6,NA,NA,NA,3,NA,NA,NA,7,NA,NA,NA,1,NA,NA,NA,0,NA,NA,NA,10,NA,NA,NA,0,NA,NA,NA,0,NA,NA,NA,Yes,NA,NA,NA,Yes,NA,NA,NA,Yes,NA,NA,NA,Somewhat True,NA,NA,NA,Not at all True,NA,NA,NA,Yes,NA,NA,NA,20,NA,NA,NA
A5887,194,9/18/2019 10:42,9/18/2019 11:51,Complete,Austin,NA,Group 2,Parent-Child Education Program,NA,0,1,1,0,1,0,1,0,0,0,0,0,1,0,0,0,0,0,1,0,0,0,0,0,1,0,0,0,1,0,1,0,0,1,0,0,1,1,1,1,0,0,0,1,0,15,NA,1,NA,NA,NA,NA,NA,NA,NA,NA,17 meses,NA,NA,NA,NA,NA,NA,NA,No,NA,NA,NA,No,NA,NA,NA,2,NA,NA,NA,2,NA,NA,NA,5,NA,NA,NA,1,NA,NA,NA,1,NA,NA,NA,3,NA,NA,NA,2,NA,NA,NA,4,NA,NA,NA,1,NA,NA,NA,0,NA,NA,NA,0,NA,NA,NA,0,NA,NA,NA,0,NA,NA,NA,No,NA,NA,NA,Yes,NA,NA,NA,Yes,NA,NA,NA,Very True,NA,NA,NA,Somewhat True,NA,NA,NA,Yes,NA,NA,NA,6,NA,NA,NA
A9574,40,9/9/2019 12:06,9/9/2019 12:38,Complete,Austin,NA,Group 1,Parent-Child Education Program,NA,1,1,1,1,1,0,1,0,0,1,0,1,1,0,1,1,1,0,0,1,1,1,1,1,0,1,0,1,1,1,1,0,0,0,0,0,1,1,1,1,0,0,1,1,1,29,NA,1,NA,NA,NA,NA,NA,NA,NA,NA,24,NA,NA,NA,NA,NA,NA,NA,Yes,NA,NA,NA,Yes,NA,NA,NA,5,NA,NA,NA,4,NA,NA,NA,7,NA,NA,NA,7,NA,NA,NA,4,NA,NA,NA,7,NA,NA,NA,3,NA,NA,NA,7,NA,NA,NA,1,NA,NA,NA,0,NA,NA,NA,4,NA,NA,NA,2,NA,NA,NA,0,NA,NA,NA,Yes,NA,NA,NA,Yes,NA,NA,NA,Yes,NA,NA,NA,Very True,NA,NA,NA,Very True,NA,NA,NA,Yes,NA,NA,NA,25+,NA,NA,NA
A4812,218,9/20/2019 10:30,9/20/2019 11:07,Complete,Austin,NA,Group 5,Parent-Child Education Program,NA,1,1,1,1,1,0,0,0,0,1,1,0,0,1,1,0,1,0,1,1,1,0,0,0,0,0,0,0,1,0,0,0,1,0,0,0,1,1,0,1,0,0,1,1,1,21,NA,1,NA,NA,NA,NA,NA,NA,NA,NA,2 años 2 meses,NA,NA,NA,NA,NA,NA,NA,No,NA,NA,NA,No,NA,NA,NA,3,NA,NA,NA,3,NA,NA,NA,6,NA,NA,NA,3,NA,NA,NA,1,NA,NA,NA,6,NA,NA,NA,2,NA,NA,NA,7,NA,NA,NA,2,NA,NA,NA,2,NA,NA,NA,2,NA,NA,NA,2,NA,NA,NA,0,NA,NA,NA,No,NA,NA,NA,Yes,NA,NA,NA,Yes,NA,NA,NA,Very True,NA,NA,NA,Not at all True,NA,NA,NA,Yes,NA,NA,NA,10,NA,NA,NA
A1145,675,1/30/2020 9:58,1/30/2020 10:23,Complete,Austin,NA,Group 4,Parent-Child Education Program,NA,1,1,1,1,1,1,1,0,1,1,1,1,1,0,1,1,1,0,1,0,0,1,0,0,1,0,1,1,1,0,0,0,0,1,1,1,0,0,0,1,0,0,1,1,1,28,"[Invalid question ID: ""2"". Check your merge code.]",0,NA,NA,NA,NA,NA,NA,NA,NA,NA,NA,NA,NA,NA,NA,NA,NA,NA,NA,NA,NA,NA,NA,NA,NA,NA,NA,NA,NA,NA,NA,NA,NA,NA,NA,NA,NA,NA,NA,NA,NA,NA,NA,NA,NA,NA,NA,NA,NA,NA,NA,NA,NA,NA,NA,NA,NA,NA,NA,NA,NA,NA,NA,NA,NA,NA,NA,NA,NA,NA,NA,NA,NA,NA,NA,NA,NA,NA,NA,NA,NA,NA,NA,NA,NA,NA,NA,NA,NA,NA,NA,NA,NA,NA,NA,NA,NA,NA,NA,NA,NA,NA,NA,NA,NA
A5698,146,9/13/2019 11:56,9/13/2019 12:34,Complete,Austin,NA,Group 5,Parent-Child Education Program,NA,1,1,1,0,1,1,1,0,1,1,1,0,1,1,0,0,0,0,0,1,1,1,1,1,1,1,0,1,1,0,1,0,1,1,1,1,1,0,1,1,1,0,1,0,1,31,NA,1,NA,NA,NA,NA,NA,NA,NA,NA,13,NA,NA,NA,NA,NA,NA,NA,Yes,NA,NA,NA,No,NA,NA,NA,1,NA,NA,NA,1,NA,NA,NA,5,NA,NA,NA,3,NA,NA,NA,1,NA,NA,NA,5,NA,NA,NA,4,NA,NA,NA,7,NA,NA,NA,7,NA,NA,NA,0,NA,NA,NA,5,NA,NA,NA,0,NA,NA,NA,0,NA,NA,NA,No,NA,NA,NA,Yes,NA,NA,NA,Yes,NA,NA,NA,Very True,NA,NA,NA,Very True,NA,NA,NA,Yes,NA,NA,NA,25+,NA,NA,NA
A5121,155,9/13/2019 11:57,9/13/2019 12:32,Complete,Austin,NA,Group 5,Parent-Child Education Program,NA,1,1,1,1,1,1,1,0,1,1,1,0,0,0,1,1,0,0,0,1,1,1,1,1,1,1,0,0,0,1,0,0,0,1,0,0,1,1,1,0,0,1,0,0,0,25,NA,1,NA,NA,NA,NA,NA,NA,NA,NA,32,NA,NA,NA,NA,NA,NA,NA,Yes,NA,NA,NA,Yes,NA,NA,NA,3,NA,NA,NA,3,NA,NA,NA,4,NA,NA,NA,5,NA,NA,NA,1,NA,NA,NA,7,NA,NA,NA,1,NA,NA,NA,7,NA,NA,NA,3,NA,NA,NA,3,NA,NA,NA,4,NA,NA,NA,3,NA,NA,NA,3,NA,NA,NA,Yes,NA,NA,NA,Yes,NA,NA,NA,Yes,NA,NA,NA,Somewhat True,NA,NA,NA,Not at all True,NA,NA,NA,Yes,NA,NA,NA,6,NA,NA,NA
A7294,149,9/13/2019 11:56,9/13/2019 12:36,Complete,Austin,NA,Group 5,Parent-Child Education Program,NA,1,0,1,0,1,0,0,0,1,1,1,1,0,1,1,0,1,0,1,0,1,0,0,0,0,1,0,0,1,1,1,0,0,1,0,1,0,0,0,1,1,1,1,0,1,23,NA,1,NA,NA,NA,NA,NA,NA,NA,NA,10,NA,NA,NA,NA,NA,NA,NA,Yes,NA,NA,NA,Yes,NA,NA,NA,4,NA,NA,NA,5,NA,NA,NA,5,NA,NA,NA,3,NA,NA,NA,2,NA,NA,NA,4,NA,NA,NA,1,NA,NA,NA,7,NA,NA,NA,1,NA,NA,NA,0,NA,NA,NA,2,NA,NA,NA,0,NA,NA,NA,0,NA,NA,NA,No,NA,NA,NA,Yes,NA,NA,NA,No,NA,NA,NA,Somewhat True,NA,NA,NA,Somewhat True,NA,NA,NA,Yes,NA,NA,NA,25+,NA,NA,NA
A2524,496,1/10/2020 9:16,1/10/2020 9:31,Complete,Austin,NA,Group 5,Parent-Child Education Program,NA,0,1,1,0,1,0,0,0,1,0,0,0,0,0,1,0,0,0,1,1,0,0,0,1,0,0,0,0,1,0,1,1,0,1,0,0,1,0,0,1,0,0,1,1,1,17,"[Invalid question ID: ""2"". Check your merge code.]",0,NA,NA,NA,NA,NA,NA,NA,NA,NA,NA,NA,NA,NA,NA,NA,NA,NA,NA,NA,NA,NA,NA,NA,NA,NA,NA,NA,NA,NA,NA,NA,NA,NA,NA,NA,NA,NA,NA,NA,NA,NA,NA,NA,NA,NA,NA,NA,NA,NA,NA,NA,NA,NA,NA,NA,NA,NA,NA,NA,NA,NA,NA,NA,NA,NA,NA,NA,NA,NA,NA,NA,NA,NA,NA,NA,NA,NA,NA,NA,NA,NA,NA,NA,NA,NA,NA,NA,NA,NA,NA,NA,NA,NA,NA,NA,NA,NA,NA,NA,NA,NA,NA,NA,NA
A5511,111,9/12/2019 11:55,9/12/2019 12:32,Complete,Austin,NA,Group 4,Parent-Child Education Program,NA,1,1,1,0,1,0,0,0,1,1,0,0,1,0,1,1,1,0,0,1,1,0,0,1,1,1,1,1,1,0,1,1,0,1,0,0,1,1,1,0,0,0,1,0,1,26,NA,1,NA,NA,NA,NA,NA,NA,NA,NA,24,NA,NA,NA,NA,NA,NA,NA,No,NA,NA,NA,No,NA,NA,NA,2,NA,NA,NA,1,NA,NA,NA,4,NA,NA,NA,2,NA,NA,NA,1,NA,NA,NA,7,NA,NA,NA,2,NA,NA,NA,7,NA,NA,NA,1,NA,NA,NA,0,NA,NA,NA,4,NA,NA,NA,0,NA,NA,NA,0,NA,NA,NA,No,NA,NA,NA,Yes,NA,NA,NA,Yes,NA,NA,NA,Very True,NA,NA,NA,Very True,NA,NA,NA,Yes,NA,NA,NA,10,NA,NA,NA
A1374,221,9/20/2019 10:30,9/20/2019 10:58,Complete,Austin,NA,Group 1,Parent-Child Education Program,NA,1,1,0,1,1,1,0,0,1,1,1,0,1,1,1,1,1,0,1,1,1,1,1,1,1,0,1,1,1,0,1,0,1,1,0,1,1,1,1,1,1,1,1,1,1,36,NA,1,NA,NA,NA,NA,NA,NA,NA,NA,21,NA,NA,NA,NA,NA,NA,NA,Yes,NA,NA,NA,Yes,NA,NA,NA,4,NA,NA,NA,3,NA,NA,NA,7,NA,NA,NA,1,NA,NA,NA,1,NA,NA,NA,7,NA,NA,NA,1,NA,NA,NA,7,NA,NA,NA,1,NA,NA,NA,0,NA,NA,NA,4,NA,NA,NA,0,NA,NA,NA,0,NA,NA,NA,No,NA,NA,NA,Yes,NA,NA,NA,Yes,NA,NA,NA,Mostly True,NA,NA,NA,Mostly Not True,NA,NA,NA,No,NA,NA,NA,10,NA,NA,NA
A1976,182,9/17/2019 11:24,9/17/2019 11:52,Complete,Austin,NA,Group 2,Parent-Child Education Program,NA,1,1,1,1,1,1,0,0,1,1,1,1,0,0,1,1,1,0,1,1,1,1,1,1,1,1,1,1,1,0,1,0,1,0,0,1,1,1,1,1,0,1,1,0,0,33,NA,1,NA,NA,NA,NA,NA,NA,NA,NA,33,NA,NA,NA,NA,NA,NA,NA,Yes,NA,NA,NA,No,NA,NA,NA,4,NA,NA,NA,4,NA,NA,NA,7,NA,NA,NA,5,NA,NA,NA,1,NA,NA,NA,7,NA,NA,NA,1,NA,NA,NA,7,NA,NA,NA,1,NA,NA,NA,1,NA,NA,NA,2,NA,NA,NA,0,NA,NA,NA,0,NA,NA,NA,No,NA,NA,NA,Yes,NA,NA,NA,Yes,NA,NA,NA,Somewhat True,NA,NA,NA,Mostly True,NA,NA,NA,Yes,NA,NA,NA,25+,NA,NA,NA
A4236,101,9/11/2019 11:42,9/11/2019 12:10,Complete,Austin,NA,Group 3,Parent-Child Education Program,NA,1,1,1,1,1,1,1,1,0,1,1,1,1,1,1,1,0,1,1,1,0,0,0,1,1,0,1,1,1,0,1,0,0,1,0,0,0,1,1,0,1,1,1,0,0,30,NA,1,NA,NA,NA,NA,NA,NA,NA,NA,22 meses,NA,NA,NA,NA,NA,NA,NA,Yes,NA,NA,NA,Yes,NA,NA,NA,5,NA,NA,NA,5,NA,NA,NA,7,NA,NA,NA,3,NA,NA,NA,2,NA,NA,NA,7,NA,NA,NA,1,NA,NA,NA,7,NA,NA,NA,1,NA,NA,NA,0,NA,NA,NA,2,NA,NA,NA,0,NA,NA,NA,0,NA,NA,NA,No,NA,NA,NA,Yes,NA,NA,NA,No,NA,NA,NA,Mostly True,NA,NA,NA,Somewhat True,NA,NA,NA,Yes,NA,NA,NA,15,NA,NA,NA
A7117,105,9/11/2019 11:46,9/11/2019 12:19,Complete,Austin,NA,Group 3,Parent-Child Education Program,NA,1,1,0,1,1,1,1,1,1,1,1,0,0,0,1,1,1,0,1,1,1,1,1,1,1,1,0,1,1,0,1,1,1,1,0,1,1,1,0,1,1,1,1,0,1,35,NA,2,NA,NA,NA,NA,NA,NA,NA,NA,25,11,NA,NA,NA,NA,NA,NA,No,Yes,NA,NA,Yes,Yes,NA,NA,5,7,NA,NA,7,7,NA,NA,7,7,NA,NA,3,3,NA,NA,1,1,NA,NA,6,7,NA,NA,1,1,NA,NA,7,7,NA,NA,1,1,NA,NA,0,0,NA,NA,6,5,NA,NA,0,0,NA,NA,0,0,NA,NA,No,No,NA,NA,Yes,Yes,NA,NA,Yes,Yes,NA,NA,Mostly True,Mostly True,NA,NA,Mostly True,Mostly True,NA,NA,Yes,Yes,NA,NA,10,10,NA,NA
A5824,112,9/12/2019 11:55,9/12/2019 12:19,Complete,Austin,NA,Group 4,Parent-Child Education Program,NA,1,0,1,1,1,0,1,0,1,1,1,0,1,0,1,1,1,0,1,1,1,1,1,1,0,1,1,1,1,0,1,0,1,1,0,1,1,1,1,0,1,0,1,1,1,33,NA,1,NA,NA,NA,NA,NA,NA,NA,NA,12 months,NA,NA,NA,NA,NA,NA,NA,Yes,NA,NA,NA,Yes,NA,NA,NA,4,NA,NA,NA,3,NA,NA,NA,7,NA,NA,NA,3,NA,NA,NA,3,NA,NA,NA,4,NA,NA,NA,1,NA,NA,NA,7,NA,NA,NA,1,NA,NA,NA,0,NA,NA,NA,4,NA,NA,NA,3,NA,NA,NA,0,NA,NA,NA,No,NA,NA,NA,Yes,NA,NA,NA,No,NA,NA,NA,Very True,NA,NA,NA,Very True,NA,NA,NA,Yes,NA,NA,NA,5,NA,NA,NA
A8996,435,12/5/2019 11:02,12/5/2019 14:26,Complete,Austin,NA,Group 4,Parent-Child Education Program,NA,1,1,1,1,1,0,1,1,0,1,1,0,1,1,1,1,1,0,1,1,1,0,0,1,1,1,0,1,0,1,1,0,1,1,0,1,1,0,1,0,1,1,1,0,1,32,NA,2,NA,NA,NA,NA,NA,NA,NA,NA,20,4,NA,NA,NA,NA,NA,NA,Yes,Yes,NA,NA,Yes,Yes,NA,NA,5,5,NA,NA,7,5,NA,NA,7,7,NA,NA,6,7,NA,NA,3,3,NA,NA,7,1,NA,NA,2,1,NA,NA,7,1,NA,NA,2,1,NA,NA,2,0,NA,NA,10,20,NA,NA,20,0,NA,NA,0,0,NA,NA,No,No,NA,NA,Yes,Yes,NA,NA,Yes,Yes,NA,NA,Mostly True,Mostly True,NA,NA,Mostly True,Somewhat True,NA,NA,Yes,Yes,NA,NA,10,10,NA,NA
A8333,313,10/21/2019 9:48,10/21/2019 10:00,Complete,Austin,NA,Group 1,Parent-Child Education Program,NA,1,1,1,1,1,1,1,1,0,0,1,1,1,1,1,1,1,0,0,1,1,1,1,0,1,0,1,1,1,1,1,0,1,1,0,0,0,1,1,1,1,1,1,1,1,35,NA,1,NA,NA,NA,NA,NA,NA,NA,NA,17,NA,NA,NA,NA,NA,NA,NA,Yes,NA,NA,NA,Yes,NA,NA,NA,5,NA,NA,NA,6,NA,NA,NA,7,NA,NA,NA,5,NA,NA,NA,1,NA,NA,NA,7,NA,NA,NA,1,NA,NA,NA,7,NA,NA,NA,1,NA,NA,NA,4,NA,NA,NA,9,NA,NA,NA,4,NA,NA,NA,0,NA,NA,NA,No,NA,NA,NA,Yes,NA,NA,NA,Yes,NA,NA,NA,Mostly True,NA,NA,NA,Very True,NA,NA,NA,Yes,NA,NA,NA,25+,NA,NA,NA
A8553,602,1/17/2020 10:06,1/17/2020 10:28,Complete,Austin,NA,Group 5,Parent-Child Education Program,NA,1,1,1,1,1,1,1,0,0,1,1,0,0,1,1,1,1,0,0,1,1,1,1,1,1,1,0,1,1,1,1,1,0,1,0,1,1,1,0,1,0,1,1,1,1,34,"[Invalid question ID: ""2"". Check your merge code.]",1,NA,NA,NA,NA,NA,NA,NA,NA,15,NA,NA,NA,NA,NA,NA,NA,Yes,NA,NA,NA,Yes,NA,NA,NA,1,NA,NA,NA,NA,NA,NA,NA,NA,NA,NA,NA,NA,NA,NA,NA,NA,NA,NA,NA,5,NA,NA,NA,3,NA,NA,NA,7,NA,NA,NA,NA,NA,NA,NA,0,NA,NA,NA,1,NA,NA,NA,0,NA,NA,NA,0,NA,NA,NA,No,NA,NA,NA,Yes,NA,NA,NA,Yes,NA,NA,NA,Not at all True,NA,NA,NA,Mostly True,NA,NA,NA,Yes,NA,NA,NA,10,NA,NA,NA
A4973,86,9/11/2019 11:41,9/11/2019 12:08,Complete,Austin,NA,Group 3,Parent-Child Education Program,NA,1,0,1,1,1,1,1,0,1,1,0,0,0,0,1,1,1,1,0,1,1,0,0,1,1,1,0,1,1,0,1,1,0,0,0,0,1,1,0,1,1,1,1,1,1,29,NA,1,NA,NA,NA,NA,NA,NA,NA,NA,24,NA,NA,NA,NA,NA,NA,NA,Yes,NA,NA,NA,No,NA,NA,NA,4,NA,NA,NA,6,NA,NA,NA,4,NA,NA,NA,3,NA,NA,NA,2,NA,NA,NA,7,NA,NA,NA,2,NA,NA,NA,7,NA,NA,NA,5,NA,NA,NA,0,NA,NA,NA,6,NA,NA,NA,0,NA,NA,NA,0,NA,NA,NA,No,NA,NA,NA,Yes,NA,NA,NA,Yes,NA,NA,NA,Very True,NA,NA,NA,Somewhat True,NA,NA,NA,Yes,NA,NA,NA,20,NA,NA,NA
A3469,434,12/4/2019 10:52,12/4/2019 11:29,Complete,Austin,NA,Group 3,Parent-Child Education Program,NA,0,0,1,1,1,1,1,0,1,1,1,0,0,1,1,1,0,0,0,1,1,1,0,0,1,1,1,0,0,1,1,1,0,1,0,0,1,1,1,0,1,0,0,1,1,27,NA,1,NA,NA,NA,NA,NA,NA,NA,NA,12,NA,NA,NA,NA,NA,NA,NA,Yes,NA,NA,NA,Yes,NA,NA,NA,7,NA,NA,NA,7,NA,NA,NA,7,NA,NA,NA,1,NA,NA,NA,1,NA,NA,NA,7,NA,NA,NA,7,NA,NA,NA,7,NA,NA,NA,6,NA,NA,NA,0,NA,NA,NA,1,NA,NA,NA,1,NA,NA,NA,0,NA,NA,NA,No,NA,NA,NA,Yes,NA,NA,NA,Yes,NA,NA,NA,Mostly True,NA,NA,NA,Mostly True,NA,NA,NA,Yes,NA,NA,NA,15,NA,NA,NA
A9632,175,9/16/2019 11:58,9/16/2019 12:30,Complete,Austin,NA,Group 1,Parent-Child Education Program,NA,0,1,0,0,0,1,0,0,1,0,1,0,1,1,0,1,0,1,1,1,0,0,0,0,1,0,0,0,1,0,1,1,0,1,0,1,1,1,0,1,0,0,1,1,1,22,NA,1,NA,NA,NA,NA,NA,NA,NA,NA,16,NA,NA,NA,NA,NA,NA,NA,No,NA,NA,NA,No,NA,NA,NA,2,NA,NA,NA,1,NA,NA,NA,2,NA,NA,NA,7,NA,NA,NA,1,NA,NA,NA,7,NA,NA,NA,5,NA,NA,NA,7,NA,NA,NA,1,NA,NA,NA,0,NA,NA,NA,1,NA,NA,NA,0,NA,NA,NA,0,NA,NA,NA,No,NA,NA,NA,Yes,NA,NA,NA,Yes,NA,NA,NA,Mostly Not True,NA,NA,NA,Somewhat True,NA,NA,NA,Yes,NA,NA,NA,5,NA,NA,NA
A7437,190,9/17/2019 11:55,9/17/2019 12:21,Complete,Austin,NA,Group 2,Parent-Child Education Program,NA,1,1,0,0,1,0,0,0,0,1,0,0,1,0,1,0,0,0,0,0,1,0,0,0,1,0,0,0,0,1,0,0,1,1,0,0,1,0,1,0,0,0,0,1,1,15,NA,1,NA,NA,NA,NA,NA,NA,NA,NA,7,NA,NA,NA,NA,NA,NA,NA,No,NA,NA,NA,Yes,NA,NA,NA,1,NA,NA,NA,1,NA,NA,NA,1,NA,NA,NA,1,NA,NA,NA,1,NA,NA,NA,2,NA,NA,NA,2,NA,NA,NA,2,NA,NA,NA,1,NA,NA,NA,0,NA,NA,NA,1,NA,NA,NA,0,NA,NA,NA,0,NA,NA,NA,No,NA,NA,NA,Yes,NA,NA,NA,Yes,NA,NA,NA,Very True,NA,NA,NA,Very True,NA,NA,NA,Yes,NA,NA,NA,1,NA,NA,NA
A1537,312,10/21/2019 9:22,10/21/2019 9:53,Complete,Austin,NA,Group 1,Parent-Child Education Program,NA,1,0,1,0,1,1,0,0,1,1,0,0,1,0,1,1,0,0,1,0,1,1,1,0,1,0,1,1,1,0,1,0,0,0,0,1,0,1,1,0,0,0,1,1,1,24,NA,1,NA,NA,NA,NA,NA,NA,NA,NA,18,NA,NA,NA,NA,NA,NA,NA,N/A,NA,NA,NA,Yes,NA,NA,NA,2,NA,NA,NA,2,NA,NA,NA,7,NA,NA,NA,7,NA,NA,NA,2,NA,NA,NA,2,NA,NA,NA,2,NA,NA,NA,7,NA,NA,NA,1,NA,NA,NA,2,NA,NA,NA,3,NA,NA,NA,2,NA,NA,NA,0,NA,NA,NA,No,NA,NA,NA,Yes,NA,NA,NA,No,NA,NA,NA,Very True,NA,NA,NA,Mostly Not True,NA,NA,NA,Yes,NA,NA,NA,5,NA,NA,NA
A4995,138,9/13/2019 11:56,9/13/2019 12:28,Complete,Austin,NA,Group 5,Parent-Child Education Program,NA,1,1,1,1,1,1,1,1,1,1,1,0,1,1,1,1,0,0,1,1,1,1,1,1,1,1,1,1,1,0,1,1,0,1,0,1,0,1,1,1,1,1,1,1,1,38,NA,1,NA,NA,NA,NA,NA,NA,NA,NA,12,NA,NA,NA,NA,NA,NA,NA,Yes,NA,NA,NA,Yes,NA,NA,NA,2,NA,NA,NA,2,NA,NA,NA,7,NA,NA,NA,3,NA,NA,NA,2,NA,NA,NA,5,NA,NA,NA,1,NA,NA,NA,7,NA,NA,NA,1,NA,NA,NA,0,NA,NA,NA,2,NA,NA,NA,1,NA,NA,NA,0,NA,NA,NA,No,NA,NA,NA,Yes,NA,NA,NA,No,NA,NA,NA,Mostly Not True,NA,NA,NA,Mostly True,NA,NA,NA,Yes,NA,NA,NA,15,NA,NA,NA
A5358,142,9/13/2019 11:57,9/13/2019 12:38,Complete,Austin,NA,Group 5,Parent-Child Education Program,NA,1,0,1,0,1,1,0,0,0,0,1,0,0,0,0,0,1,0,1,0,1,1,1,1,0,1,1,0,1,0,1,0,0,1,0,0,0,0,1,1,1,0,0,0,1,20,NA,1,NA,NA,NA,NA,NA,NA,NA,NA,2años y 9 meses,NA,NA,NA,NA,NA,NA,NA,Yes,NA,NA,NA,Yes,NA,NA,NA,3,NA,NA,NA,3,NA,NA,NA,7,NA,NA,NA,4,NA,NA,NA,3,NA,NA,NA,4,NA,NA,NA,3,NA,NA,NA,7,NA,NA,NA,1,NA,NA,NA,0,NA,NA,NA,3,NA,NA,NA,0,NA,NA,NA,0,NA,NA,NA,No,NA,NA,NA,Yes,NA,NA,NA,No,NA,NA,NA,Mostly True,NA,NA,NA,Mostly True,NA,NA,NA,Yes,NA,NA,NA,15,NA,NA,NA
A7262,497,1/10/2020 10:44,1/10/2020 11:16,Complete,Austin,NA,Group 5,Parent-Child Education Program,NA,1,1,1,1,1,1,0,0,1,1,0,1,0,1,1,1,0,0,1,1,1,1,1,1,0,0,1,0,1,0,1,1,1,1,0,0,1,1,1,0,0,1,1,1,1,31,"[Invalid question ID: ""2"". Check your merge code.]",1,NA,NA,NA,NA,NA,NA,NA,NA,3,NA,NA,NA,NA,NA,NA,NA,Yes,NA,NA,NA,Yes,NA,NA,NA,6,NA,NA,NA,5,NA,NA,NA,7,NA,NA,NA,1,NA,NA,NA,1,NA,NA,NA,7,NA,NA,NA,1,NA,NA,NA,7,NA,NA,NA,1,NA,NA,NA,0,NA,NA,NA,0,NA,NA,NA,0,NA,NA,NA,0,NA,NA,NA,No,NA,NA,NA,Yes,NA,NA,NA,No,NA,NA,NA,Mostly True,NA,NA,NA,Mostly True,NA,NA,NA,No,NA,NA,NA,5,NA,NA,NA
A5115,109,9/11/2019 12:22,9/11/2019 12:34,Complete,Austin,NA,Group 3,Parent-Child Education Program,NA,1,1,1,1,1,0,0,0,1,0,1,0,1,1,1,1,0,0,0,0,1,1,0,1,1,1,1,1,0,0,1,0,1,0,0,1,0,0,0,1,1,1,0,1,1,26,NA,2,NA,NA,NA,NA,NA,NA,NA,NA,40,1,NA,NA,NA,NA,NA,NA,Yes,No,NA,NA,Yes,Yes,NA,NA,2,1,NA,NA,7,1,NA,NA,7,7,NA,NA,3,3,NA,NA,1,1,NA,NA,6,1,NA,NA,3,1,NA,NA,7,1,NA,NA,1,1,NA,NA,0,0,NA,NA,10,3,NA,NA,0,0,NA,NA,0,0,NA,NA,No,No,NA,NA,Yes,Yes,NA,NA,Yes,No,NA,NA,Somewhat True,Mostly True,NA,NA,Mostly True,Mostly True,NA,NA,Yes,No,NA,NA,3,3,NA,NA
A8299,248,9/25/2019 10:33,9/25/2019 10:49,Complete,Austin,NA,Group 3,Parent-Child Education Program,NA,0,0,1,0,1,1,0,0,1,1,0,0,0,1,1,1,0,1,1,1,1,1,1,1,1,1,0,1,1,0,0,0,1,1,0,1,1,1,1,0,1,1,1,1,1,30,NA,1,NA,NA,NA,NA,NA,NA,NA,NA,14 meses,NA,NA,NA,NA,NA,NA,NA,Yes,NA,NA,NA,Yes,NA,NA,NA,7,NA,NA,NA,7,NA,NA,NA,7,NA,NA,NA,4,NA,NA,NA,1,NA,NA,NA,6,NA,NA,NA,3,NA,NA,NA,5,NA,NA,NA,1,NA,NA,NA,0,NA,NA,NA,6,NA,NA,NA,0,NA,NA,NA,0,NA,NA,NA,No,NA,NA,NA,Yes,NA,NA,NA,Yes,NA,NA,NA,Mostly True,NA,NA,NA,Mostly True,NA,NA,NA,Yes,NA,NA,NA,15,NA,NA,NA
A8894,306,10/17/2019 12:32,10/17/2019 12:46,Complete,Austin,NA,Group 4,Parent-Child Education Program,NA,1,0,1,0,0,1,0,0,0,1,0,0,0,0,1,1,1,0,1,1,1,1,1,1,0,0,0,1,1,1,1,1,1,1,0,1,1,1,1,1,0,0,0,1,1,27,NA,1,NA,NA,NA,NA,NA,NA,NA,NA,11,NA,NA,NA,NA,NA,NA,NA,Yes,NA,NA,NA,Yes,NA,NA,NA,3,NA,NA,NA,3,NA,NA,NA,7,NA,NA,NA,2,NA,NA,NA,1,NA,NA,NA,7,NA,NA,NA,1,NA,NA,NA,7,NA,NA,NA,1,NA,NA,NA,0,NA,NA,NA,2,NA,NA,NA,0,NA,NA,NA,0,NA,NA,NA,No,NA,NA,NA,Yes,NA,NA,NA,Yes,NA,NA,NA,Mostly True,NA,NA,NA,Somewhat True,NA,NA,NA,Yes,NA,NA,NA,10,NA,NA,NA
A4547,596,1/15/2020 10:37,1/15/2020 10:50,Complete,Austin,NA,Group 3,Parent-Child Education Program,NA,1,1,1,1,1,1,1,0,1,1,1,0,1,0,1,1,0,0,1,1,1,1,1,1,1,1,0,1,1,0,1,1,0,1,0,1,1,1,1,0,1,1,1,0,0,33,"[Invalid question ID: ""2"". Check your merge code.]",1,NA,NA,NA,NA,NA,NA,NA,NA,10,NA,NA,NA,NA,NA,NA,NA,Yes,NA,NA,NA,Yes,NA,NA,NA,1,NA,NA,NA,5,NA,NA,NA,7,NA,NA,NA,3,NA,NA,NA,2,NA,NA,NA,7,NA,NA,NA,1,NA,NA,NA,7,NA,NA,NA,1,NA,NA,NA,0,NA,NA,NA,8,NA,NA,NA,2,NA,NA,NA,0,NA,NA,NA,No,NA,NA,NA,Yes,NA,NA,NA,Yes,NA,NA,NA,Very True,NA,NA,NA,Very True,NA,NA,NA,Yes,NA,NA,NA,7,NA,NA,NA
A8215,238,9/24/2019 11:01,9/24/2019 11:26,Complete,Austin,NA,Group 2,Parent-Child Education Program,NA,1,0,1,1,1,0,1,1,1,0,0,1,0,0,1,1,0,1,1,0,1,0,0,1,0,0,0,1,1,0,1,0,1,1,0,1,1,1,1,0,0,0,0,1,1,25,NA,1,NA,NA,NA,NA,NA,NA,NA,NA,15,NA,NA,NA,NA,NA,NA,NA,Yes,NA,NA,NA,Yes,NA,NA,NA,3,NA,NA,NA,4,NA,NA,NA,7,NA,NA,NA,3,NA,NA,NA,3,NA,NA,NA,7,NA,NA,NA,2,NA,NA,NA,6,NA,NA,NA,5,NA,NA,NA,1,NA,NA,NA,3,NA,NA,NA,2,NA,NA,NA,3,NA,NA,NA,Yes,NA,NA,NA,Yes,NA,NA,NA,Yes,NA,NA,NA,Mostly True,NA,NA,NA,Mostly True,NA,NA,NA,No,NA,NA,NA,25+,NA,NA,NA
A9589,73,9/10/2019 11:54,9/10/2019 12:11,Complete,Austin,NA,Group 2,Parent-Child Education Program,NA,1,1,1,1,1,1,1,1,1,1,1,1,0,1,1,1,0,0,0,1,1,0,0,1,0,0,0,0,1,0,1,0,0,1,0,0,0,1,0,1,1,1,1,0,0,26,NA,1,NA,NA,NA,NA,NA,NA,NA,NA,24,NA,NA,NA,NA,NA,NA,NA,Yes,NA,NA,NA,No,NA,NA,NA,2,NA,NA,NA,3,NA,NA,NA,5,NA,NA,NA,4,NA,NA,NA,1,NA,NA,NA,5,NA,NA,NA,1,NA,NA,NA,5,NA,NA,NA,1,NA,NA,NA,0,NA,NA,NA,2,NA,NA,NA,0,NA,NA,NA,0,NA,NA,NA,Yes,NA,NA,NA,Yes,NA,NA,NA,Yes,NA,NA,NA,Mostly True,NA,NA,NA,Very True,NA,NA,NA,Yes,NA,NA,NA,6,NA,NA,NA
A4625,395,10/25/2019 10:58,10/25/2019 11:27,Complete,Austin,NA,Group 5,Parent-Child Education Program,NA,1,0,1,1,1,0,0,0,1,1,0,0,0,1,1,1,0,0,1,1,1,1,0,1,0,1,1,1,1,1,1,0,1,1,0,1,1,0,1,0,0,1,1,0,1,28,NA,2,NA,NA,NA,NA,NA,NA,NA,NA,30 meses,7,NA,NA,NA,NA,NA,NA,No,No,NA,NA,Yes,Yes,NA,NA,6,4,NA,NA,7,1,NA,NA,7,7,NA,NA,3,2,NA,NA,1,1,NA,NA,7,1,NA,NA,1,1,NA,NA,7,1,NA,NA,1,1,NA,NA,0,0,NA,NA,4,0,NA,NA,0,0,NA,NA,0,0,NA,NA,No,No,NA,NA,Yes,Yes,NA,NA,Yes,No,NA,NA,Not at all True,Somewhat True,NA,NA,Somewhat True,Somewhat True,NA,NA,Yes,Yes,NA,NA,10,10,NA,NA
A4168,220,9/20/2019 10:29,9/20/2019 11:04,Complete,Austin,NA,Group 5,Parent-Child Education Program,NA,1,0,0,1,1,1,1,0,0,1,1,0,0,1,1,1,0,0,1,1,1,1,0,1,0,1,0,1,0,0,1,1,0,1,0,1,1,1,1,1,1,1,1,0,1,29,NA,1,NA,NA,NA,NA,NA,NA,NA,NA,26 meses,NA,NA,NA,NA,NA,NA,NA,No,NA,NA,NA,No,NA,NA,NA,5,NA,NA,NA,6,NA,NA,NA,7,NA,NA,NA,6,NA,NA,NA,1,NA,NA,NA,7,NA,NA,NA,1,NA,NA,NA,7,NA,NA,NA,1,NA,NA,NA,0,NA,NA,NA,10,NA,NA,NA,0,NA,NA,NA,0,NA,NA,NA,No,NA,NA,NA,Yes,NA,NA,NA,Yes,NA,NA,NA,Mostly True,NA,NA,NA,Somewhat True,NA,NA,NA,Yes,NA,NA,NA,6,NA,NA,NA
A6874,46,9/9/2019 12:07,9/9/2019 12:34,Complete,Austin,NA,Group 1,Parent-Child Education Program,NA,1,1,1,0,1,0,0,0,1,1,1,0,1,0,1,1,1,0,0,1,1,1,0,0,0,0,0,0,1,0,1,0,0,0,0,0,0,1,0,0,0,0,1,1,1,20,NA,1,NA,NA,NA,NA,NA,NA,NA,NA,23,NA,NA,NA,NA,NA,NA,NA,No,NA,NA,NA,Yes,NA,NA,NA,7,NA,NA,NA,7,NA,NA,NA,5,NA,NA,NA,5,NA,NA,NA,2,NA,NA,NA,5,NA,NA,NA,5,NA,NA,NA,7,NA,NA,NA,1,NA,NA,NA,0,NA,NA,NA,1,NA,NA,NA,0,NA,NA,NA,0,NA,NA,NA,No,NA,NA,NA,Yes,NA,NA,NA,Yes,NA,NA,NA,Very True,NA,NA,NA,Somewhat True,NA,NA,NA,Yes,NA,NA,NA,25+,NA,NA,NA
A5327,144,9/13/2019 11:57,9/13/2019 12:29,Complete,Austin,NA,Group 5,Parent-Child Education Program,NA,1,1,1,1,1,1,1,0,0,1,0,0,1,1,1,1,0,1,0,1,1,1,0,0,0,0,1,1,1,1,0,0,0,0,0,0,0,0,1,0,0,0,1,0,1,23,NA,1,NA,NA,NA,NA,NA,NA,NA,NA,25 meses,NA,NA,NA,NA,NA,NA,NA,Yes,NA,NA,NA,Yes,NA,NA,NA,3,NA,NA,NA,2,NA,NA,NA,7,NA,NA,NA,4,NA,NA,NA,3,NA,NA,NA,4,NA,NA,NA,1,NA,NA,NA,7,NA,NA,NA,1,NA,NA,NA,0,NA,NA,NA,4,NA,NA,NA,3,NA,NA,NA,8,NA,NA,NA,No,NA,NA,NA,Yes,NA,NA,NA,Yes,NA,NA,NA,Very True,NA,NA,NA,Mostly True,NA,NA,NA,Yes,NA,NA,NA,5,NA,NA,NA
A8271,133,9/12/2019 12:31,9/12/2019 12:43,Complete,Austin,NA,Group 4,Parent-Child Education Program,NA,1,1,0,1,1,0,0,0,0,0,1,0,1,0,1,0,1,0,0,0,1,1,0,1,0,0,1,1,1,0,0,0,0,0,1,0,1,0,1,1,1,0,1,0,0,20,NA,1,NA,NA,NA,NA,NA,NA,NA,NA,15,NA,NA,NA,NA,NA,NA,NA,Yes,NA,NA,NA,Yes,NA,NA,NA,1,NA,NA,NA,5,NA,NA,NA,7,NA,NA,NA,1,NA,NA,NA,1,NA,NA,NA,7,NA,NA,NA,5,NA,NA,NA,7,NA,NA,NA,1,NA,NA,NA,0,NA,NA,NA,2,NA,NA,NA,0,NA,NA,NA,0,NA,NA,NA,No,NA,NA,NA,Yes,NA,NA,NA,Yes,NA,NA,NA,Very True,NA,NA,NA,Somewhat True,NA,NA,NA,Yes,NA,NA,NA,20,NA,NA,NA
A9866,256,9/26/2019 11:10,9/26/2019 11:35,Complete,Austin,NA,Group 4,Parent-Child Education Program,NA,1,1,1,1,1,0,0,1,1,0,1,1,0,1,0,1,0,0,1,0,1,1,0,0,0,1,0,0,1,0,1,0,0,0,0,1,1,1,1,0,0,1,0,0,0,22,NA,1,NA,NA,NA,NA,NA,NA,NA,NA,36,NA,NA,NA,NA,NA,NA,NA,Yes,NA,NA,NA,Yes,NA,NA,NA,3,NA,NA,NA,3,NA,NA,NA,7,NA,NA,NA,4,NA,NA,NA,2,NA,NA,NA,7,NA,NA,NA,1,NA,NA,NA,7,NA,NA,NA,1,NA,NA,NA,1,NA,NA,NA,5,NA,NA,NA,0,NA,NA,NA,0,NA,NA,NA,No,NA,NA,NA,Yes,NA,NA,NA,No,NA,NA,NA,Somewhat True,NA,NA,NA,Somewhat True,NA,NA,NA,Yes,NA,NA,NA,20,NA,NA,NA
A3161,130,9/12/2019 12:03,9/12/2019 12:47,Complete,Austin,NA,Group 4,Parent-Child Education Program,NA,1,1,1,1,1,0,0,1,1,1,1,1,1,0,0,0,1,0,1,0,1,1,0,1,0,0,0,1,1,0,1,0,0,0,0,0,0,0,1,0,1,1,0,1,1,24,NA,1,NA,NA,NA,NA,NA,NA,NA,NA,23,NA,NA,NA,NA,NA,NA,NA,Yes,NA,NA,NA,Yes,NA,NA,NA,5,NA,NA,NA,4,NA,NA,NA,6,NA,NA,NA,2,NA,NA,NA,2,NA,NA,NA,5,NA,NA,NA,2,NA,NA,NA,6,NA,NA,NA,7,NA,NA,NA,0,NA,NA,NA,3,NA,NA,NA,3,NA,NA,NA,0,NA,NA,NA,No,NA,NA,NA,Yes,NA,NA,NA,No,NA,NA,NA,Very True,NA,NA,NA,Mostly True,NA,NA,NA,Yes,NA,NA,NA,25+,NA,NA,NA
A7634,262,9/30/2019 10:42,9/30/2019 11:02,Complete,Austin,NA,Group 1,Parent-Child Education Program,NA,1,0,1,0,0,1,0,0,0,1,0,0,1,0,0,0,1,0,1,1,0,1,1,1,0,0,0,0,1,0,1,0,1,1,0,1,1,0,1,0,0,0,1,1,1,21,NA,1,NA,NA,NA,NA,NA,NA,NA,NA,16,NA,NA,NA,NA,NA,NA,NA,Yes,NA,NA,NA,Yes,NA,NA,NA,1,NA,NA,NA,1,NA,NA,NA,3,NA,NA,NA,7,NA,NA,NA,2,NA,NA,NA,7,NA,NA,NA,4,NA,NA,NA,7,NA,NA,NA,1,NA,NA,NA,0,NA,NA,NA,5,NA,NA,NA,0,NA,NA,NA,0,NA,NA,NA,No,NA,NA,NA,Yes,NA,NA,NA,Yes,NA,NA,NA,Very True,NA,NA,NA,Not at all True,NA,NA,NA,Yes,NA,NA,NA,7,NA,NA,NA
A3432,63,9/10/2019 11:52,9/10/2019 12:15,Complete,Austin,NA,Group 2,Parent-Child Education Program,NA,0,1,0,1,1,1,0,0,1,1,1,0,1,1,1,1,1,0,0,1,0,1,1,0,0,1,0,1,1,1,1,0,1,1,0,1,1,1,1,0,1,1,0,0,1,29,NA,2,NA,NA,NA,NA,NA,NA,NA,NA,18,28,NA,NA,NA,NA,NA,NA,Yes,No,NA,NA,Yes,No,NA,NA,7,7,NA,NA,7,7,NA,NA,7,7,NA,NA,7,7,NA,NA,2,2,NA,NA,7,7,NA,NA,1,1,NA,NA,7,7,NA,NA,7,7,NA,NA,0,0,NA,NA,4,3,NA,NA,0,0,NA,NA,0,0,NA,NA,No,No,NA,NA,Yes,Yes,NA,NA,No,No,NA,NA,Mostly True,Very True,NA,NA,Very True,Very True,NA,NA,Yes,Yes,NA,NA,8,7,NA,NA
A6344,219,9/20/2019 10:30,9/20/2019 11:00,Complete,Austin,NA,Group 5,Parent-Child Education Program,NA,0,0,1,1,1,0,0,1,0,1,1,0,0,0,1,0,0,0,0,0,0,0,1,0,1,1,0,0,0,1,0,0,1,1,0,1,1,1,1,0,0,0,0,1,1,19,NA,1,NA,NA,NA,NA,NA,NA,NA,NA,31,NA,NA,NA,NA,NA,NA,NA,No,NA,NA,NA,No,NA,NA,NA,6,NA,NA,NA,4,NA,NA,NA,7,NA,NA,NA,7,NA,NA,NA,1,NA,NA,NA,5,NA,NA,NA,1,NA,NA,NA,7,NA,NA,NA,1,NA,NA,NA,3,NA,NA,NA,5,NA,NA,NA,0,NA,NA,NA,1,NA,NA,NA,No,NA,NA,NA,Yes,NA,NA,NA,Yes,NA,NA,NA,Somewhat True,NA,NA,NA,Somewhat True,NA,NA,NA,Yes,NA,NA,NA,4,NA,NA,NA
A8537,162,9/16/2019 10:53,9/16/2019 11:11,Complete,Austin,NA,Group 1,Parent-Child Education Program,NA,0,1,1,0,1,0,1,1,1,1,1,1,1,1,1,1,0,0,1,1,0,1,1,1,1,1,0,1,1,0,1,0,1,1,1,0,1,0,0,1,0,0,1,1,1,31,NA,1,NA,NA,NA,NA,NA,NA,NA,NA,20 meses,NA,NA,NA,NA,NA,NA,NA,No,NA,NA,NA,Yes,NA,NA,NA,1,NA,NA,NA,1,NA,NA,NA,2,NA,NA,NA,2,NA,NA,NA,1,NA,NA,NA,3,NA,NA,NA,1,NA,NA,NA,7,NA,NA,NA,1,NA,NA,NA,0,NA,NA,NA,3,NA,NA,NA,1,NA,NA,NA,0,NA,NA,NA,No,NA,NA,NA,Yes,NA,NA,NA,Yes,NA,NA,NA,Somewhat True,NA,NA,NA,Mostly True,NA,NA,NA,Yes,NA,NA,NA,10,NA,NA,NA
A4515,189,9/17/2019 11:31,9/17/2019 12:19,Complete,Austin,NA,Group 2,Parent-Child Education Program,NA,0,0,1,1,1,0,0,0,0,1,1,0,1,1,1,0,1,1,1,1,0,0,1,1,0,1,1,0,1,1,0,1,0,0,1,0,0,1,0,1,0,0,0,1,1,24,NA,1,NA,NA,NA,NA,NA,NA,NA,NA,11,NA,NA,NA,NA,NA,NA,NA,Yes,NA,NA,NA,Yes,NA,NA,NA,7,NA,NA,NA,3,NA,NA,NA,7,NA,NA,NA,1,NA,NA,NA,1,NA,NA,NA,7,NA,NA,NA,1,NA,NA,NA,7,NA,NA,NA,1,NA,NA,NA,0,NA,NA,NA,3,NA,NA,NA,1,NA,NA,NA,0,NA,NA,NA,No,NA,NA,NA,Yes,NA,NA,NA,Yes,NA,NA,NA,Somewhat True,NA,NA,NA,Mostly Not True,NA,NA,NA,Yes,NA,NA,NA,25+,NA,NA,NA
A6594,145,9/13/2019 11:56,9/13/2019 12:31,Complete,Austin,NA,Group 5,Parent-Child Education Program,NA,1,0,1,1,1,1,0,0,1,1,1,1,0,1,1,1,0,0,1,1,1,1,1,1,1,1,1,1,1,0,1,0,0,0,0,0,1,1,1,0,1,0,1,0,0,29,NA,2,NA,NA,NA,NA,NA,NA,NA,NA,29,3,NA,NA,NA,NA,NA,NA,Yes,Yes,NA,NA,Yes,Yes,NA,NA,3,2,NA,NA,5,1,NA,NA,5,5,NA,NA,5,5,NA,NA,1,1,NA,NA,3,1,NA,NA,3,1,NA,NA,5,1,NA,NA,1,1,NA,NA,0,0,NA,NA,5,5,NA,NA,0,0,NA,NA,0,0,NA,NA,Yes,No,NA,NA,Yes,No,NA,NA,Yes,No,NA,NA,Mostly True,Mostly True,NA,NA,Mostly True,Very True,NA,NA,Yes,No,NA,NA,20,25+,NA,NA
A6496,217,9/20/2019 10:29,9/20/2019 11:18,Complete,Austin,NA,Group 5,Parent-Child Education Program,NA,0,0,1,1,1,0,0,0,1,0,0,1,1,1,0,1,1,1,0,0,0,0,0,0,1,0,0,0,1,1,0,0,0,1,0,1,1,0,1,0,0,0,0,0,0,17,NA,1,NA,NA,NA,NA,NA,NA,NA,NA,6022019,NA,NA,NA,NA,NA,NA,NA,Yes,NA,NA,NA,Yes,NA,NA,NA,3,NA,NA,NA,1,NA,NA,NA,5,NA,NA,NA,1,NA,NA,NA,1,NA,NA,NA,1,NA,NA,NA,1,NA,NA,NA,1,NA,NA,NA,1,NA,NA,NA,0,NA,NA,NA,1,NA,NA,NA,0,NA,NA,NA,0,NA,NA,NA,No,NA,NA,NA,Yes,NA,NA,NA,Yes,NA,NA,NA,Very True,NA,NA,NA,Very True,NA,NA,NA,No,NA,NA,NA,4,NA,NA,NA
A4861,154,9/13/2019 11:58,9/13/2019 12:43,Complete,Austin,NA,Group 5,Parent-Child Education Program,NA,1,1,1,0,1,0,0,0,0,1,0,0,1,1,1,0,0,0,1,1,0,1,0,0,1,0,0,0,1,0,0,1,0,0,0,1,0,0,0,0,0,0,0,1,1,17,NA,1,NA,NA,NA,NA,NA,NA,NA,NA,11,NA,NA,NA,NA,NA,NA,NA,Yes,NA,NA,NA,Yes,NA,NA,NA,1,NA,NA,NA,7,NA,NA,NA,7,NA,NA,NA,1,NA,NA,NA,1,NA,NA,NA,7,NA,NA,NA,1,NA,NA,NA,7,NA,NA,NA,1,NA,NA,NA,0,NA,NA,NA,0,NA,NA,NA,1,NA,NA,NA,2,NA,NA,NA,No,NA,NA,NA,Yes,NA,NA,NA,No,NA,NA,NA,Somewhat True,NA,NA,NA,Somewhat True,NA,NA,NA,No,NA,NA,NA,2,NA,NA,NA
A8655,477,1/8/2020 11:15,1/8/2020 12:12,Complete,Austin,NA,Group 3,Parent-Child Education Program,NA,0,0,1,1,1,0,1,0,1,0,0,0,1,0,0,0,0,1,0,0,0,0,1,0,0,1,0,0,1,0,0,0,0,1,0,0,0,1,1,0,0,0,0,0,0,13,"[Invalid question ID: ""2"". Check your merge code.]",1,NA,NA,NA,NA,NA,NA,NA,NA,3,NA,NA,NA,NA,NA,NA,NA,Yes,NA,NA,NA,Yes,NA,NA,NA,7,NA,NA,NA,2,NA,NA,NA,7,NA,NA,NA,1,NA,NA,NA,1,NA,NA,NA,1,NA,NA,NA,1,NA,NA,NA,2,NA,NA,NA,1,NA,NA,NA,0,NA,NA,NA,2,NA,NA,NA,0,NA,NA,NA,0,NA,NA,NA,No,NA,NA,NA,Yes,NA,NA,NA,No,NA,NA,NA,Mostly True,NA,NA,NA,Mostly True,NA,NA,NA,No,NA,NA,NA,2,NA,NA,NA
A1962,72,9/10/2019 11:50,9/10/2019 12:27,Complete,Austin,NA,Group 2,Parent-Child Education Program,NA,1,1,1,0,1,0,0,0,0,1,1,0,1,0,0,0,1,1,1,1,0,1,1,0,0,1,0,0,0,0,0,0,0,1,0,0,1,0,1,1,0,1,1,0,1,21,NA,1,NA,NA,NA,NA,NA,NA,NA,NA,11,NA,NA,NA,NA,NA,NA,NA,Yes,NA,NA,NA,No,NA,NA,NA,2,NA,NA,NA,1,NA,NA,NA,7,NA,NA,NA,5,NA,NA,NA,1,NA,NA,NA,7,NA,NA,NA,1,NA,NA,NA,7,NA,NA,NA,1,NA,NA,NA,0,NA,NA,NA,4,NA,NA,NA,0,NA,NA,NA,0,NA,NA,NA,No,NA,NA,NA,Yes,NA,NA,NA,No,NA,NA,NA,Mostly True,NA,NA,NA,Mostly True,NA,NA,NA,Yes,NA,NA,NA,25+,NA,NA,NA
A3876,153,9/13/2019 11:56,9/13/2019 12:29,Complete,Austin,NA,Group 5,Parent-Child Education Program,NA,1,0,1,1,1,1,0,0,0,0,0,0,0,0,1,1,1,1,0,1,1,0,0,1,1,1,0,1,1,0,0,0,0,1,0,0,0,1,0,1,0,0,1,1,1,22,NA,1,NA,NA,NA,NA,NA,NA,NA,NA,15,NA,NA,NA,NA,NA,NA,NA,Yes,NA,NA,NA,Yes,NA,NA,NA,1,NA,NA,NA,1,NA,NA,NA,7,NA,NA,NA,4,NA,NA,NA,2,NA,NA,NA,5,NA,NA,NA,2,NA,NA,NA,4,NA,NA,NA,1,NA,NA,NA,0,NA,NA,NA,0,NA,NA,NA,0,NA,NA,NA,0,NA,NA,NA,Yes,NA,NA,NA,Yes,NA,NA,NA,Yes,NA,NA,NA,Mostly True,NA,NA,NA,Mostly True,NA,NA,NA,Yes,NA,NA,NA,3,NA,NA,NA
A9359,669,1/28/2020 9:47,1/28/2020 10:14,Complete,Austin,NA,Group 2,Parent-Child Education Program,NA,1,0,1,1,1,0,0,0,1,1,1,0,0,0,1,1,0,0,0,0,1,0,0,0,1,0,1,0,1,0,1,0,0,1,0,0,0,0,0,1,0,1,0,1,1,19,"[Invalid question ID: ""2"". Check your merge code.]",1,NA,NA,NA,NA,NA,NA,NA,NA,15,NA,NA,NA,NA,NA,NA,NA,No,NA,NA,NA,No,NA,NA,NA,2,NA,NA,NA,2,NA,NA,NA,7,NA,NA,NA,6,NA,NA,NA,3,NA,NA,NA,7,NA,NA,NA,5,NA,NA,NA,7,NA,NA,NA,1,NA,NA,NA,0,NA,NA,NA,6,NA,NA,NA,2,NA,NA,NA,5,NA,NA,NA,No,NA,NA,NA,Yes,NA,NA,NA,Yes,NA,NA,NA,Mostly Not True,NA,NA,NA,Somewhat True,NA,NA,NA,Yes,NA,NA,NA,10,NA,NA,NA
A2786,66,9/10/2019 11:50,9/10/2019 12:28,Complete,Austin,NA,Group 2,Parent-Child Education Program,NA,1,1,1,0,1,1,0,0,1,1,1,0,1,0,0,1,1,1,0,0,1,0,0,0,1,1,0,0,0,1,0,0,0,1,0,0,1,0,1,0,0,0,0,1,1,21,NA,1,NA,NA,NA,NA,NA,NA,NA,NA,7,NA,NA,NA,NA,NA,NA,NA,Yes,NA,NA,NA,Yes,NA,NA,NA,1,NA,NA,NA,1,NA,NA,NA,1,NA,NA,NA,1,NA,NA,NA,4,NA,NA,NA,7,NA,NA,NA,4,NA,NA,NA,7,NA,NA,NA,5,NA,NA,NA,0,NA,NA,NA,3,NA,NA,NA,3,NA,NA,NA,0,NA,NA,NA,Yes,NA,NA,NA,Yes,NA,NA,NA,Yes,NA,NA,NA,Somewhat True,NA,NA,NA,Not at all True,NA,NA,NA,No,NA,NA,NA,10,NA,NA,NA
A3328,198,9/18/2019 11:25,9/18/2019 11:52,Complete,Austin,NA,Group 3,Parent-Child Education Program,NA,1,0,1,1,1,0,0,0,1,1,1,0,1,1,1,1,0,1,1,1,1,1,0,1,1,1,0,1,0,1,0,0,0,0,0,0,0,1,1,0,0,0,0,0,1,24,NA,1,NA,NA,NA,NA,NA,NA,NA,NA,35,NA,NA,NA,NA,NA,NA,NA,Yes,NA,NA,NA,Yes,NA,NA,NA,3,NA,NA,NA,2,NA,NA,NA,5,NA,NA,NA,5,NA,NA,NA,2,NA,NA,NA,3,NA,NA,NA,2,NA,NA,NA,7,NA,NA,NA,1,NA,NA,NA,0,NA,NA,NA,3,NA,NA,NA,0,NA,NA,NA,0,NA,NA,NA,Yes,NA,NA,NA,Yes,NA,NA,NA,Yes,NA,NA,NA,Very True,NA,NA,NA,Not at all True,NA,NA,NA,Yes,NA,NA,NA,3,NA,NA,NA
A1291,90,9/11/2019 11:41,9/11/2019 12:22,Complete,Austin,NA,Group 3,Parent-Child Education Program,NA,1,1,1,0,1,1,0,0,1,0,0,0,1,0,1,0,1,0,0,1,0,0,0,0,0,1,1,1,1,0,1,1,1,0,0,1,1,0,0,0,0,0,0,1,1,21,NA,1,NA,NA,NA,NA,NA,NA,NA,NA,33,NA,NA,NA,NA,NA,NA,NA,No,NA,NA,NA,No,NA,NA,NA,7,NA,NA,NA,7,NA,NA,NA,7,NA,NA,NA,7,NA,NA,NA,1,NA,NA,NA,5,NA,NA,NA,4,NA,NA,NA,7,NA,NA,NA,1,NA,NA,NA,6,NA,NA,NA,15,NA,NA,NA,0,NA,NA,NA,0,NA,NA,NA,No,NA,NA,NA,No,NA,NA,NA,Yes,NA,NA,NA,Mostly True,NA,NA,NA,Very True,NA,NA,NA,Yes,NA,NA,NA,25+,NA,NA,NA
A5255,255,9/26/2019 11:08,9/26/2019 11:28,Complete,Austin,NA,Group 4,Parent-Child Education Program,NA,1,1,1,0,1,0,0,0,1,1,0,0,1,0,1,1,1,1,1,1,0,0,0,0,1,1,0,0,1,0,0,0,0,0,0,1,1,0,1,0,0,0,0,1,1,21,NA,1,NA,NA,NA,NA,NA,NA,NA,NA,25,NA,NA,NA,NA,NA,NA,NA,No,NA,NA,NA,No,NA,NA,NA,3,NA,NA,NA,4,NA,NA,NA,7,NA,NA,NA,7,NA,NA,NA,1,NA,NA,NA,7,NA,NA,NA,2,NA,NA,NA,7,NA,NA,NA,1,NA,NA,NA,1,NA,NA,NA,3,NA,NA,NA,0,NA,NA,NA,0,NA,NA,NA,No,NA,NA,NA,Yes,NA,NA,NA,Yes,NA,NA,NA,Somewhat True,NA,NA,NA,Mostly True,NA,NA,NA,Yes,NA,NA,NA,3,NA,NA,NA
A5591,57,9/10/2019 11:50,9/10/2019 12:11,Complete,Austin,NA,Group 2,Parent-Child Education Program,NA,1,0,1,1,1,1,0,0,1,1,1,0,1,0,1,1,0,0,1,1,1,1,0,1,1,1,1,1,1,1,1,0,0,1,0,1,1,1,1,0,1,1,0,1,1,32,NA,1,NA,NA,NA,NA,NA,NA,NA,NA,3,NA,NA,NA,NA,NA,NA,NA,Yes,NA,NA,NA,Yes,NA,NA,NA,1,NA,NA,NA,4,NA,NA,NA,7,NA,NA,NA,1,NA,NA,NA,1,NA,NA,NA,1,NA,NA,NA,1,NA,NA,NA,1,NA,NA,NA,1,NA,NA,NA,0,NA,NA,NA,2,NA,NA,NA,0,NA,NA,NA,0,NA,NA,NA,No,NA,NA,NA,Yes,NA,NA,NA,No,NA,NA,NA,Somewhat True,NA,NA,NA,Very True,NA,NA,NA,No,NA,NA,NA,1,NA,NA,NA
A1831,233,9/23/2019 11:02,9/23/2019 11:27,Complete,Austin,NA,Group 1,Parent-Child Education Program,NA,1,1,1,1,1,0,1,0,1,1,1,1,0,1,1,1,0,0,1,1,1,1,1,1,1,1,0,1,1,0,1,0,1,1,0,0,1,1,0,0,0,1,1,1,1,32,NA,1,NA,NA,NA,NA,NA,NA,NA,NA,Jaramillo,NA,NA,NA,NA,NA,NA,NA,No,NA,NA,NA,Yes,NA,NA,NA,4,NA,NA,NA,3,NA,NA,NA,4,NA,NA,NA,3,NA,NA,NA,2,NA,NA,NA,5,NA,NA,NA,3,NA,NA,NA,5,NA,NA,NA,7,NA,NA,NA,0,NA,NA,NA,5,NA,NA,NA,1,NA,NA,NA,0,NA,NA,NA,No,NA,NA,NA,Yes,NA,NA,NA,Yes,NA,NA,NA,Not at all True,NA,NA,NA,Mostly True,NA,NA,NA,Yes,NA,NA,NA,25+,NA,NA,NA
A4574,47,9/9/2019 12:07,9/9/2019 12:46,Complete,Austin,NA,Group 1,Parent-Child Education Program,NA,1,1,1,0,1,1,0,0,1,1,1,0,1,0,1,1,1,1,1,0,1,1,0,0,1,0,0,0,1,1,1,1,0,1,0,1,1,1,1,0,0,0,0,1,1,28,NA,1,NA,NA,NA,NA,NA,NA,NA,NA,27,NA,NA,NA,NA,NA,NA,NA,No,NA,NA,NA,No,NA,NA,NA,5,NA,NA,NA,3,NA,NA,NA,7,NA,NA,NA,7,NA,NA,NA,1,NA,NA,NA,7,NA,NA,NA,2,NA,NA,NA,7,NA,NA,NA,1,NA,NA,NA,1,NA,NA,NA,2,NA,NA,NA,1,NA,NA,NA,0,NA,NA,NA,No,NA,NA,NA,Yes,NA,NA,NA,No,NA,NA,NA,Very True,NA,NA,NA,Very True,NA,NA,NA,Yes,NA,NA,NA,2,NA,NA,NA
A1511,75,9/10/2019 11:54,9/10/2019 12:37,Complete,Austin,NA,Group 2,Parent-Child Education Program,NA,0,0,1,0,0,0,0,0,0,1,0,0,1,0,0,0,0,0,0,0,1,0,0,0,0,0,0,0,0,0,1,0,0,1,0,0,1,0,1,1,0,0,0,0,1,10,NA,1,NA,NA,NA,NA,NA,NA,NA,NA,22,NA,NA,NA,NA,NA,NA,NA,No,NA,NA,NA,No,NA,NA,NA,7,NA,NA,NA,3,NA,NA,NA,1,NA,NA,NA,1,NA,NA,NA,1,NA,NA,NA,7,NA,NA,NA,2,NA,NA,NA,7,NA,NA,NA,1,NA,NA,NA,0,NA,NA,NA,4,NA,NA,NA,0,NA,NA,NA,0,NA,NA,NA,No,NA,NA,NA,Yes,NA,NA,NA,No,NA,NA,NA,Mostly True,NA,NA,NA,Mostly True,NA,NA,NA,Yes,NA,NA,NA,5,NA,NA,NA
A2844,91,9/11/2019 11:41,9/11/2019 12:22,Complete,Austin,NA,Group 3,Parent-Child Education Program,NA,1,1,0,1,1,0,1,0,1,0,0,0,1,0,1,0,1,0,0,1,1,1,0,0,1,1,1,0,0,1,0,0,1,1,0,1,1,0,1,0,1,0,0,0,1,23,NA,1,NA,NA,NA,NA,NA,NA,NA,NA,29,NA,NA,NA,NA,NA,NA,NA,Yes,NA,NA,NA,No,NA,NA,NA,2,NA,NA,NA,5,NA,NA,NA,7,NA,NA,NA,4,NA,NA,NA,2,NA,NA,NA,5,NA,NA,NA,3,NA,NA,NA,7,NA,NA,NA,1,NA,NA,NA,0,NA,NA,NA,4,NA,NA,NA,0,NA,NA,NA,0,NA,NA,NA,No,NA,NA,NA,Yes,NA,NA,NA,No,NA,NA,NA,Somewhat True,NA,NA,NA,Mostly True,NA,NA,NA,Yes,NA,NA,NA,25+,NA,NA,NA
A2423,209,9/19/2019 11:26,9/19/2019 11:51,Complete,Austin,NA,Group 4,Parent-Child Education Program,NA,1,1,1,1,1,1,1,0,1,1,1,0,1,1,1,1,0,1,1,1,1,1,1,1,1,1,1,1,1,0,1,1,0,0,0,0,1,1,1,0,1,1,1,0,1,35,NA,1,NA,NA,NA,NA,NA,NA,NA,NA,29,NA,NA,NA,NA,NA,NA,NA,Yes,NA,NA,NA,Yes,NA,NA,NA,2,NA,NA,NA,7,NA,NA,NA,7,NA,NA,NA,4,NA,NA,NA,1,NA,NA,NA,7,NA,NA,NA,1,NA,NA,NA,7,NA,NA,NA,1,NA,NA,NA,0,NA,NA,NA,4,NA,NA,NA,2,NA,NA,NA,0,NA,NA,NA,No,NA,NA,NA,Yes,NA,NA,NA,No,NA,NA,NA,Mostly True,NA,NA,NA,Very True,NA,NA,NA,Yes,NA,NA,NA,15,NA,NA,NA
A4243,208,9/19/2019 11:25,9/19/2019 11:49,Complete,Austin,NA,Group 4,Parent-Child Education Program,NA,1,1,1,0,1,0,0,1,0,1,1,0,1,1,1,1,0,1,1,1,1,1,1,0,0,0,0,1,1,1,0,0,0,1,0,0,1,1,1,1,1,0,0,0,1,27,NA,1,NA,NA,NA,NA,NA,NA,NA,NA,8,NA,NA,NA,NA,NA,NA,NA,No,NA,NA,NA,Yes,NA,NA,NA,5,NA,NA,NA,7,NA,NA,NA,7,NA,NA,NA,3,NA,NA,NA,1,NA,NA,NA,6,NA,NA,NA,1,NA,NA,NA,7,NA,NA,NA,6,NA,NA,NA,0,NA,NA,NA,4,NA,NA,NA,4,NA,NA,NA,0,NA,NA,NA,No,NA,NA,NA,Yes,NA,NA,NA,Yes,NA,NA,NA,Very True,NA,NA,NA,Very True,NA,NA,NA,Yes,NA,NA,NA,2,NA,NA,NA
A7214,42,9/9/2019 12:06,9/9/2019 12:34,Complete,Austin,NA,Group 1,Parent-Child Education Program,NA,1,1,1,0,0,1,0,0,1,1,0,1,1,0,1,0,0,0,0,1,1,0,0,0,0,0,1,0,1,0,1,0,0,1,0,0,1,1,0,1,0,1,1,1,1,22,NA,1,NA,NA,NA,NA,NA,NA,NA,NA,35,NA,NA,NA,NA,NA,NA,NA,No,NA,NA,NA,No,NA,NA,NA,2,NA,NA,NA,3,NA,NA,NA,4,NA,NA,NA,1,NA,NA,NA,1,NA,NA,NA,4,NA,NA,NA,2,NA,NA,NA,7,NA,NA,NA,1,NA,NA,NA,0,NA,NA,NA,1,NA,NA,NA,1,NA,NA,NA,0,NA,NA,NA,No,NA,NA,NA,Yes,NA,NA,NA,No,NA,NA,NA,Somewhat True,NA,NA,NA,Mostly Not True,NA,NA,NA,Yes,NA,NA,NA,3,NA,NA,NA
A5642,167,9/16/2019 11:03,9/16/2019 11:26,Complete,Austin,NA,Group 1,Parent-Child Education Program,NA,1,0,1,1,1,1,1,0,1,1,1,0,0,0,1,0,0,1,1,0,0,0,0,0,0,0,0,1,1,1,1,0,1,1,0,1,1,1,1,0,0,0,1,0,1,24,NA,1,NA,NA,NA,NA,NA,NA,NA,NA,20,NA,NA,NA,NA,NA,NA,NA,Yes,NA,NA,NA,Yes,NA,NA,NA,7,NA,NA,NA,7,NA,NA,NA,7,NA,NA,NA,7,NA,NA,NA,1,NA,NA,NA,7,NA,NA,NA,2,NA,NA,NA,7,NA,NA,NA,1,NA,NA,NA,0,NA,NA,NA,9,NA,NA,NA,0,NA,NA,NA,0,NA,NA,NA,No,NA,NA,NA,Yes,NA,NA,NA,No,NA,NA,NA,Not at all True,NA,NA,NA,Not at all True,NA,NA,NA,Yes,NA,NA,NA,8,NA,NA,NA
A6984,124,9/12/2019 11:56,9/12/2019 12:34,Complete,Austin,NA,Group 4,Parent-Child Education Program,NA,1,1,0,1,1,0,0,0,1,0,1,1,1,0,0,0,1,1,0,0,0,0,0,0,1,1,0,1,1,0,1,0,0,0,0,0,1,1,1,0,0,0,0,1,1,20,NA,1,NA,NA,NA,NA,NA,NA,NA,NA,23,NA,NA,NA,NA,NA,NA,NA,Yes,NA,NA,NA,No,NA,NA,NA,7,NA,NA,NA,5,NA,NA,NA,7,NA,NA,NA,7,NA,NA,NA,1,NA,NA,NA,7,NA,NA,NA,3,NA,NA,NA,7,NA,NA,NA,1,NA,NA,NA,0,NA,NA,NA,3,NA,NA,NA,0,NA,NA,NA,0,NA,NA,NA,No,NA,NA,NA,Yes,NA,NA,NA,Yes,NA,NA,NA,Somewhat True,NA,NA,NA,Somewhat True,NA,NA,NA,Yes,NA,NA,NA,25+,NA,NA,NA
A1183,38,9/9/2019 12:06,9/9/2019 12:46,Complete,Austin,NA,Group 1,Parent-Child Education Program,NA,1,1,1,1,1,0,1,0,1,1,1,1,1,0,1,1,0,1,1,1,1,1,0,1,0,0,0,0,0,1,0,0,0,0,0,0,1,1,1,1,1,1,0,0,0,26,NA,2,NA,NA,NA,NA,NA,NA,NA,NA,15,3,NA,NA,NA,NA,NA,NA,Yes,Yes,NA,NA,Yes,Yes,NA,NA,5,4,NA,NA,3,2,NA,NA,7,7,NA,NA,7,7,NA,NA,1,1,NA,NA,7,1,NA,NA,2,1,NA,NA,7,1,NA,NA,1,1,NA,NA,0,0,NA,NA,25+,15,NA,NA,1,0,NA,NA,0,0,NA,NA,No,No,NA,NA,Yes,Yes,NA,NA,No,No,NA,NA,Mostly True,Mostly True,NA,NA,Not at all True,Somewhat True,NA,NA,Yes,No,NA,NA,15,15,NA,NA
A2377,202,9/18/2019 11:25,9/18/2019 11:50,Complete,Austin,NA,Group 3,Parent-Child Education Program,NA,1,1,1,1,1,1,0,0,1,1,1,0,1,0,1,1,1,0,0,0,1,1,0,1,1,0,0,1,1,1,1,0,1,1,0,0,1,1,1,0,0,1,0,1,1,29,NA,1,NA,NA,NA,NA,NA,NA,NA,NA,25,NA,NA,NA,NA,NA,NA,NA,No,NA,NA,NA,No,NA,NA,NA,7,NA,NA,NA,5,NA,NA,NA,7,NA,NA,NA,6,NA,NA,NA,1,NA,NA,NA,7,NA,NA,NA,1,NA,NA,NA,7,NA,NA,NA,1,NA,NA,NA,1,NA,NA,NA,5,NA,NA,NA,1,NA,NA,NA,4,NA,NA,NA,No,NA,NA,NA,No,NA,NA,NA,Yes,NA,NA,NA,Very True,NA,NA,NA,Not at all True,NA,NA,NA,Yes,NA,NA,NA,25+,NA,NA,NA
A9149,163,9/16/2019 10:59,9/16/2019 11:31,Complete,Austin,NA,Group 1,Parent-Child Education Program,NA,1,1,1,1,1,1,0,1,1,1,1,0,1,1,1,1,1,0,1,1,1,1,0,1,1,1,0,1,1,0,1,1,1,1,0,1,1,1,1,1,1,0,1,1,1,37,NA,1,NA,NA,NA,NA,NA,NA,NA,NA,10,NA,NA,NA,NA,NA,NA,NA,Yes,NA,NA,NA,Yes,NA,NA,NA,2,NA,NA,NA,5,NA,NA,NA,7,NA,NA,NA,3,NA,NA,NA,1,NA,NA,NA,5,NA,NA,NA,1,NA,NA,NA,7,NA,NA,NA,1,NA,NA,NA,0,NA,NA,NA,15,NA,NA,NA,3,NA,NA,NA,0,NA,NA,NA,No,NA,NA,NA,Yes,NA,NA,NA,No,NA,NA,NA,Very True,NA,NA,NA,Not at all True,NA,NA,NA,Yes,NA,NA,NA,5,NA,NA,NA
A9299,61,9/10/2019 11:50,9/10/2019 12:14,Complete,Austin,NA,Group 2,Parent-Child Education Program,NA,1,1,1,1,1,0,1,0,1,1,1,0,1,0,1,1,1,0,0,1,1,1,1,1,0,0,0,1,1,1,1,1,0,0,0,0,0,0,1,0,1,0,1,0,1,27,NA,1,NA,NA,NA,NA,NA,NA,NA,NA,32,NA,NA,NA,NA,NA,NA,NA,No,NA,NA,NA,No,NA,NA,NA,3,NA,NA,NA,7,NA,NA,NA,7,NA,NA,NA,7,NA,NA,NA,3,NA,NA,NA,7,NA,NA,NA,3,NA,NA,NA,7,NA,NA,NA,1,NA,NA,NA,3,NA,NA,NA,25+,NA,NA,NA,4,NA,NA,NA,0,NA,NA,NA,No,NA,NA,NA,Yes,NA,NA,NA,No,NA,NA,NA,Very True,NA,NA,NA,Somewhat True,NA,NA,NA,Yes,NA,NA,NA,25+,NA,NA,NA
A7969,104,9/11/2019 11:44,9/11/2019 12:23,Complete,Austin,NA,Group 3,Parent-Child Education Program,NA,1,1,1,1,1,1,0,0,1,0,1,1,1,1,1,1,0,0,1,1,1,0,0,0,0,1,0,0,1,0,1,1,0,1,0,0,0,1,0,1,1,1,0,1,0,26,NA,1,NA,NA,NA,NA,NA,NA,NA,NA,23,NA,NA,NA,NA,NA,NA,NA,Yes,NA,NA,NA,No,NA,NA,NA,5,NA,NA,NA,3,NA,NA,NA,6,NA,NA,NA,5,NA,NA,NA,2,NA,NA,NA,5,NA,NA,NA,5,NA,NA,NA,7,NA,NA,NA,1,NA,NA,NA,0,NA,NA,NA,10,NA,NA,NA,0,NA,NA,NA,0,NA,NA,NA,No,NA,NA,NA,Yes,NA,NA,NA,Yes,NA,NA,NA,Somewhat True,NA,NA,NA,Somewhat True,NA,NA,NA,Yes,NA,NA,NA,15,NA,NA,NA
A6672,151,9/13/2019 11:56,9/13/2019 12:39,Complete,Austin,NA,Group 5,Parent-Child Education Program,NA,1,0,1,0,0,0,0,1,0,1,0,0,1,0,0,0,1,0,0,0,1,1,0,0,0,0,0,0,1,0,1,0,0,1,0,0,1,1,0,1,0,0,0,1,0,15,NA,1,NA,NA,NA,NA,NA,NA,NA,NA,30,NA,NA,NA,NA,NA,NA,NA,No,NA,NA,NA,Yes,NA,NA,NA,1,NA,NA,NA,1,NA,NA,NA,1,NA,NA,NA,1,NA,NA,NA,1,NA,NA,NA,4,NA,NA,NA,1,NA,NA,NA,4,NA,NA,NA,1,NA,NA,NA,0,NA,NA,NA,1,NA,NA,NA,0,NA,NA,NA,0,NA,NA,NA,No,NA,NA,NA,Yes,NA,NA,NA,No,NA,NA,NA,Very True,NA,NA,NA,Not at all True,NA,NA,NA,Yes,NA,NA,NA,2,NA,NA,NA
A6529,291,10/7/2019 10:11,10/7/2019 10:35,Complete,Austin,NA,Group 1,Parent-Child Education Program,NA,1,0,1,1,1,0,0,0,1,1,1,1,1,0,1,1,1,1,1,1,1,1,1,1,1,1,1,1,1,1,0,0,1,1,0,0,1,1,0,0,1,1,0,1,1,33,NA,1,NA,NA,NA,NA,NA,NA,NA,NA,17,NA,NA,NA,NA,NA,NA,NA,N/A,NA,NA,NA,Yes,NA,NA,NA,3,NA,NA,NA,4,NA,NA,NA,7,NA,NA,NA,7,NA,NA,NA,1,NA,NA,NA,3,NA,NA,NA,2,NA,NA,NA,7,NA,NA,NA,7,NA,NA,NA,3,NA,NA,NA,4,NA,NA,NA,1,NA,NA,NA,0,NA,NA,NA,No,NA,NA,NA,Yes,NA,NA,NA,No,NA,NA,NA,Somewhat True,NA,NA,NA,Very True,NA,NA,NA,Yes,NA,NA,NA,6,NA,NA,NA
A9227,45,9/9/2019 12:07,9/9/2019 12:38,Complete,Austin,NA,Group 1,Parent-Child Education Program,NA,1,0,1,1,1,0,1,0,1,0,1,0,0,1,1,1,0,0,0,1,1,1,1,1,1,0,0,1,0,0,1,0,1,1,0,1,0,1,1,0,1,1,1,0,1,27,NA,1,NA,NA,NA,NA,NA,NA,NA,NA,8,NA,NA,NA,NA,NA,NA,NA,Yes,NA,NA,NA,Yes,NA,NA,NA,7,NA,NA,NA,4,NA,NA,NA,3,NA,NA,NA,1,NA,NA,NA,1,NA,NA,NA,7,NA,NA,NA,1,NA,NA,NA,7,NA,NA,NA,5,NA,NA,NA,0,NA,NA,NA,10,NA,NA,NA,2,NA,NA,NA,0,NA,NA,NA,No,NA,NA,NA,Yes,NA,NA,NA,Yes,NA,NA,NA,Somewhat True,NA,NA,NA,Somewhat True,NA,NA,NA,Yes,NA,NA,NA,15,NA,NA,NA
A4627,249,9/25/2019 10:41,9/25/2019 10:58,Complete,Austin,NA,Group 3,Parent-Child Education Program,NA,1,1,1,0,1,0,1,0,1,1,1,1,1,1,1,1,1,0,1,1,1,0,0,1,0,0,0,0,1,0,0,0,0,0,1,1,1,0,0,1,0,1,0,0,0,24,NA,1,NA,NA,NA,NA,NA,NA,NA,NA,25,NA,NA,NA,NA,NA,NA,NA,Yes,NA,NA,NA,Yes,NA,NA,NA,7,NA,NA,NA,4,NA,NA,NA,7,NA,NA,NA,5,NA,NA,NA,1,NA,NA,NA,7,NA,NA,NA,2,NA,NA,NA,7,NA,NA,NA,5,NA,NA,NA,2,NA,NA,NA,3,NA,NA,NA,0,NA,NA,NA,0,NA,NA,NA,No,NA,NA,NA,Yes,NA,NA,NA,Yes,NA,NA,NA,Very True,NA,NA,NA,Very True,NA,NA,NA,Yes,NA,NA,NA,25+,NA,NA,NA
A9685,341,10/24/2019 10:25,10/24/2019 10:45,Complete,Austin,NA,Group 4,Parent-Child Education Program,NA,1,1,0,1,1,1,1,1,1,1,1,0,0,1,1,1,1,0,1,1,1,1,1,1,1,1,1,1,1,0,1,1,1,0,0,0,1,1,1,0,1,1,0,1,1,35,NA,1,NA,NA,NA,NA,NA,NA,NA,NA,3,NA,NA,NA,NA,NA,NA,NA,Yes,NA,NA,NA,Yes,NA,NA,NA,7,NA,NA,NA,7,NA,NA,NA,7,NA,NA,NA,5,NA,NA,NA,1,NA,NA,NA,7,NA,NA,NA,1,NA,NA,NA,7,NA,NA,NA,1,NA,NA,NA,0,NA,NA,NA,10,NA,NA,NA,3,NA,NA,NA,0,NA,NA,NA,No,NA,NA,NA,Yes,NA,NA,NA,No,NA,NA,NA,Very True,NA,NA,NA,Very True,NA,NA,NA,No,NA,NA,NA,25+,NA,NA,NA
A9668,157,9/13/2019 12:03,9/13/2019 12:31,Complete,Austin,NA,Group 5,Parent-Child Education Program,NA,1,1,1,0,1,1,1,0,1,1,1,0,1,0,1,1,1,0,1,0,1,1,1,1,1,0,1,0,1,0,1,0,0,0,0,0,1,0,1,1,1,1,0,0,1,28,NA,1,NA,NA,NA,NA,NA,NA,NA,NA,11 meses,NA,NA,NA,NA,NA,NA,NA,Yes,NA,NA,NA,Yes,NA,NA,NA,4,NA,NA,NA,7,NA,NA,NA,7,NA,NA,NA,7,NA,NA,NA,1,NA,NA,NA,7,NA,NA,NA,1,NA,NA,NA,7,NA,NA,NA,1,NA,NA,NA,0,NA,NA,NA,10,NA,NA,NA,3,NA,NA,NA,0,NA,NA,NA,Yes,NA,NA,NA,Yes,NA,NA,NA,Yes,NA,NA,NA,Very True,NA,NA,NA,Mostly True,NA,NA,NA,Yes,NA,NA,NA,7,NA,NA,NA
A5838,603,1/17/2020 10:06,1/17/2020 10:34,Complete,Austin,NA,Group 5,Parent-Child Education Program,NA,1,0,1,1,1,0,1,0,0,0,0,0,0,0,1,1,0,0,0,0,1,1,1,0,0,1,1,1,1,1,0,0,0,1,0,0,1,1,0,1,0,0,0,0,1,20,"[Invalid question ID: ""2"". Check your merge code.]",1,NA,NA,NA,NA,NA,NA,NA,NA,15,NA,NA,NA,NA,NA,NA,NA,N/A,NA,NA,NA,N/A,NA,NA,NA,NA,NA,NA,NA,NA,NA,NA,NA,7,NA,NA,NA,NA,NA,NA,NA,NA,NA,NA,NA,5,NA,NA,NA,2,NA,NA,NA,5,NA,NA,NA,NA,NA,NA,NA,0,NA,NA,NA,2,NA,NA,NA,0,NA,NA,NA,0,NA,NA,NA,Yes,NA,NA,NA,Yes,NA,NA,NA,Yes,NA,NA,NA,Mostly True,NA,NA,NA,Mostly True,NA,NA,NA,Yes,NA,NA,NA,9,NA,NA,NA
A5335,159,9/13/2019 12:29,9/13/2019 12:46,Complete,Austin,NA,Group 5,Parent-Child Education Program,NA,1,1,1,1,1,1,1,1,1,0,0,1,1,1,1,0,0,0,0,1,1,1,0,1,0,0,0,0,0,1,0,0,0,1,0,0,1,0,1,1,0,0,0,0,1,23,NA,1,NA,NA,NA,NA,NA,NA,NA,NA,112,NA,NA,NA,NA,NA,NA,NA,No,NA,NA,NA,No,NA,NA,NA,1,NA,NA,NA,1,NA,NA,NA,1,NA,NA,NA,2,NA,NA,NA,2,NA,NA,NA,5,NA,NA,NA,2,NA,NA,NA,6,NA,NA,NA,1,NA,NA,NA,0,NA,NA,NA,2,NA,NA,NA,0,NA,NA,NA,0,NA,NA,NA,No,NA,NA,NA,Yes,NA,NA,NA,Yes,NA,NA,NA,Mostly True,NA,NA,NA,Somewhat True,NA,NA,NA,Yes,NA,NA,NA,1,NA,NA,NA
A3974,93,9/11/2019 11:42,9/11/2019 12:10,Complete,Austin,NA,Group 3,Parent-Child Education Program,NA,1,1,1,1,1,0,0,0,0,1,0,0,1,1,1,1,0,1,1,1,1,1,1,1,1,0,1,1,1,0,1,0,1,0,1,0,0,0,0,0,1,1,1,1,0,28,NA,1,NA,NA,NA,NA,NA,NA,NA,NA,7,NA,NA,NA,NA,NA,NA,NA,Yes,NA,NA,NA,Yes,NA,NA,NA,6,NA,NA,NA,3,NA,NA,NA,7,NA,NA,NA,3,NA,NA,NA,1,NA,NA,NA,7,NA,NA,NA,1,NA,NA,NA,7,NA,NA,NA,1,NA,NA,NA,0,NA,NA,NA,9,NA,NA,NA,2,NA,NA,NA,0,NA,NA,NA,No,NA,NA,NA,Yes,NA,NA,NA,Yes,NA,NA,NA,Very True,NA,NA,NA,Not at all True,NA,NA,NA,No,NA,NA,NA,9,NA,NA,NA
A4388,599,1/16/2020 10:46,1/16/2020 11:14,Complete,Austin,NA,Group 4,Parent-Child Education Program,NA,1,1,0,1,1,0,0,0,0,1,1,0,0,0,1,1,0,0,1,1,1,0,0,1,0,1,0,0,1,0,1,1,0,1,0,0,1,1,1,1,0,1,1,1,1,25,"[Invalid question ID: ""2"". Check your merge code.]",1,NA,NA,NA,NA,NA,NA,NA,NA,3 años,NA,NA,NA,NA,NA,NA,NA,No,NA,NA,NA,No,NA,NA,NA,3,NA,NA,NA,3,NA,NA,NA,6,NA,NA,NA,2,NA,NA,NA,2,NA,NA,NA,6,NA,NA,NA,3,NA,NA,NA,7,NA,NA,NA,1,NA,NA,NA,1,NA,NA,NA,2,NA,NA,NA,0,NA,NA,NA,0,NA,NA,NA,Yes,NA,NA,NA,Yes,NA,NA,NA,Yes,NA,NA,NA,Very True,NA,NA,NA,Somewhat True,NA,NA,NA,Yes,NA,NA,NA,6,NA,NA,NA
A6723,95,9/11/2019 11:42,9/11/2019 12:08,Complete,Austin,NA,Group 3,Parent-Child Education Program,NA,1,1,1,1,1,1,0,0,0,1,1,1,1,1,1,1,0,1,1,1,1,1,1,1,1,0,1,1,1,0,1,0,1,1,0,1,0,0,1,0,0,1,0,1,0,31,NA,2,NA,NA,NA,NA,NA,NA,NA,NA,19,59,NA,NA,NA,NA,NA,NA,No,No,NA,NA,No,No,NA,NA,6,7,NA,NA,7,7,NA,NA,7,7,NA,NA,1,1,NA,NA,2,2,NA,NA,5,5,NA,NA,5,5,NA,NA,7,7,NA,NA,1,1,NA,NA,0,0,NA,NA,0,0,NA,NA,0,0,NA,NA,0,0,NA,NA,No,No,NA,NA,Yes,Yes,NA,NA,No,Yes,NA,NA,Very True,Very True,NA,NA,Not at all True,Not at all True,NA,NA,Yes,Yes,NA,NA,25+,25+,NA,NA
A8275,126,9/12/2019 11:56,9/12/2019 12:43,Complete,Austin,NA,Group 4,Parent-Child Education Program,NA,0,0,0,0,0,1,0,0,0,1,1,0,1,1,0,0,0,1,1,0,1,0,0,0,1,1,0,0,0,0,1,0,0,1,0,0,0,0,1,1,0,0,1,1,1,17,NA,1,NA,NA,NA,NA,NA,NA,NA,NA,7,NA,NA,NA,NA,NA,NA,NA,Yes,NA,NA,NA,Yes,NA,NA,NA,4,NA,NA,NA,4,NA,NA,NA,2,NA,NA,NA,1,NA,NA,NA,2,NA,NA,NA,2,NA,NA,NA,3,NA,NA,NA,3,NA,NA,NA,4,NA,NA,NA,0,NA,NA,NA,2,NA,NA,NA,1,NA,NA,NA,3,NA,NA,NA,No,NA,NA,NA,Yes,NA,NA,NA,Yes,NA,NA,NA,Mostly True,NA,NA,NA,Very True,NA,NA,NA,No,NA,NA,NA,3,NA,NA,NA
A7561,70,9/10/2019 11:54,9/10/2019 12:18,Complete,Austin,NA,Group 2,Parent-Child Education Program,NA,1,1,1,1,1,1,0,0,1,1,1,1,1,1,1,1,0,0,1,1,1,1,1,1,1,0,0,0,1,0,0,0,0,1,0,1,1,1,1,1,0,0,1,1,1,31,NA,1,NA,NA,NA,NA,NA,NA,NA,NA,39,NA,NA,NA,NA,NA,NA,NA,Yes,NA,NA,NA,Yes,NA,NA,NA,6,NA,NA,NA,5,NA,NA,NA,7,NA,NA,NA,7,NA,NA,NA,1,NA,NA,NA,2,NA,NA,NA,3,NA,NA,NA,7,NA,NA,NA,1,NA,NA,NA,0,NA,NA,NA,2,NA,NA,NA,1,NA,NA,NA,0,NA,NA,NA,No,NA,NA,NA,Yes,NA,NA,NA,Yes,NA,NA,NA,Very True,NA,NA,NA,Very True,NA,NA,NA,Yes,NA,NA,NA,7,NA,NA,NA
A1666,183,9/17/2019 11:24,9/17/2019 11:53,Complete,Austin,NA,Group 2,Parent-Child Education Program,NA,0,1,1,0,0,0,1,0,1,1,1,1,0,0,0,1,1,0,1,1,1,1,0,1,0,1,0,0,1,0,1,0,0,0,0,1,1,0,1,0,1,0,1,1,1,24,NA,1,NA,NA,NA,NA,NA,NA,NA,NA,28,NA,NA,NA,NA,NA,NA,NA,Yes,NA,NA,NA,Yes,NA,NA,NA,4,NA,NA,NA,6,NA,NA,NA,6,NA,NA,NA,4,NA,NA,NA,1,NA,NA,NA,6,NA,NA,NA,2,NA,NA,NA,7,NA,NA,NA,1,NA,NA,NA,1,NA,NA,NA,3,NA,NA,NA,2,NA,NA,NA,0,NA,NA,NA,No,NA,NA,NA,Yes,NA,NA,NA,Yes,NA,NA,NA,Somewhat True,NA,NA,NA,Mostly Not True,NA,NA,NA,Yes,NA,NA,NA,3,NA,NA,NA
A9186,166,9/16/2019 11:02,9/16/2019 11:17,Complete,Austin,NA,Group 1,Parent-Child Education Program,NA,1,0,1,1,1,1,1,1,0,1,0,1,1,1,1,1,1,0,1,1,1,1,1,1,1,1,0,1,1,0,0,0,0,1,0,1,1,1,1,0,1,0,1,1,0,32,NA,1,NA,NA,NA,NA,NA,NA,NA,NA,6,NA,NA,NA,NA,NA,NA,NA,No,NA,NA,NA,Yes,NA,NA,NA,3,NA,NA,NA,1,NA,NA,NA,7,NA,NA,NA,3,NA,NA,NA,1,NA,NA,NA,1,NA,NA,NA,1,NA,NA,NA,1,NA,NA,NA,1,NA,NA,NA,0,NA,NA,NA,2,NA,NA,NA,0,NA,NA,NA,0,NA,NA,NA,No,NA,NA,NA,Yes,NA,NA,NA,No,NA,NA,NA,Very True,NA,NA,NA,Very True,NA,NA,NA,No,NA,NA,NA,20,NA,NA,NA
A1385,43,9/9/2019 12:07,11/18/2019 11:13,Complete,Austin,NA,Group 1,Parent-Child Education Program,NA,0,1,1,1,1,0,0,0,0,1,0,1,1,0,0,0,0,0,0,1,1,1,0,0,0,1,0,0,1,0,1,0,0,1,0,0,0,0,0,1,0,0,1,0,1,17,NA,1,NA,NA,NA,NA,NA,NA,NA,NA,34,NA,NA,NA,NA,NA,NA,NA,Yes,NA,NA,NA,No,NA,NA,NA,1,NA,NA,NA,2,NA,NA,NA,2,NA,NA,NA,2,NA,NA,NA,1,NA,NA,NA,1,NA,NA,NA,3,NA,NA,NA,4,NA,NA,NA,1,NA,NA,NA,0,NA,NA,NA,0,NA,NA,NA,0,NA,NA,NA,0,NA,NA,NA,No,NA,NA,NA,Yes,NA,NA,NA,Yes,NA,NA,NA,Somewhat True,NA,NA,NA,Mostly True,NA,NA,NA,No,NA,NA,NA,3,NA,NA,NA
A7315,148,9/13/2019 11:56,9/13/2019 12:32,Complete,Austin,NA,Group 5,Parent-Child Education Program,NA,1,0,1,1,1,1,1,0,1,1,1,0,0,0,1,1,0,0,1,1,0,0,1,1,1,1,0,1,1,0,1,1,0,1,0,0,1,1,1,1,1,1,0,0,1,29,NA,1,NA,NA,NA,NA,NA,NA,NA,NA,27,NA,NA,NA,NA,NA,NA,NA,Yes,NA,NA,NA,Yes,NA,NA,NA,1,NA,NA,NA,3,NA,NA,NA,7,NA,NA,NA,3,NA,NA,NA,1,NA,NA,NA,7,NA,NA,NA,7,NA,NA,NA,7,NA,NA,NA,1,NA,NA,NA,0,NA,NA,NA,1,NA,NA,NA,0,NA,NA,NA,0,NA,NA,NA,Yes,NA,NA,NA,Yes,NA,NA,NA,No,NA,NA,NA,Very True,NA,NA,NA,Very True,NA,NA,NA,Yes,NA,NA,NA,4,NA,NA,NA
A5492,131,9/12/2019 12:10,9/12/2019 21:08,Complete,Austin,NA,Group 4,Parent-Child Education Program,NA,1,1,1,1,1,0,1,1,1,1,1,0,1,1,1,1,1,0,1,1,1,0,1,0,1,1,0,1,1,0,1,1,1,1,1,1,0,1,1,0,1,1,1,1,1,36,NA,1,NA,NA,NA,NA,NA,NA,NA,NA,16 meses,NA,NA,NA,NA,NA,NA,NA,Yes,NA,NA,NA,Yes,NA,NA,NA,3,NA,NA,NA,3,NA,NA,NA,3,NA,NA,NA,3,NA,NA,NA,1,NA,NA,NA,5,NA,NA,NA,2,NA,NA,NA,5,NA,NA,NA,5,NA,NA,NA,3,NA,NA,NA,3,NA,NA,NA,3,NA,NA,NA,2,NA,NA,NA,No,NA,NA,NA,Yes,NA,NA,NA,Yes,NA,NA,NA,Mostly True,NA,NA,NA,Mostly True,NA,NA,NA,Yes,NA,NA,NA,5,NA,NA,NA
A2269,476,1/8/2020 11:05,1/8/2020 12:04,Complete,Austin,NA,Group 3,Parent-Child Education Program,NA,0,0,1,1,1,1,0,1,1,0,1,0,1,1,1,1,0,1,0,1,0,0,0,1,0,0,0,0,1,0,0,1,1,1,0,0,1,0,1,1,1,1,0,0,0,23,"[Invalid question ID: ""2"". Check your merge code.]",1,NA,NA,NA,NA,NA,NA,NA,NA,9,NA,NA,NA,NA,NA,NA,NA,Yes,NA,NA,NA,Yes,NA,NA,NA,2,NA,NA,NA,2,NA,NA,NA,7,NA,NA,NA,1,NA,NA,NA,1,NA,NA,NA,5,NA,NA,NA,1,NA,NA,NA,7,NA,NA,NA,1,NA,NA,NA,1,NA,NA,NA,3,NA,NA,NA,0,NA,NA,NA,0,NA,NA,NA,No,NA,NA,NA,Yes,NA,NA,NA,No,NA,NA,NA,Mostly True,NA,NA,NA,Somewhat True,NA,NA,NA,Yes,NA,NA,NA,2,NA,NA,NA
A7351,199,9/18/2019 11:25,9/18/2019 11:44,Complete,Austin,NA,Group 3,Parent-Child Education Program,NA,1,1,1,1,1,1,0,1,1,1,0,0,0,1,1,1,0,0,1,1,1,1,0,1,0,0,0,0,0,0,0,0,0,0,0,0,0,0,0,1,0,0,0,0,1,19,NA,2,NA,NA,NA,NA,NA,NA,NA,NA,3,33,NA,NA,NA,NA,NA,NA,Yes,No,NA,NA,Yes,Yes,NA,NA,1,4,NA,NA,7,3,NA,NA,2,3,NA,NA,3,4,NA,NA,2,1,NA,NA,4,3,NA,NA,3,3,NA,NA,1,3,NA,NA,1,1,NA,NA,0,2,NA,NA,5,4,NA,NA,4,8,NA,NA,0,0,NA,NA,Yes,Yes,NA,NA,Yes,Yes,NA,NA,No,No,NA,NA,Very True,Very True,NA,NA,Mostly True,Somewhat True,NA,NA,Yes,Yes,NA,NA,20,15,NA,NA
A3827,77,9/10/2019 11:55,9/10/2019 12:18,Complete,Austin,NA,Group 2,Parent-Child Education Program,NA,1,0,0,1,1,0,0,0,1,1,1,0,0,0,1,1,0,1,1,0,0,1,1,1,0,1,0,1,0,0,0,1,1,0,1,0,0,0,1,0,0,1,1,1,1,23,NA,1,NA,NA,NA,NA,NA,NA,NA,NA,22,NA,NA,NA,NA,NA,NA,NA,Yes,NA,NA,NA,No,NA,NA,NA,5,NA,NA,NA,7,NA,NA,NA,7,NA,NA,NA,6,NA,NA,NA,2,NA,NA,NA,7,NA,NA,NA,1,NA,NA,NA,7,NA,NA,NA,7,NA,NA,NA,3,NA,NA,NA,3,NA,NA,NA,0,NA,NA,NA,0,NA,NA,NA,No,NA,NA,NA,Yes,NA,NA,NA,No,NA,NA,NA,Mostly Not True,NA,NA,NA,Somewhat True,NA,NA,NA,Yes,NA,NA,NA,25+,NA,NA,NA
A6975,188,9/17/2019 11:26,9/17/2019 11:58,Complete,Austin,NA,Group 2,Parent-Child Education Program,NA,1,0,1,1,1,0,0,0,1,0,0,1,1,0,0,0,0,0,0,1,0,0,0,0,0,0,0,1,1,1,0,0,0,1,0,0,1,1,0,1,0,0,0,0,0,15,NA,2,NA,NA,NA,NA,NA,NA,NA,NA,3 36 months,3months,NA,NA,NA,NA,NA,NA,No,Yes,NA,NA,No,Yes,NA,NA,4,2,NA,NA,4,4,NA,NA,7,2,NA,NA,2,1,NA,NA,2,1,NA,NA,4,1,NA,NA,1,1,NA,NA,7,7,NA,NA,1,7,NA,NA,1,1,NA,NA,3,0,NA,NA,2,0,NA,NA,0,0,NA,NA,No,No,NA,NA,Yes,Yes,NA,NA,Yes,No,NA,NA,Mostly True,Very True,NA,NA,Very True,Very True,NA,NA,Yes,No,NA,NA,6,4,NA,NA
A7772,89,9/11/2019 11:41,9/11/2019 12:06,Complete,Austin,NA,Group 3,Parent-Child Education Program,NA,1,0,1,1,1,1,0,1,0,1,1,0,0,0,1,1,0,1,1,0,1,1,1,1,1,1,1,1,1,1,1,0,1,1,0,0,1,1,0,1,1,1,1,0,0,31,NA,1,NA,NA,NA,NA,NA,NA,NA,NA,18,NA,NA,NA,NA,NA,NA,NA,No,NA,NA,NA,Yes,NA,NA,NA,3,NA,NA,NA,5,NA,NA,NA,4,NA,NA,NA,3,NA,NA,NA,1,NA,NA,NA,4,NA,NA,NA,2,NA,NA,NA,7,NA,NA,NA,4,NA,NA,NA,0,NA,NA,NA,2,NA,NA,NA,1,NA,NA,NA,0,NA,NA,NA,No,NA,NA,NA,Yes,NA,NA,NA,No,NA,NA,NA,Somewhat True,NA,NA,NA,Mostly True,NA,NA,NA,Yes,NA,NA,NA,20,NA,NA,NA
A4493,275,10/3/2019 11:11,10/3/2019 11:39,Complete,Austin,NA,Group 4,Parent-Child Education Program,NA,1,0,1,1,1,1,0,0,0,1,0,0,0,0,1,0,1,0,1,1,0,1,0,0,0,0,0,1,1,0,1,1,0,0,1,0,1,0,0,0,0,1,1,0,0,19,NA,1,NA,NA,NA,NA,NA,NA,NA,NA,17 meses,NA,NA,NA,NA,NA,NA,NA,Yes,NA,NA,NA,Yes,NA,NA,NA,3,NA,NA,NA,7,NA,NA,NA,7,NA,NA,NA,3,NA,NA,NA,1,NA,NA,NA,7,NA,NA,NA,1,NA,NA,NA,7,NA,NA,NA,1,NA,NA,NA,0,NA,NA,NA,4,NA,NA,NA,0,NA,NA,NA,0,NA,NA,NA,No,NA,NA,NA,Yes,NA,NA,NA,No,NA,NA,NA,Very True,NA,NA,NA,Mostly True,NA,NA,NA,Yes,NA,NA,NA,10,NA,NA,NA
A9489,39,9/9/2019 12:06,11/18/2019 11:25,Complete,Austin,NA,Group 1,Parent-Child Education Program,NA,1,1,1,1,1,1,0,1,1,1,1,0,1,1,1,1,0,0,1,1,1,1,1,1,0,1,1,1,1,0,1,0,1,0,0,1,0,0,0,1,1,1,1,0,0,31,NA,1,NA,NA,NA,NA,NA,NA,NA,NA,29,NA,NA,NA,NA,NA,NA,NA,No,NA,NA,NA,Yes,NA,NA,NA,5,NA,NA,NA,7,NA,NA,NA,7,NA,NA,NA,5,NA,NA,NA,1,NA,NA,NA,7,NA,NA,NA,2,NA,NA,NA,7,NA,NA,NA,1,NA,NA,NA,0,NA,NA,NA,15,NA,NA,NA,0,NA,NA,NA,0,NA,NA,NA,No,NA,NA,NA,Yes,NA,NA,NA,No,NA,NA,NA,Mostly True,NA,NA,NA,Somewhat True,NA,NA,NA,Yes,NA,NA,NA,9,NA,NA,NA
A3655,115,9/12/2019 11:56,9/12/2019 12:34,Complete,Austin,NA,Group 4,Parent-Child Education Program,NA,0,1,1,0,1,0,0,0,1,1,1,0,0,0,1,0,1,0,1,0,0,0,0,1,0,0,1,1,1,0,0,1,0,1,0,0,0,1,1,1,0,1,1,0,1,21,NA,1,NA,NA,NA,NA,NA,NA,NA,NA,12,NA,NA,NA,NA,NA,NA,NA,Yes,NA,NA,NA,Yes,NA,NA,NA,4,NA,NA,NA,3,NA,NA,NA,7,NA,NA,NA,3,NA,NA,NA,1,NA,NA,NA,6,NA,NA,NA,1,NA,NA,NA,7,NA,NA,NA,1,NA,NA,NA,0,NA,NA,NA,1,NA,NA,NA,0,NA,NA,NA,0,NA,NA,NA,No,NA,NA,NA,Yes,NA,NA,NA,No,NA,NA,NA,Very True,NA,NA,NA,Not at all True,NA,NA,NA,Yes,NA,NA,NA,1,NA,NA,NA
A7933,174,9/16/2019 11:54,9/16/2019 12:25,Complete,Austin,NA,Group 1,Parent-Child Education Program,NA,0,1,1,0,0,1,1,0,1,1,1,0,1,0,0,0,0,1,1,0,1,0,0,1,1,1,0,0,0,1,0,0,0,1,0,1,1,0,0,0,0,0,0,0,0,18,NA,1,NA,NA,NA,NA,NA,NA,NA,NA,16,NA,NA,NA,NA,NA,NA,NA,No,NA,NA,NA,Yes,NA,NA,NA,5,NA,NA,NA,3,NA,NA,NA,5,NA,NA,NA,7,NA,NA,NA,2,NA,NA,NA,6,NA,NA,NA,4,NA,NA,NA,7,NA,NA,NA,1,NA,NA,NA,0,NA,NA,NA,5,NA,NA,NA,0,NA,NA,NA,0,NA,NA,NA,No,NA,NA,NA,Yes,NA,NA,NA,Yes,NA,NA,NA,Mostly True,NA,NA,NA,Somewhat True,NA,NA,NA,Yes,NA,NA,NA,5,NA,NA,NA
A3837,68,9/10/2019 11:50,9/10/2019 12:20,Complete,Austin,NA,Group 2,Parent-Child Education Program,NA,1,1,1,1,1,0,1,0,0,1,1,0,1,1,1,1,0,0,1,1,1,1,1,1,1,1,1,1,1,0,1,1,1,1,0,0,0,1,0,1,1,1,1,0,0,32,NA,1,NA,NA,NA,NA,NA,NA,NA,NA,34,NA,NA,NA,NA,NA,NA,NA,Yes,NA,NA,NA,Yes,NA,NA,NA,7,NA,NA,NA,7,NA,NA,NA,7,NA,NA,NA,6,NA,NA,NA,1,NA,NA,NA,7,NA,NA,NA,4,NA,NA,NA,7,NA,NA,NA,1,NA,NA,NA,4,NA,NA,NA,25+,NA,NA,NA,5,NA,NA,NA,0,NA,NA,NA,No,NA,NA,NA,Yes,NA,NA,NA,Yes,NA,NA,NA,Mostly True,NA,NA,NA,Somewhat True,NA,NA,NA,No,NA,NA,NA,25+,NA,NA,NA
A6788,674,1/30/2020 9:53,1/30/2020 10:25,Complete,Austin,NA,Group 4,Parent-Child Education Program,NA,0,0,1,1,1,1,1,0,1,0,0,0,0,0,1,1,1,0,1,1,1,1,1,1,1,0,0,1,1,1,1,0,1,1,0,0,1,1,1,1,0,0,0,0,1,27,"[Invalid question ID: ""2"". Check your merge code.]",1,NA,NA,NA,NA,NA,NA,NA,NA,13,NA,NA,NA,NA,NA,NA,NA,Yes,NA,NA,NA,Yes,NA,NA,NA,7,NA,NA,NA,5,NA,NA,NA,7,NA,NA,NA,5,NA,NA,NA,1,NA,NA,NA,7,NA,NA,NA,1,NA,NA,NA,7,NA,NA,NA,1,NA,NA,NA,0,NA,NA,NA,10,NA,NA,NA,1,NA,NA,NA,0,NA,NA,NA,No,NA,NA,NA,Yes,NA,NA,NA,Yes,NA,NA,NA,Mostly True,NA,NA,NA,Mostly True,NA,NA,NA,Yes,NA,NA,NA,20,NA,NA,NA
A7452,152,9/13/2019 11:56,9/13/2019 12:31,Complete,Austin,NA,Group 5,Parent-Child Education Program,NA,1,1,1,1,1,1,1,0,1,1,0,0,0,0,0,1,0,0,0,1,1,1,1,1,1,1,0,0,1,1,1,0,0,0,0,1,1,0,1,0,1,0,1,0,0,25,NA,1,NA,NA,NA,NA,NA,NA,NA,NA,10,NA,NA,NA,NA,NA,NA,NA,Yes,NA,NA,NA,Yes,NA,NA,NA,3,NA,NA,NA,3,NA,NA,NA,5,NA,NA,NA,1,NA,NA,NA,1,NA,NA,NA,5,NA,NA,NA,1,NA,NA,NA,7,NA,NA,NA,1,NA,NA,NA,0,NA,NA,NA,0,NA,NA,NA,0,NA,NA,NA,0,NA,NA,NA,No,NA,NA,NA,Yes,NA,NA,NA,Yes,NA,NA,NA,Somewhat True,NA,NA,NA,Somewhat True,NA,NA,NA,Yes,NA,NA,NA,25+,NA,NA,NA
A9768,52,9/9/2019 12:07,9/9/2019 12:39,Complete,Austin,NA,Group 1,Parent-Child Education Program,NA,0,1,1,1,1,0,0,0,0,0,0,1,0,0,0,0,0,0,0,0,0,1,1,0,0,0,0,0,1,0,0,0,0,1,0,1,1,1,0,1,0,1,0,0,1,15,NA,1,NA,NA,NA,NA,NA,NA,NA,NA,36,NA,NA,NA,NA,NA,NA,NA,No,NA,NA,NA,No,NA,NA,NA,1,NA,NA,NA,1,NA,NA,NA,7,NA,NA,NA,1,NA,NA,NA,3,NA,NA,NA,7,NA,NA,NA,5,NA,NA,NA,2,NA,NA,NA,1,NA,NA,NA,0,NA,NA,NA,0,NA,NA,NA,0,NA,NA,NA,0,NA,NA,NA,No,NA,NA,NA,Yes,NA,NA,NA,Yes,NA,NA,NA,Very True,NA,NA,NA,Mostly Not True,NA,NA,NA,Yes,NA,NA,NA,2,NA,NA,NA
A4558,444,12/12/2019 10:51,12/12/2019 11:19,Complete,Austin,NA,Group 4,Parent-Child Education Program,NA,1,1,1,1,1,1,0,1,1,1,1,0,1,1,1,1,0,0,1,1,1,1,1,1,1,1,0,1,1,0,1,0,0,1,0,1,1,1,0,0,0,1,1,1,1,33,"[Invalid question ID: ""2"". Check your merge code.]",2,NA,NA,NA,NA,NA,NA,NA,NA,35,9,NA,NA,NA,NA,NA,NA,Yes,Yes,NA,NA,Yes,Yes,NA,NA,7,7,NA,NA,5,4,NA,NA,7,7,NA,NA,5,5,NA,NA,1,1,NA,NA,6,7,NA,NA,4,1,NA,NA,7,7,NA,NA,2,1,NA,NA,10,15,NA,NA,10,10,NA,NA,3,3,NA,NA,0,0,NA,NA,Yes,No,NA,NA,Yes,Yes,NA,NA,Yes,Yes,NA,NA,Mostly True,Mostly True,NA,NA,Mostly True,Mostly True,NA,NA,Yes,Yes,NA,NA,25+,25+,NA,NA
A7686,71,9/10/2019 11:54,9/10/2019 12:27,Complete,Austin,NA,Group 2,Parent-Child Education Program,NA,1,0,1,1,1,1,1,0,1,1,1,0,0,1,1,1,1,0,1,1,1,1,1,1,1,1,1,1,0,0,1,0,0,1,0,0,1,1,1,0,1,1,0,0,1,31,NA,1,NA,NA,NA,NA,NA,NA,NA,NA,25,NA,NA,NA,NA,NA,NA,NA,Yes,NA,NA,NA,Yes,NA,NA,NA,4,NA,NA,NA,6,NA,NA,NA,7,NA,NA,NA,3,NA,NA,NA,1,NA,NA,NA,6,NA,NA,NA,3,NA,NA,NA,7,NA,NA,NA,7,NA,NA,NA,1,NA,NA,NA,4,NA,NA,NA,5,NA,NA,NA,0,NA,NA,NA,No,NA,NA,NA,Yes,NA,NA,NA,Yes,NA,NA,NA,Mostly True,NA,NA,NA,Somewhat True,NA,NA,NA,Yes,NA,NA,NA,10,NA,NA,NA
A7354,58,9/10/2019 11:50,9/10/2019 12:14,Complete,Austin,NA,Group 2,Parent-Child Education Program,NA,1,1,1,0,1,1,1,0,0,1,1,0,1,1,1,1,0,1,0,1,1,1,1,1,0,0,1,1,1,0,1,0,0,0,0,0,1,1,1,0,1,1,0,0,1,28,NA,1,NA,NA,NA,NA,NA,NA,NA,NA,24,NA,NA,NA,NA,NA,NA,NA,Yes,NA,NA,NA,Yes,NA,NA,NA,3,NA,NA,NA,3,NA,NA,NA,3,NA,NA,NA,3,NA,NA,NA,1,NA,NA,NA,7,NA,NA,NA,2,NA,NA,NA,7,NA,NA,NA,5,NA,NA,NA,0,NA,NA,NA,3,NA,NA,NA,0,NA,NA,NA,0,NA,NA,NA,Yes,NA,NA,NA,Yes,NA,NA,NA,Yes,NA,NA,NA,Mostly True,NA,NA,NA,Somewhat True,NA,NA,NA,Yes,NA,NA,NA,25+,NA,NA,NA
A4676,185,9/17/2019 10:22,9/17/2019 12:10,Complete,Austin,NA,Group 2,Parent-Child Education Program,NA,1,1,1,1,1,0,0,0,0,1,0,0,0,1,1,0,1,0,1,1,0,1,0,0,1,1,0,0,1,0,1,1,0,0,0,1,1,1,1,0,0,0,0,1,1,23,NA,1,NA,NA,NA,NA,NA,NA,NA,NA,3,NA,NA,NA,NA,NA,NA,NA,Yes,NA,NA,NA,Yes,NA,NA,NA,3,NA,NA,NA,1,NA,NA,NA,7,NA,NA,NA,1,NA,NA,NA,1,NA,NA,NA,1,NA,NA,NA,1,NA,NA,NA,1,NA,NA,NA,1,NA,NA,NA,0,NA,NA,NA,0,NA,NA,NA,0,NA,NA,NA,0,NA,NA,NA,No,NA,NA,NA,Yes,NA,NA,NA,No,NA,NA,NA,Somewhat True,NA,NA,NA,Somewhat True,NA,NA,NA,No,NA,NA,NA,2,NA,NA,NA
A9384,439,12/10/2019 10:47,12/10/2019 11:15,Complete,Austin,NA,Group 2,Parent-Child Education Program,NA,1,1,1,0,1,1,1,0,1,1,1,0,1,1,1,1,0,0,1,1,1,1,1,1,1,1,0,1,1,0,1,1,0,1,0,0,1,1,1,0,1,1,1,1,0,33,"[Invalid question ID: ""2"". Check your merge code.]",1,NA,NA,NA,NA,NA,NA,NA,NA,15,NA,NA,NA,NA,NA,NA,NA,Yes,NA,NA,NA,Yes,NA,NA,NA,5,NA,NA,NA,5,NA,NA,NA,6,NA,NA,NA,5,NA,NA,NA,2,NA,NA,NA,7,NA,NA,NA,1,NA,NA,NA,7,NA,NA,NA,1,NA,NA,NA,3,NA,NA,NA,5,NA,NA,NA,4,NA,NA,NA,0,NA,NA,NA,No,NA,NA,NA,Yes,NA,NA,NA,Yes,NA,NA,NA,Somewhat True,NA,NA,NA,Mostly True,NA,NA,NA,No,NA,NA,NA,9,NA,NA,NA
A1575,119,9/12/2019 11:56,9/12/2019 12:23,Complete,Austin,NA,Group 4,Parent-Child Education Program,NA,0,0,1,1,1,0,0,1,1,1,1,0,0,1,1,1,1,0,1,1,1,0,0,1,0,1,1,0,1,0,0,0,0,0,0,1,1,1,1,1,1,1,1,0,1,27,NA,1,NA,NA,NA,NA,NA,NA,NA,NA,7 meses,NA,NA,NA,NA,NA,NA,NA,Yes,NA,NA,NA,No,NA,NA,NA,3,NA,NA,NA,3,NA,NA,NA,7,NA,NA,NA,7,NA,NA,NA,1,NA,NA,NA,7,NA,NA,NA,1,NA,NA,NA,7,NA,NA,NA,1,NA,NA,NA,0,NA,NA,NA,3,NA,NA,NA,0,NA,NA,NA,0,NA,NA,NA,No,NA,NA,NA,Yes,NA,NA,NA,No,NA,NA,NA,Very True,NA,NA,NA,Not at all True,NA,NA,NA,No,NA,NA,NA,5,NA,NA,NA
A4798,102,9/11/2019 11:43,9/11/2019 12:25,Complete,Austin,NA,Group 3,Parent-Child Education Program,NA,1,0,0,1,1,1,1,0,0,1,1,0,1,0,1,1,1,1,1,1,1,1,1,1,1,0,1,1,1,0,1,1,0,1,1,1,1,0,1,0,1,1,1,1,1,34,NA,2,NA,NA,NA,NA,NA,NA,NA,NA,3años 1 mes,37,NA,NA,NA,NA,NA,NA,Yes,Yes,NA,NA,Yes,Yes,NA,NA,3,1,NA,NA,1,1,NA,NA,1,2,NA,NA,1,1,NA,NA,1,2,NA,NA,4,4,NA,NA,1,3,NA,NA,7,7,NA,NA,1,1,NA,NA,0,0,NA,NA,2,2,NA,NA,0,0,NA,NA,0,2,NA,NA,No,No,NA,NA,Yes,Yes,NA,NA,No,No,NA,NA,Mostly True,Very True,NA,NA,Mostly True,Mostly True,NA,NA,Yes,Yes,NA,NA,25+,25+,NA,NA
