UID,Response ID,Time Started,Date Submitted,Status,At what site are you enrolling in classes for AVANCE?,San Antonio Sites,Austin Sites,Dallas Sites,Houston Sites,Sonoma Sites,Which program are you enrolling in?,Other - Write In:Which program are you enrolling in?,The child's first and most important teacher is _________________.,...15,"When the amount of intelligence between birth and 17 years is measured, how much intelligence has developed by age 3?",...17,"By what age do morals, values, and attitudes begin shaping?",...19,A child begins to learn __________.,...21,Children begin to benefit from being told or read stories _________.,...23,A young child can be toilet trained when __________.,...25,What is the correct order of the different stages of writing?,...27,The best quick treatment for a burn is _________.,...29,A baby's cold and/or runny nose that never goes away may be caused by _______.,...31,The first thing that should be done if a child drinks/eats something that may be poisonous is _______.,...33,The best way to keep a baby from breaking something is to _______.,...35,"If a two-year-old doesn‚Äôt get his (her) way and has a temper tantrum, which of the following would be the best way to avoid future problems with tantrums?",...37,Select the most appropriate game for a one-year-old:,...39,Children grow best when _________.,...41,Children's play helps a child _________.,...43,A child's basic needs include which of the following?,...45,Competent behavior begins to appear in most children by what age?,...47,Which activity is not an example of eye-hand coordination?,...49,Giving a baby lots of praise and affection is _________.,...51,"Belonging, attention, and success are __________.",...53,Emotional needs are the need to‚Ä¶:People have different needs. Please select the circle that you think is the best match for each need listed below. Select ‚Äúnone of these‚Äù if you don‚Äôt think any of these are a good match. Choose ONLY ONE answer for each question.¬†,...55,Social needs are the need to‚Ä¶:People have different needs. Please select the circle that you think is the best match for each need listed below. Select ‚Äúnone of these‚Äù if you don‚Äôt think any of these are a good match. Choose ONLY ONE answer for each question.¬†,...57,Cognitive needs are the need to‚Ä¶:People have different needs. Please select the circle that you think is the best match for each need listed below. Select ‚Äúnone of these‚Äù if you don‚Äôt think any of these are a good match. Choose ONLY ONE answer for each question.¬†,...59,Physical needs are the need to‚Ä¶:People have different needs. Please select the circle that you think is the best match for each need listed below. Select ‚Äúnone of these‚Äù if you don‚Äôt think any of these are a good match. Choose ONLY ONE answer for each question.¬†,...61,What is phonological awareness?,...63,What is scaffolding?,...65,How can parents help develop their child‚Äôs language skills?,...67,"Babies understand only words they can say.:For the following statements please indicate whether you ‚Äúagree,‚Äù ‚Äúdisagree,‚Äù or are ‚Äúnot sure‚Äù for each of the following statements. Please only select ONE option for each statement.",...69,"If a nine-month-old wants a snack, you can give them nuts, popcorn or raisins.:For the following statements please indicate whether you ‚Äúagree,‚Äù ‚Äúdisagree,‚Äù or are ‚Äúnot sure‚Äù for each of the following statements. Please only select ONE option for each statement.",...71,"Babies cannot see clearly at birth.:For the following statements please indicate whether you ‚Äúagree,‚Äù ‚Äúdisagree,‚Äù or are ‚Äúnot sure‚Äù for each of the following statements. Please only select ONE option for each statement.",...73,"Putting a heavy blanket over a baby‚Äôs car seat or carrier is a good, safe way to help the baby sleep better.:For the following statements please indicate whether you ‚Äúagree,‚Äù ‚Äúdisagree,‚Äù or are ‚Äúnot sure‚Äù for each of the following statements. Please only select ONE option for each statement.",...75,"The baby‚Äôs personality (individuality) is set by 6 months of age.:For the following statements please indicate whether you ‚Äúagree,‚Äù ‚Äúdisagree,‚Äù or are ‚Äúnot sure‚Äù for each of the following statements. Please only select ONE option for each statement.",...77,"A child is using rules of speech even when he (she) speaks in an unusual or different way (like ‚ÄúI goed to town‚Äù or ‚ÄúWhat the dollie have?‚Äù).:For the following statements please indicate whether you ‚Äúagree,‚Äù ‚Äúdisagree,‚Äù or are ‚Äúnot sure‚Äù for each of the following statements. Please only select ONE option for each statement.",...79,"An infant may stop paying attention to what is going on around him (her) if there is too much noise or too many things to look at.:For the following statements please indicate whether you ‚Äúagree,‚Äù ‚Äúdisagree,‚Äù or are ‚Äúnot sure‚Äù for each of the following statements. Please only select ONE option for each statement.",...81,Most babies can sit independently on the floor without falling over by 3 months.,...83,"A baby of 6 months will respond to someone differently, depending on whether the person is ¬†happy, sad or upset. ¬†",...85,Infants are usually walking by about 12 months of age.,...87,Most infants are ready to be toilet trained by 12 months of age.,...89,A four-month-old lying on his (her) stomach can begin to lift his (her) head.,...91,Babbling (‚Äúa-bah-bah‚Äù or ‚Äúbup-bup‚Äù) begins around 2 months.,...93,"Children‚Äôs capacity for learning is pretty much set from birth and cannot be greatly increased or decreased by how parents interact with them.:The following are statements about what children can or cannot do, please mark whether you think the statement is ‚Äútrue‚Äù or ‚Äúfalse.‚Äù Mark ‚Äúnot sure‚Äù if you don‚Äôt know. Choose ONLY ONE answer for each question.",...95,"In terms of learning about language, children get an¬†equal benefit from hearing someone talk on TV¬†versus hearing a person in the same room talk to them.:The following are statements about what children can or cannot do, please mark whether you think the statement is ‚Äútrue‚Äù or ‚Äúfalse.‚Äù Mark ‚Äúnot sure‚Äù if you don‚Äôt know. Choose ONLY ONE answer for each question.",...97,"A child,¬†age six months or younger, who witnesses violence such as seeing his father hit his mother, will not suffer long-term effects from the experience because children that age have no long-term memory.:The following are statements about what children can or cannot do, please mark whether you think the statement is ‚Äútrue‚Äù or ‚Äúfalse.‚Äù Mark ‚Äúnot sure‚Äù if you don‚Äôt know. Choose ONLY ONE answer for each question.",...99,"Children who are regularly spanked are more likely to deal with their own anger by being physically aggressive.:The following are statements about what children can or cannot do, please mark whether you think the statement is ‚Äútrue‚Äù or ‚Äúfalse.‚Äù Mark ‚Äúnot sure‚Äù if you don‚Äôt know. Choose ONLY ONE answer for each question.",...101,"Alphabet knowledge is the best predictor of success in early reading.:The following are statements about what children can or cannot do, please mark whether you think the statement is ‚Äútrue‚Äù or ‚Äúfalse.‚Äù Mark ‚Äúnot sure‚Äù if you don‚Äôt know. Choose ONLY ONE answer for each question.",...103,Results - Absolute,New Hidden Value,How many children do you have 5 years and under participating in AVANCE?,Child's Name/1:First,Child's Name/2:First,Child's Name/3:,Child's Name/4:,Child's Name/5:,Child's Name/6:,Child's Name/7:,Child's Name/8:,Child's age in months/1:,Child's age in months/2:,Child's age in months/3:,Child's age in months/4:,Child's age in months/5:,Child's age in months/6:,Child's age in months/7:,Child's age in months/8:,"Did you or will you breastfeed?/1:For the child listed above, answer the following:","Did you or will you breastfeed?/2:For the child listed above, answer the following:","Did you or will you breastfeed?/3:For the child listed above, answer the following:","Did you or will you breastfeed?/4:For the child listed above, answer the following:","Did you or will you take prenatal vitamins?/1:For the child listed above, answer the following:","Did you or will you take prenatal vitamins?/2:For the child listed above, answer the following:","Did you or will you take prenatal vitamins?/3:For the child listed above, answer the following:","Did you or will you take prenatal vitamins?/4:For the child listed above, answer the following:",‚Ä¶read stories or show pictures?/1:How many days a week do you do the following with THIS child‚Ä¶,‚Ä¶read stories or show pictures?/2:How many days a week do you do the following with THIS child‚Ä¶,‚Ä¶read stories or show pictures?/3:How many days a week do you do the following with THIS child‚Ä¶,‚Ä¶read stories or show pictures?/4:How many days a week do you do the following with THIS child‚Ä¶,‚Ä¶count or use numbers?/1:How many days a week do you do the following with THIS child‚Ä¶,‚Ä¶count or use numbers?/2:How many days a week do you do the following with THIS child‚Ä¶,‚Ä¶count or use numbers?/3:How many days a week do you do the following with THIS child‚Ä¶,‚Ä¶count or use numbers?/4:How many days a week do you do the following with THIS child‚Ä¶,‚Ä¶have the opportunity to play?/1:How many days a week do you do the following with THIS child‚Ä¶,‚Ä¶have the opportunity to play?/2:How many days a week do you do the following with THIS child‚Ä¶,‚Ä¶have the opportunity to play?/3:How many days a week do you do the following with THIS child‚Ä¶,‚Ä¶have the opportunity to play?/4:How many days a week do you do the following with THIS child‚Ä¶,‚Ä¶play outside?/1:How many days a week do you do the following with THIS child‚Ä¶,‚Ä¶play outside?/2:How many days a week do you do the following with THIS child‚Ä¶,‚Ä¶play outside?/3:How many days a week do you do the following with THIS child‚Ä¶,‚Ä¶play outside?/4:How many days a week do you do the following with THIS child‚Ä¶,‚Ä¶eat fast food meals?/1:How many days per week does THIS child‚Ä¶,‚Ä¶eat fast food meals?/2:How many days per week does THIS child‚Ä¶,‚Ä¶eat fast food meals?/3:How many days per week does THIS child‚Ä¶,‚Ä¶eat fast food meals?/4:How many days per week does THIS child‚Ä¶,‚Ä¶eat fruits and/or vegetables?/1:How many days per week does THIS child‚Ä¶,‚Ä¶eat fruits and/or vegetables?/2:How many days per week does THIS child‚Ä¶,‚Ä¶eat fruits and/or vegetables?/3:How many days per week does THIS child‚Ä¶,‚Ä¶eat fruits and/or vegetables?/4:How many days per week does THIS child‚Ä¶,"‚Ä¶eat candies, cookies or sweets and/or drink soda or sweet juices?/1:How many days per week does THIS child‚Ä¶","‚Ä¶eat candies, cookies or sweets and/or drink soda or sweet juices?/2:How many days per week does THIS child‚Ä¶","‚Ä¶eat candies, cookies or sweets and/or drink soda or sweet juices?/3:How many days per week does THIS child‚Ä¶","‚Ä¶eat candies, cookies or sweets and/or drink soda or sweet juices?/4:How many days per week does THIS child‚Ä¶",‚Ä¶drink water?/1:How many days per week does THIS child‚Ä¶,‚Ä¶drink water?/2:How many days per week does THIS child‚Ä¶,‚Ä¶drink water?/3:How many days per week does THIS child‚Ä¶,‚Ä¶drink water?/4:How many days per week does THIS child‚Ä¶,How many days per week do you talk with your child‚Äôs teacher?/1:How many days per week does THIS child‚Ä¶,How many days per week do you talk with your child‚Äôs teacher?/2:How many days per week does THIS child‚Ä¶,How many days per week do you talk with your child‚Äôs teacher?/3:How many days per week does THIS child‚Ä¶,How many days per week do you talk with your child‚Äôs teacher?/4:How many days per week does THIS child‚Ä¶,"‚Ä¶take THIS child to the library?/1:In the past month, how many times did you‚Ä¶","‚Ä¶take THIS child to the library?/2:In the past month, how many times did you‚Ä¶","‚Ä¶take THIS child to the library?/3:In the past month, how many times did you‚Ä¶","‚Ä¶take THIS child to the library?/4:In the past month, how many times did you‚Ä¶","‚Ä¶take THIS child to a park or playground?	/1:In the past month, how many times did you‚Ä¶","‚Ä¶take THIS child to a park or playground?	/2:In the past month, how many times did you‚Ä¶","‚Ä¶take THIS child to a park or playground?	/3:In the past month, how many times did you‚Ä¶","‚Ä¶take THIS child to a park or playground?	/4:In the past month, how many times did you‚Ä¶","‚Ä¶take THIS child to a museum, festival, or cultural event?/1:In the past month, how many times did you‚Ä¶","‚Ä¶take THIS child to a museum, festival, or cultural event?/2:In the past month, how many times did you‚Ä¶","‚Ä¶take THIS child to a museum, festival, or cultural event?/3:In the past month, how many times did you‚Ä¶","‚Ä¶take THIS child to a museum, festival, or cultural event?/4:In the past month, how many times did you‚Ä¶","‚Ä¶help or volunteer in THIS child‚Äôs classroom (or school) or went on a field trip?/1:In the past month, how many times did you‚Ä¶","‚Ä¶help or volunteer in THIS child‚Äôs classroom (or school) or went on a field trip?/2:In the past month, how many times did you‚Ä¶","‚Ä¶help or volunteer in THIS child‚Äôs classroom (or school) or went on a field trip?/3:In the past month, how many times did you‚Ä¶","‚Ä¶help or volunteer in THIS child‚Äôs classroom (or school) or went on a field trip?/4:In the past month, how many times did you‚Ä¶",‚Ä¶spank?/1:Do you do the following to discipline THIS child?,‚Ä¶spank?/2:Do you do the following to discipline THIS child?,‚Ä¶spank?/3:Do you do the following to discipline THIS child?,‚Ä¶spank?/4:Do you do the following to discipline THIS child?,‚Ä¶talk to THIS child?/1:Do you do the following to discipline THIS child?,‚Ä¶talk to THIS child?/2:Do you do the following to discipline THIS child?,‚Ä¶talk to THIS child?/3:Do you do the following to discipline THIS child?,‚Ä¶talk to THIS child?/4:Do you do the following to discipline THIS child?,...send THIS child to their room or time out?/1:Do you do the following to discipline THIS child?,...send THIS child to their room or time out?/2:Do you do the following to discipline THIS child?,...send THIS child to their room or time out?/3:Do you do the following to discipline THIS child?,...send THIS child to their room or time out?/4:Do you do the following to discipline THIS child?,"I make sure that professionals understand my opinions about what services my child needs./1:When thinking about THIS child, how true are the following statements ?","I make sure that professionals understand my opinions about what services my child needs./2:When thinking about THIS child, how true are the following statements ?","I make sure that professionals understand my opinions about what services my child needs./3:When thinking about THIS child, how true are the following statements ?","I make sure that professionals understand my opinions about what services my child needs./4:When thinking about THIS child, how true are the following statements ?","When dealing with my child, I focus on the good things as well as the problems./1:When thinking about THIS child, how true are the following statements ?","When dealing with my child, I focus on the good things as well as the problems./2:When thinking about THIS child, how true are the following statements ?","When dealing with my child, I focus on the good things as well as the problems./3:When thinking about THIS child, how true are the following statements ?","When dealing with my child, I focus on the good things as well as the problems./4:When thinking about THIS child, how true are the following statements ?",Do you take THIS child to the dentist?/1,Do you take THIS child to the dentist?/2,Do you take THIS child to the dentist?/3,Do you take THIS child to the dentist?/4,Children's Books/1:About how many children‚Äôs books are there in your house?,Children's Books/2:About how many children‚Äôs books are there in your house?,Children's Books/3:About how many children‚Äôs books are there in your house?,Children's Books/4:About how many children‚Äôs books are there in your house?
A3188,13,2019-08-16T11:44:13Z,2019-08-16T12:20:40Z,Complete,Rio Grande Valley,NA,NA,NA,NA,NA,Parent-Child Education Program,NA,A.  AVANCE,0,B.  A little bit,0,B.  Age 3 years old,1,B.  When he/she learns to talk.,0,B.  Around 2 years of age.,0,B.  The child is big enough to wear underwear,0,B.  Scribbling ‚Äì Drawing ‚Äì linear scribbles ‚Äì letter like forms ‚Äì invented spelling ‚Äì conventional spelling,1,B.  Vaseline,0,A.  Going outside with wet or damp hair,0,C.  Call a poison control center and/or doctor,1,B.  Put away the breakable items,1,C.  Spank the child‚Äôs bottom,0,E.  Not sure,0,A.  They eat enough spinach and other vegetables,0,C.  Learn,1,"A.  Having toys, watching television, and going on vacation",0,A.  6 years of age,0,D.  A toddler holding a crayon with his hand,1,B.  Good for the baby,1,A.  Good for girls but not necessary/important for boys,0,‚Ä¶be around and interact with people,0,‚Ä¶use the mind to think,0,‚Ä¶be around and interact with people,0,‚Ä¶eat and rest,1,A.  The ability to detect the sounds in language without thinking about the meaning of what is said,1,C.  An adult supporting a child learn something new based on what they already can do or know,1,D.  Repeat words many times,0,Agree,0,Agree,0,Disagree,0,Disagree,1,Disagree,1,Disagree,0,Disagree,0,D.  Not sure,0,"B.  I disagree, a baby cannot distinguish the emotions of others",0,C.  I agree with this statement,1,"B.  I disagree, this usually occurs when they are younger, around 8 months of age",0,"B.  I disagree, this usually occurs when they are younger, around 1 month of age",0,D.  Not sure,0,Not sure,0,TRUE,0,TRUE,0,TRUE,1,TRUE,1,15,NA,1,NA,NA,NA,NA,NA,NA,NA,NA,35,NA,NA,NA,NA,NA,NA,NA,Yes,NA,NA,NA,Yes,NA,NA,NA,7,NA,NA,NA,3,NA,NA,NA,7,NA,NA,NA,3,NA,NA,NA,1,NA,NA,NA,2,NA,NA,NA,7,NA,NA,NA,7,NA,NA,NA,3,NA,NA,NA,1,NA,NA,NA,1,NA,NA,NA,0,NA,NA,NA,0,NA,NA,NA,Yes,NA,NA,NA,Yes,NA,NA,NA,Yes,NA,NA,NA,Somewhat True,NA,NA,NA,Somewhat True,NA,NA,NA,Yes,NA,NA,NA,5,NA,NA,NA
A1253,21,2019-08-30T10:49:06Z,2019-08-30T11:20:04Z,Complete,Rio Grande Valley,NA,NA,NA,NA,NA,Parent-Child Education Program,NA,"B.  Me, the parent or guardian",1,B.  A little bit,0,B.  Age 3 years old,1,B.  When he/she learns to talk.,0,A.  From birth.,1,B.  The child is big enough to wear underwear,0,C.  Linear scribbles ‚Äì letter like forms ‚Äì Scribbling ‚Äì drawing ‚Äì invented spelling - conventional spelling,0,D.  None of the above,0,A.  Going outside with wet or damp hair,0,C.  Call a poison control center and/or doctor,1,B.  Put away the breakable items,1,E.  Not sure,0,D.  Sorting things by shape and color,0,B.  Their basic needs are met,1,C.  Learn,1,D.  None of the above,0,B.  3 years of age,0,C.  A toddler holding a block in each hand and banging them together,0,C.  Neither good nor bad for the baby,0,D.  None of the above,0,‚Ä¶use the mind to think,0,‚Ä¶be around and interact with people,1,‚Ä¶use the mind to think,1,‚Ä¶eat and rest,1,A.  The ability to detect the sounds in language without thinking about the meaning of what is said,1,C.  An adult supporting a child learn something new based on what they already can do or know,1,A.  Read to their infant,0,Disagree,1,Disagree,1,Agree,1,Disagree,1,Not Sure,0,Not Sure,0,Agree,1,"B.  I disagree, this usually occurs when they are older, around 7 months of age",0,C.  I agree with this statement,1,C.  I agree with this statement,1,"A.  I disagree, this usually occurs when they are older, around 24 months of age",1,C.  I agree with this statement,1,C.  I agree with this statement,0,TRUE,0,FALSE,1,FALSE,1,TRUE,1,TRUE,1,26,NA,1,NA,NA,NA,NA,NA,NA,NA,NA,24,NA,NA,NA,NA,NA,NA,NA,Yes,NA,NA,NA,Yes,NA,NA,NA,7,NA,NA,NA,6,NA,NA,NA,7,NA,NA,NA,5,NA,NA,NA,2,NA,NA,NA,6,NA,NA,NA,1,NA,NA,NA,6,NA,NA,NA,1,NA,NA,NA,1,NA,NA,NA,0,NA,NA,NA,0,NA,NA,NA,0,NA,NA,NA,No,NA,NA,NA,Yes,NA,NA,NA,No,NA,NA,NA,Somewhat True,NA,NA,NA,Mostly True,NA,NA,NA,Yes,NA,NA,NA,10,NA,NA,NA
A9717,10,2019-08-16T09:55:51Z,2019-08-16T11:55:54Z,Complete,Rio Grande Valley,NA,NA,NA,NA,NA,Parent-Child Education Program,NA,"B.  Me, the parent or guardian",1,C.  Half,1,B.  Age 3 years old,1,B.  When he/she learns to talk.,0,B.  Around 2 years of age.,0,C.  The child is 1 year old,0,B.  Scribbling ‚Äì Drawing ‚Äì linear scribbles ‚Äì letter like forms ‚Äì invented spelling ‚Äì conventional spelling,1,B.  Vaseline,0,A.  Going outside with wet or damp hair,0,B.  Cause the child to vomit to remove the poison,0,B.  Put away the breakable items,1,E.  Not sure,0,D.  Sorting things by shape and color,0,B.  Their basic needs are met,1,C.  Learn,1,"B.  Emotional, cognitive, social, and physical needs",1,B.  3 years of age,0,B.  A preschooler shooting a ball into a basketball hoop,0,C.  Neither good nor bad for the baby,0,C.  Emotional needs,1,‚Ä¶feel loved and wanted,1,‚Ä¶use the mind to think,0,‚Ä¶be around and interact with people,0,‚Ä¶use the mind to think,0,B.  The ability to recognize letters in print,0,C.  An adult supporting a child learn something new based on what they already can do or know,1,C.  Point to items and say what they are so that infants hear the name of things,0,Agree,0,Disagree,1,Agree,1,Not Sure,0,Agree,0,Not Sure,0,Agree,1,"B.  I disagree, this usually occurs when they are older, around 7 months of age",0,"A.  I disagree, this usually happens when they are older, around 12 months of age",0,C.  I agree with this statement,1,C.  I agree with this statement,0,"A.  I disagree, this usually occurs when they are older, around 6 months of age",0,"A.  I disagree, this usually occurs when they are older, around 9 months of age",0,TRUE,0,Not sure,0,FALSE,1,Not sure,0,TRUE,1,18,NA,1,NA,NA,NA,NA,NA,NA,NA,NA,2 years,NA,NA,NA,NA,NA,NA,NA,Yes,NA,NA,NA,No,NA,NA,NA,2,NA,NA,NA,4,NA,NA,NA,7,NA,NA,NA,4,NA,NA,NA,1,NA,NA,NA,3,NA,NA,NA,3,NA,NA,NA,3,NA,NA,NA,1,NA,NA,NA,0,NA,NA,NA,3,NA,NA,NA,0,NA,NA,NA,0,NA,NA,NA,Yes,NA,NA,NA,Yes,NA,NA,NA,Yes,NA,NA,NA,Mostly True,NA,NA,NA,Very True,NA,NA,NA,Yes,NA,NA,NA,1,NA,NA,NA
A4748,9,2019-08-16T11:17:21Z,2019-08-16T11:40:37Z,Complete,Rio Grande Valley,NA,NA,NA,NA,NA,Parent-Child Education Program,NA,"B.  Me, the parent or guardian",1,C.  Half,1,C.  Age 6 years old,0,B.  When he/she learns to talk.,0,B.  Around 2 years of age.,0,A.  There is muscle control and language,1,B.  Scribbling ‚Äì Drawing ‚Äì linear scribbles ‚Äì letter like forms ‚Äì invented spelling ‚Äì conventional spelling,1,A.  Butter,0,B.  An allergy,1,A.  Give the child milk to neutralize the poison,0,A.  Teach them not to break things,0,B.  Ignore the temper tantrum,1,C.  Rolling a ball back and forth with an adult,1,A.  They eat enough spinach and other vegetables,0,D.  None of the above,0,"B.  Emotional, cognitive, social, and physical needs",1,C.  15 months of age,1,B.  A preschooler shooting a ball into a basketball hoop,0,B.  Good for the baby,1,D.  None of the above,0,‚Ä¶feel loved and wanted,1,‚Ä¶be around and interact with people,1,‚Ä¶use the mind to think,1,‚Ä¶feel loved and wanted,0,A.  The ability to detect the sounds in language without thinking about the meaning of what is said,1,C.  An adult supporting a child learn something new based on what they already can do or know,1,E.  All of the above,1,Disagree,1,Disagree,1,Agree,1,Not Sure,0,Not Sure,0,Agree,1,Agree,1,C.  I agree with this statement,1,C.  I agree with this statement,1,C.  I agree with this statement,1,C.  I agree with this statement,0,C.  I agree with this statement,1,C.  I agree with this statement,0,TRUE,0,TRUE,0,Not sure,0,TRUE,1,TRUE,1,27,NA,1,NA,NA,NA,NA,NA,NA,NA,NA,32,NA,NA,NA,NA,NA,NA,NA,Yes,NA,NA,NA,Yes,NA,NA,NA,5,NA,NA,NA,7,NA,NA,NA,6,NA,NA,NA,1,NA,NA,NA,3,NA,NA,NA,4,NA,NA,NA,2,NA,NA,NA,5,NA,NA,NA,5,NA,NA,NA,0,NA,NA,NA,3,NA,NA,NA,0,NA,NA,NA,0,NA,NA,NA,Yes,NA,NA,NA,Yes,NA,NA,NA,Yes,NA,NA,NA,Somewhat True,NA,NA,NA,Very True,NA,NA,NA,Yes,NA,NA,NA,25+,NA,NA,NA
A9467,14,2019-08-16T11:49:10Z,2019-08-16T12:33:41Z,Complete,Rio Grande Valley,NA,NA,NA,NA,NA,Fatherhood Program,NA,"B.  Me, the parent or guardian",1,C.  Half,1,B.  Age 3 years old,1,A.  Before he/she is born.,1,C.  When they enter kindergarten.,0,B.  The child is big enough to wear underwear,0,A.  Drawing ‚Äì scribbling ‚Äì linear scribbles ‚Äì letter like forms ‚Äì conventional spelling ‚Äì invented    spelling,0,C.  Cool water,1,B.  An allergy,1,C.  Call a poison control center and/or doctor,1,B.  Put away the breakable items,1,D.  Reason with the child since he can think logically,0,D.  Sorting things by shape and color,0,B.  Their basic needs are met,1,C.  Learn,1,"B.  Emotional, cognitive, social, and physical needs",1,C.  15 months of age,1,B.  A preschooler shooting a ball into a basketball hoop,0,C.  Neither good nor bad for the baby,0,C.  Emotional needs,1,‚Ä¶feel loved and wanted,1,‚Ä¶be around and interact with people,1,‚Ä¶use the mind to think,1,‚Ä¶eat and rest,1,A.  The ability to detect the sounds in language without thinking about the meaning of what is said,1,C.  An adult supporting a child learn something new based on what they already can do or know,1,C.  Point to items and say what they are so that infants hear the name of things,0,Disagree,1,Not Sure,0,Not Sure,0,Not Sure,0,Agree,0,Not Sure,0,Agree,1,C.  I agree with this statement,1,C.  I agree with this statement,1,C.  I agree with this statement,1,C.  I agree with this statement,0,C.  I agree with this statement,1,C.  I agree with this statement,0,TRUE,0,FALSE,1,FALSE,1,TRUE,1,TRUE,1,30,NA,1,NA,NA,NA,NA,NA,NA,NA,NA,21,NA,NA,NA,NA,NA,NA,NA,No,NA,NA,NA,No,NA,NA,NA,4,NA,NA,NA,4,NA,NA,NA,7,NA,NA,NA,2,NA,NA,NA,1,NA,NA,NA,7,NA,NA,NA,3,NA,NA,NA,7,NA,NA,NA,5,NA,NA,NA,0,NA,NA,NA,2,NA,NA,NA,1,NA,NA,NA,0,NA,NA,NA,No,NA,NA,NA,Yes,NA,NA,NA,No,NA,NA,NA,Mostly True,NA,NA,NA,Very True,NA,NA,NA,Yes,NA,NA,NA,2,NA,NA,NA
A2484,12,2019-08-16T11:39:50Z,2019-08-16T11:53:37Z,Complete,Rio Grande Valley,NA,NA,NA,NA,NA,Parent-Child Education Program,NA,"B.  Me, the parent or guardian",1,C.  Half,1,D.  None of the above,0,A.  Before he/she is born.,1,A.  From birth.,1,C.  The child is 1 year old,0,B.  Scribbling ‚Äì Drawing ‚Äì linear scribbles ‚Äì letter like forms ‚Äì invented spelling ‚Äì conventional spelling,1,C.  Cool water,1,A.  Going outside with wet or damp hair,0,C.  Call a poison control center and/or doctor,1,A.  Teach them not to break things,0,D.  Reason with the child since he can think logically,0,C.  Rolling a ball back and forth with an adult,1,B.  Their basic needs are met,1,A.  Keep busy,0,"B.  Emotional, cognitive, social, and physical needs",1,C.  15 months of age,1,B.  A preschooler shooting a ball into a basketball hoop,0,C.  Neither good nor bad for the baby,0,D.  None of the above,0,‚Ä¶feel loved and wanted,1,‚Ä¶be around and interact with people,1,‚Ä¶use the mind to think,1,‚Ä¶eat and rest,1,A.  The ability to detect the sounds in language without thinking about the meaning of what is said,1,C.  An adult supporting a child learn something new based on what they already can do or know,1,C.  Point to items and say what they are so that infants hear the name of things,0,Disagree,1,Disagree,1,Disagree,0,Disagree,1,Not Sure,0,Not Sure,0,Not Sure,0,"A.  I disagree, this usually occurs when they are older, around 12 months of age",0,"B.  I disagree, a baby cannot distinguish the emotions of others",0,C.  I agree with this statement,1,D.  Not sure,0,C.  I agree with this statement,1,C.  I agree with this statement,0,TRUE,0,TRUE,0,TRUE,0,FALSE,0,FALSE,0,22,NA,0,NA,NA,NA,NA,NA,NA,NA,NA,NA,NA,NA,NA,NA,NA,NA,NA,NA,NA,NA,NA,NA,NA,NA,NA,NA,NA,NA,NA,NA,NA,NA,NA,NA,NA,NA,NA,NA,NA,NA,NA,NA,NA,NA,NA,NA,NA,NA,NA,NA,NA,NA,NA,NA,NA,NA,NA,NA,NA,NA,NA,NA,NA,NA,NA,NA,NA,NA,NA,NA,NA,NA,NA,NA,NA,NA,NA,NA,NA,NA,NA,NA,NA,NA,NA,NA,NA,NA,NA,NA,NA,NA,NA,NA,NA,NA,NA,NA,NA,NA,NA,NA,NA,NA,NA
A3251,134,2019-09-13T08:53:13Z,2019-09-13T11:11:45Z,Complete,Rio Grande Valley,NA,NA,NA,NA,NA,Parent-Child Education Program,NA,"B.  Me, the parent or guardian",1,B.  A little bit,0,B.  Age 3 years old,1,A.  Before he/she is born.,1,A.  From birth.,1,C.  The child is 1 year old,0,C.  Linear scribbles ‚Äì letter like forms ‚Äì Scribbling ‚Äì drawing ‚Äì invented spelling - conventional spelling,0,D.  None of the above,0,B.  An allergy,1,C.  Call a poison control center and/or doctor,1,B.  Put away the breakable items,1,D.  Reason with the child since he can think logically,0,C.  Rolling a ball back and forth with an adult,1,B.  Their basic needs are met,1,C.  Learn,1,"B.  Emotional, cognitive, social, and physical needs",1,D.  None of the above,0,C.  A toddler holding a block in each hand and banging them together,0,C.  Neither good nor bad for the baby,0,C.  Emotional needs,1,‚Ä¶feel loved and wanted,1,‚Ä¶use the mind to think,0,‚Ä¶be around and interact with people,0,‚Ä¶be around and interact with people,0,A.  The ability to detect the sounds in language without thinking about the meaning of what is said,1,C.  An adult supporting a child learn something new based on what they already can do or know,1,E.  All of the above,1,Agree,0,Disagree,1,Agree,1,Agree,0,Disagree,1,Agree,1,Agree,1,C.  I agree with this statement,1,"B.  I disagree, a baby cannot distinguish the emotions of others",0,C.  I agree with this statement,1,C.  I agree with this statement,0,C.  I agree with this statement,1,C.  I agree with this statement,0,TRUE,0,TRUE,0,TRUE,0,FALSE,0,TRUE,1,25,NA,1,NA,NA,NA,NA,NA,NA,NA,NA,24,NA,NA,NA,NA,NA,NA,NA,No,NA,NA,NA,Yes,NA,NA,NA,6,NA,NA,NA,2,NA,NA,NA,3,NA,NA,NA,7,NA,NA,NA,1,NA,NA,NA,6,NA,NA,NA,4,NA,NA,NA,7,NA,NA,NA,1,NA,NA,NA,0,NA,NA,NA,5,NA,NA,NA,0,NA,NA,NA,0,NA,NA,NA,No,NA,NA,NA,Yes,NA,NA,NA,Yes,NA,NA,NA,Very True,NA,NA,NA,Very True,NA,NA,NA,Yes,NA,NA,NA,2,NA,NA,NA
A9367,22,2019-08-30T10:50:12Z,2019-08-30T11:10:25Z,Complete,Rio Grande Valley,NA,NA,NA,NA,NA,Parent-Child Education Program,NA,"B.  Me, the parent or guardian",1,C.  Half,1,B.  Age 3 years old,1,A.  Before he/she is born.,1,A.  From birth.,1,A.  There is muscle control and language,1,B.  Scribbling ‚Äì Drawing ‚Äì linear scribbles ‚Äì letter like forms ‚Äì invented spelling ‚Äì conventional spelling,1,C.  Cool water,1,D.  None of the above,0,C.  Call a poison control center and/or doctor,1,B.  Put away the breakable items,1,D.  Reason with the child since he can think logically,0,A.  Stringing small beads,0,B.  Their basic needs are met,1,C.  Learn,1,"B.  Emotional, cognitive, social, and physical needs",1,B.  3 years of age,0,A.  An infant clapping his hands together,0,B.  Good for the baby,1,C.  Emotional needs,1,‚Ä¶feel loved and wanted,1,‚Ä¶be around and interact with people,1,‚Ä¶use the mind to think,1,‚Ä¶eat and rest,1,A.  The ability to detect the sounds in language without thinking about the meaning of what is said,1,C.  An adult supporting a child learn something new based on what they already can do or know,1,E.  All of the above,1,Disagree,1,Disagree,1,Disagree,0,Disagree,1,Agree,0,Not Sure,0,Disagree,0,"B.  I disagree, this usually occurs when they are older, around 7 months of age",0,C.  I agree with this statement,1,C.  I agree with this statement,1,"A.  I disagree, this usually occurs when they are older, around 24 months of age",1,C.  I agree with this statement,1,C.  I agree with this statement,0,FALSE,1,FALSE,1,FALSE,1,TRUE,1,TRUE,1,35,NA,1,NA,NA,NA,NA,NA,NA,NA,NA,29,NA,NA,NA,NA,NA,NA,NA,Yes,NA,NA,NA,Yes,NA,NA,NA,7,NA,NA,NA,7,NA,NA,NA,7,NA,NA,NA,7,NA,NA,NA,7,NA,NA,NA,7,NA,NA,NA,2,NA,NA,NA,7,NA,NA,NA,7,NA,NA,NA,8,NA,NA,NA,25+,NA,NA,NA,0,NA,NA,NA,4,NA,NA,NA,No,NA,NA,NA,Yes,NA,NA,NA,Yes,NA,NA,NA,Very True,NA,NA,NA,Very True,NA,NA,NA,Yes,NA,NA,NA,25+,NA,NA,NA
A8872,16,2019-08-16T11:54:34Z,2019-08-16T12:17:32Z,Complete,Rio Grande Valley,NA,NA,NA,NA,NA,Parent-Child Education Program,NA,A.  AVANCE,0,C.  Half,1,B.  Age 3 years old,1,B.  When he/she learns to talk.,0,A.  From birth.,1,D.  None of the above,0,A.  Drawing ‚Äì scribbling ‚Äì linear scribbles ‚Äì letter like forms ‚Äì conventional spelling ‚Äì invented    spelling,0,B.  Vaseline,0,A.  Going outside with wet or damp hair,0,C.  Call a poison control center and/or doctor,1,B.  Put away the breakable items,1,D.  Reason with the child since he can think logically,0,C.  Rolling a ball back and forth with an adult,1,A.  They eat enough spinach and other vegetables,0,C.  Learn,1,C.  Going to school and having friends,0,A.  6 years of age,0,C.  A toddler holding a block in each hand and banging them together,0,A.  Bad for the baby because you might spoil him,0,B.  Things we can do without,0,‚Ä¶use the mind to think,0,‚Ä¶eat and rest,0,‚Ä¶be around and interact with people,0,None of these,0,A.  The ability to detect the sounds in language without thinking about the meaning of what is said,1,B.  An adult giving a child the answers to a question,0,B.  Talk about things that their infant is looking at,0,Agree,0,Agree,0,Not Sure,0,Agree,0,Agree,0,Agree,1,Agree,1,"B.  I disagree, this usually occurs when they are older, around 7 months of age",0,"A.  I disagree, this usually happens when they are older, around 12 months of age",0,"A.  I disagree, this usually occurs when they are older, around 15 months of age",0,"A.  I disagree, this usually occurs when they are older, around 24 months of age",1,C.  I agree with this statement,1,"B.  I disagree, this usually occurs when they are older, around 4-5 months of age",1,TRUE,0,TRUE,0,FALSE,1,FALSE,0,TRUE,1,16,NA,1,NA,NA,NA,NA,NA,NA,NA,NA,34,NA,NA,NA,NA,NA,NA,NA,Yes,NA,NA,NA,Yes,NA,NA,NA,1,NA,NA,NA,2,NA,NA,NA,7,NA,NA,NA,7,NA,NA,NA,2,NA,NA,NA,7,NA,NA,NA,7,NA,NA,NA,7,NA,NA,NA,1,NA,NA,NA,0,NA,NA,NA,4,NA,NA,NA,0,NA,NA,NA,7,NA,NA,NA,No,NA,NA,NA,Yes,NA,NA,NA,Yes,NA,NA,NA,Mostly True,NA,NA,NA,Mostly True,NA,NA,NA,Yes,NA,NA,NA,25+,NA,NA,NA
A2515,11,2019-08-16T11:36:51Z,2019-08-16T12:08:30Z,Complete,Rio Grande Valley,NA,NA,NA,NA,NA,Parent-Child Education Program,NA,A.  AVANCE,0,B.  A little bit,0,B.  Age 3 years old,1,B.  When he/she learns to talk.,0,A.  From birth.,1,C.  The child is 1 year old,0,C.  Linear scribbles ‚Äì letter like forms ‚Äì Scribbling ‚Äì drawing ‚Äì invented spelling - conventional spelling,0,B.  Vaseline,0,B.  An allergy,1,B.  Cause the child to vomit to remove the poison,0,A.  Teach them not to break things,0,B.  Ignore the temper tantrum,1,D.  Sorting things by shape and color,0,B.  Their basic needs are met,1,C.  Learn,1,"B.  Emotional, cognitive, social, and physical needs",1,B.  3 years of age,0,C.  A toddler holding a block in each hand and banging them together,0,C.  Neither good nor bad for the baby,0,C.  Emotional needs,1,‚Ä¶feel loved and wanted,1,‚Ä¶feel loved and wanted,0,‚Ä¶feel loved and wanted,0,‚Ä¶eat and rest,1,A.  The ability to detect the sounds in language without thinking about the meaning of what is said,1,B.  An adult giving a child the answers to a question,0,C.  Point to items and say what they are so that infants hear the name of things,0,Disagree,1,Disagree,1,Agree,1,Disagree,1,Agree,0,Not Sure,0,Disagree,0,"B.  I disagree, this usually occurs when they are older, around 7 months of age",0,"B.  I disagree, a baby cannot distinguish the emotions of others",0,C.  I agree with this statement,1,"A.  I disagree, this usually occurs when they are older, around 24 months of age",1,"A.  I disagree, this usually occurs when they are older, around 6 months of age",0,"B.  I disagree, this usually occurs when they are older, around 4-5 months of age",1,TRUE,0,TRUE,0,TRUE,0,TRUE,1,TRUE,1,20,NA,2,NA,NA,NA,NA,NA,NA,NA,NA,18,30,NA,NA,NA,NA,NA,NA,Yes,Yes,NA,NA,No,No,NA,NA,3,6,NA,NA,3,6,NA,NA,4,6,NA,NA,4,5,NA,NA,7,4,NA,NA,4,5,NA,NA,6,4,NA,NA,7,6,NA,NA,7,6,NA,NA,10,9,NA,NA,5,6,NA,NA,5,5,NA,NA,0,5,NA,NA,No,No,NA,NA,Yes,Yes,NA,NA,Yes,Yes,NA,NA,Somewhat True,Somewhat True,NA,NA,Mostly True,Mostly True,NA,NA,Yes,Yes,NA,NA,20,20,NA,NA
A1187,15,2019-08-16T11:49:19Z,2019-11-14T15:47:35Z,Complete,Rio Grande Valley,NA,NA,NA,NA,NA,Parent-Child Education Program,NA,"B.  Me, the parent or guardian",1,C.  Half,1,D.  None of the above,0,A.  Before he/she is born.,1,A.  From birth.,1,C.  The child is 1 year old,0,A.  Drawing ‚Äì scribbling ‚Äì linear scribbles ‚Äì letter like forms ‚Äì conventional spelling ‚Äì invented    spelling,0,B.  Vaseline,0,B.  An allergy,1,C.  Call a poison control center and/or doctor,1,A.  Teach them not to break things,0,D.  Reason with the child since he can think logically,0,C.  Rolling a ball back and forth with an adult,1,B.  Their basic needs are met,1,C.  Learn,1,"B.  Emotional, cognitive, social, and physical needs",1,C.  15 months of age,1,B.  A preschooler shooting a ball into a basketball hoop,0,C.  Neither good nor bad for the baby,0,C.  Emotional needs,1,‚Ä¶feel loved and wanted,1,‚Ä¶be around and interact with people,1,‚Ä¶use the mind to think,1,‚Ä¶eat and rest,1,A.  The ability to detect the sounds in language without thinking about the meaning of what is said,1,C.  An adult supporting a child learn something new based on what they already can do or know,1,C.  Point to items and say what they are so that infants hear the name of things,0,Disagree,1,Not Sure,0,Agree,1,Disagree,1,Disagree,1,Not Sure,0,Agree,1,C.  I agree with this statement,1,C.  I agree with this statement,1,C.  I agree with this statement,1,"A.  I disagree, this usually occurs when they are older, around 24 months of age",1,C.  I agree with this statement,1,C.  I agree with this statement,0,TRUE,0,Not sure,0,FALSE,1,TRUE,1,TRUE,1,32,NA,1,NA,NA,NA,NA,NA,NA,NA,NA,22 meses,NA,NA,NA,NA,NA,NA,NA,Yes,NA,NA,NA,No,NA,NA,NA,6,NA,NA,NA,5,NA,NA,NA,7,NA,NA,NA,7,NA,NA,NA,2,NA,NA,NA,7,NA,NA,NA,4,NA,NA,NA,7,NA,NA,NA,3,NA,NA,NA,4,NA,NA,NA,6,NA,NA,NA,1,NA,NA,NA,5,NA,NA,NA,No,NA,NA,NA,Yes,NA,NA,NA,Yes,NA,NA,NA,Mostly True,NA,NA,NA,Very True,NA,NA,NA,Yes,NA,NA,NA,25+,NA,NA,NA
